generated_at,model_id,model_name_zh,research_artifact_id,lifecycle_replay_scope,test_order,test_stage,condition_test_id,condition_role_candidate,condition_rule,data_status,anomaly_exclusion_basis,unresolved_data_quality_candidate_count_in_sample,unresolved_data_quality_candidate_count_in_baseline,unresolved_data_quality_candidate_ids,exit_rule_id,formal_price_rule_status,profit_target_pct,exit_price_rule,entry_rule_id,buy_point_rule,source_signal_stock_days,source_unique_stocks,source_mature_signal_stock_days,accepted_trade_count,accepted_unique_stocks,suppressed_signal_count,suppressed_rate_pct,accepted_share_of_source_mature_pct,baseline_accepted_trade_count,accepted_trade_share_of_baseline_pct,source_signal_day_count,source_avg_signals_per_signal_day,accepted_signal_day_count,accepted_avg_trades_per_signal_day,research_trading_day_count,source_avg_signals_per_research_day,accepted_avg_trades_per_research_day,first_signal_date,last_signal_date,delta_vs_baseline_win_rate_pct,delta_vs_baseline_failure_rate_pct,delta_vs_baseline_avg_realized_return_pct,decision_hint,score_use,metric_surface_use,pdf_metric_readiness,advisory_status,approved_for_daily,production_change,promotion_readiness,promotion_blocker,mature_count,win_count,neutral_count,failure_count,same_day_unresolved_count,hard_stop_count,ma5_exit_count,win_rate_pct,neutral_rate_pct,failure_rate_pct,same_day_unresolved_rate_pct,hard_stop_rate_pct,ma5_exit_rate_pct,avg_d20_close_return_pct,median_d20_close_return_pct,avg_realized_return_pct,avg_win_realized_return_pct,avg_failure_realized_return_pct,avg_neutral_realized_return_pct,avg_realized_or_d20_days,avg_days_to_win,avg_days_to_failure
2026-07-13 01:01:37 Asia/Taipei,price_pullback_23ema,股價回檔模型,price_pullback_23ema_lifecycle_replay,trade_level_same_stock_active_position_suppressed,0,00_baseline,baseline_replay,baseline_anchor,production proxy replay only; no additional condition,available_point_in_time_research_frame,including_unresolved_anomaly_candidates_primary,1,1,2380_20260519_unadjusted_capital_reduction_resumption_gap,close_prev20_break_then_tp10_or_5ma_next_open,close_confirmed_candidate,10.0,next_open_after_profit_target_or_5ma_close_exit,signal_date_next_open,Buy next open only after the price_pullback_23ema production proxy signal; lifecycle replay suppresses later same-stock signals until the prior accepted trade exits.,271027,1966,271027,22217,1966,248810,91.8,8.2,22217,100.0,237,1143.57,237,93.74,279,971.42,79.63,20250610,20260608,0.0,0.0,0.0,baseline_trade_level_anchor,research_only_not_production_score,model_lane_research_metric_source_candidate_not_pdf_ready,blocked_until_formal_promotion_and_operation_adapter_contract,not_production_ready_research_only,False,none,blocked_pending_root_cause_anomaly_candidate_review,"requires explicit model-rule decision, lifecycle/operation adapter contract, exact parity, validators, PR merge, post-merge main validation, and PDF metric consumer contract before display",22217,3811,6093,12313,0,6013,2940,17.15,27.42,55.42,0.0,27.06,13.23,2.12,-0.42,1.35,18.49,-5.15,3.75,13.7,9.6,13.64
2026-07-13 01:01:37 Asia/Taipei,price_pullback_23ema,股價回檔模型,price_pullback_23ema_lifecycle_replay,trade_level_same_stock_active_position_suppressed,220,05_v1_candidate_stack,v1_gate_return20_tdcc_high,v1_required_gate_plus_chip_candidate,v1 draft: require return20_0_25 and large-holder TDCC high thresholds increased,research_only_v1_candidate_not_production,including_unresolved_anomaly_candidates_primary,1,1,2380_20260519_unadjusted_capital_reduction_resumption_gap,close_prev20_break_then_tp10_or_5ma_next_open,close_confirmed_candidate,10.0,next_open_after_profit_target_or_5ma_close_exit,signal_date_next_open,Buy next open only after the price_pullback_23ema production proxy signal; lifecycle replay suppresses later same-stock signals until the prior accepted trade exits.,7086,1047,7086,1631,1047,5455,76.98,23.02,22217,7.34,124,57.15,113,14.43,279,25.4,5.85,20251128,20260608,7.87,-13.18,1.93,gate_candidate_review,research_only_not_production_score,model_lane_research_metric_source_candidate_not_pdf_ready,blocked_until_formal_promotion_and_operation_adapter_contract,not_production_ready_research_only,False,none,blocked_pending_root_cause_anomaly_candidate_review,"requires explicit model-rule decision, lifecycle/operation adapter contract, exact parity, validators, PR merge, post-merge main validation, and PDF metric consumer contract before display",1631,408,534,689,0,233,462,25.02,32.74,42.24,0.0,14.29,28.33,3.93,1.02,3.28,18.86,-6.09,3.48,12.7,8.89,14.02
2026-07-13 01:01:37 Asia/Taipei,price_pullback_23ema,股價回檔模型,price_pullback_23ema_lifecycle_replay,trade_level_same_stock_active_position_suppressed,225,05_v1_candidate_stack,v1_gate_return20_tdcc_high_obv,v1_required_gate_plus_chip_and_technical_candidate,"v1 draft: require return20_0_25, large-holder TDCC high thresholds increased, and OBV above MA20",research_only_v1_candidate_not_production,including_unresolved_anomaly_candidates_primary,1,1,2380_20260519_unadjusted_capital_reduction_resumption_gap,close_prev20_break_then_tp10_or_5ma_next_open,close_confirmed_candidate,10.0,next_open_after_profit_target_or_5ma_close_exit,signal_date_next_open,Buy next open only after the price_pullback_23ema production proxy signal; lifecycle replay suppresses later same-stock signals until the prior accepted trade exits.,5047,842,5047,1276,842,3771,74.72,25.28,22217,5.74,124,40.7,111,11.5,279,18.09,4.57,20251128,20260608,8.56,-14.04,2.16,strong_gate_candidate_review,research_only_not_production_score,model_lane_research_metric_source_candidate_not_pdf_ready,blocked_until_formal_promotion_and_operation_adapter_contract,not_production_ready_research_only,False,none,blocked_pending_root_cause_anomaly_candidate_review,"requires explicit model-rule decision, lifecycle/operation adapter contract, exact parity, validators, PR merge, post-merge main validation, and PDF metric consumer contract before display",1276,328,420,528,0,145,411,25.71,32.92,41.38,0.0,11.36,32.21,4.12,1.03,3.51,18.56,-5.68,3.3,12.37,8.67,14.12
2026-07-13 01:01:37 Asia/Taipei,price_pullback_23ema,股價回檔模型,price_pullback_23ema_lifecycle_replay,trade_level_same_stock_active_position_suppressed,1000,06_candle_quality_reference,volume_red_k_vol1.2,buy_point_quality_reference_not_required_gate,bullish red K with volume_ratio_prev20 >= 1.2,computed_from_point_in_time_price_volume,including_unresolved_anomaly_candidates_primary,0,1,,close_prev20_break_then_tp10_or_5ma_next_open,close_confirmed_candidate,10.0,next_open_after_profit_target_or_5ma_close_exit,signal_date_next_open,Buy next open only after the price_pullback_23ema production proxy signal; lifecycle replay suppresses later same-stock signals until the prior accepted trade exits.,27348,1941,27348,11029,1941,16319,59.67,40.33,22217,49.64,237,115.39,237,46.54,279,98.02,39.53,20250610,20260608,-0.68,-2.45,-0.45,mixed_or_neutral_review,research_only_not_production_score,model_lane_research_metric_source_candidate_not_pdf_ready,blocked_until_formal_promotion_and_operation_adapter_contract,not_production_ready_research_only,False,none,blocked_exact_daily_row_parity_operation_adapter_and_metric_contract_required,"requires explicit model-rule decision, lifecycle/operation adapter contract, exact parity, validators, PR merge, post-merge main validation, and PDF metric consumer contract before display",11029,1817,3370,5842,0,1906,2728,16.47,30.56,52.97,0.0,17.28,24.73,1.4,-0.67,0.9,16.66,-5.26,3.08,13.5,9.03,14.47
2026-07-13 01:01:37 Asia/Taipei,price_pullback_23ema,股價回檔模型,price_pullback_23ema_lifecycle_replay,trade_level_same_stock_active_position_suppressed,1010,06_candle_quality_reference,solid_volume_red_k_vol1.2,buy_point_quality_reference_not_required_gate,solid red K with volume_ratio_prev20 >= 1.2,computed_from_point_in_time_price_volume,including_unresolved_anomaly_candidates_primary,0,1,,close_prev20_break_then_tp10_or_5ma_next_open,close_confirmed_candidate,10.0,next_open_after_profit_target_or_5ma_close_exit,signal_date_next_open,Buy next open only after the price_pullback_23ema production proxy signal; lifecycle replay suppresses later same-stock signals until the prior accepted trade exits.,14453,1891,14453,8024,1891,6429,44.48,55.52,22217,36.12,237,60.98,237,33.86,279,51.8,28.76,20250610,20260608,-1.17,-2.99,-0.52,mixed_or_neutral_review,research_only_not_production_score,model_lane_research_metric_source_candidate_not_pdf_ready,blocked_until_formal_promotion_and_operation_adapter_contract,not_production_ready_research_only,False,none,blocked_exact_daily_row_parity_operation_adapter_and_metric_contract_required,"requires explicit model-rule decision, lifecycle/operation adapter contract, exact parity, validators, PR merge, post-merge main validation, and PDF metric consumer contract before display",8024,1282,2535,4207,0,1210,2282,15.98,31.59,52.43,0.0,15.08,28.44,1.18,-0.65,0.83,16.35,-5.17,2.93,13.26,8.75,14.36
2026-07-13 01:01:37 Asia/Taipei,price_pullback_23ema,股價回檔模型,price_pullback_23ema_lifecycle_replay,trade_level_same_stock_active_position_suppressed,1020,06_candle_quality_reference,solid_volume_red_k_vol1.5,buy_point_quality_reference_not_required_gate,solid red K with volume_ratio_prev20 >= 1.5,computed_from_point_in_time_price_volume,including_unresolved_anomaly_candidates_primary,0,1,,close_prev20_break_then_tp10_or_5ma_next_open,close_confirmed_candidate,10.0,next_open_after_profit_target_or_5ma_close_exit,signal_date_next_open,Buy next open only after the price_pullback_23ema production proxy signal; lifecycle replay suppresses later same-stock signals until the prior accepted trade exits.,9267,1820,9267,6062,1820,3205,34.59,65.41,22217,27.29,237,39.1,237,25.58,279,33.22,21.73,20250610,20260608,-1.28,-2.83,-0.58,mixed_or_neutral_review,research_only_not_production_score,model_lane_research_metric_source_candidate_not_pdf_ready,blocked_until_formal_promotion_and_operation_adapter_contract,not_production_ready_research_only,False,none,blocked_exact_daily_row_parity_operation_adapter_and_metric_contract_required,"requires explicit model-rule decision, lifecycle/operation adapter contract, exact parity, validators, PR merge, post-merge main validation, and PDF metric consumer contract before display",6062,962,1912,3188,0,840,1978,15.87,31.54,52.59,0.0,13.86,32.63,1.12,-0.78,0.77,16.23,-5.08,2.74,12.72,8.5,13.81
2026-07-13 01:01:37 Asia/Taipei,price_pullback_23ema,股價回檔模型,price_pullback_23ema_lifecycle_replay,trade_level_same_stock_active_position_suppressed,0,00_baseline,baseline_replay,baseline_anchor,production proxy replay only; no additional condition,available_point_in_time_research_frame,excluding_unresolved_anomaly_candidates_sensitivity_only,1,1,2380_20260519_unadjusted_capital_reduction_resumption_gap,close_prev20_break_then_tp10_or_5ma_next_open,close_confirmed_candidate,10.0,next_open_after_profit_target_or_5ma_close_exit,signal_date_next_open,Buy next open only after the price_pullback_23ema production proxy signal; lifecycle replay suppresses later same-stock signals until the prior accepted trade exits.,271026,1966,271026,22216,1966,248810,91.8,8.2,22216,100.0,237,1143.57,237,93.74,279,971.42,79.63,20250610,20260608,0.0,0.0,0.0,baseline_trade_level_anchor,research_only_not_production_score,model_lane_research_metric_source_candidate_not_pdf_ready,blocked_until_formal_promotion_and_operation_adapter_contract,not_production_ready_research_only,False,none,blocked_exact_daily_row_parity_operation_adapter_and_metric_contract_required,"requires explicit model-rule decision, lifecycle/operation adapter contract, exact parity, validators, PR merge, post-merge main validation, and PDF metric consumer contract before display",22216,3810,6093,12313,0,6013,2940,17.15,27.43,55.42,0.0,27.07,13.23,2.12,-0.42,1.33,18.41,-5.15,3.75,13.7,9.6,13.64
2026-07-13 01:01:37 Asia/Taipei,price_pullback_23ema,股價回檔模型,price_pullback_23ema_lifecycle_replay,trade_level_same_stock_active_position_suppressed,220,05_v1_candidate_stack,v1_gate_return20_tdcc_high,v1_required_gate_plus_chip_candidate,v1 draft: require return20_0_25 and large-holder TDCC high thresholds increased,research_only_v1_candidate_not_production,excluding_unresolved_anomaly_candidates_sensitivity_only,1,1,2380_20260519_unadjusted_capital_reduction_resumption_gap,close_prev20_break_then_tp10_or_5ma_next_open,close_confirmed_candidate,10.0,next_open_after_profit_target_or_5ma_close_exit,signal_date_next_open,Buy next open only after the price_pullback_23ema production proxy signal; lifecycle replay suppresses later same-stock signals until the prior accepted trade exits.,7085,1047,7085,1631,1047,5454,76.98,23.02,22216,7.34,124,57.14,113,14.43,279,25.39,5.85,20251128,20260608,7.87,-13.18,1.95,gate_candidate_review,research_only_not_production_score,model_lane_research_metric_source_candidate_not_pdf_ready,blocked_until_formal_promotion_and_operation_adapter_contract,not_production_ready_research_only,False,none,blocked_exact_daily_row_parity_operation_adapter_and_metric_contract_required,"requires explicit model-rule decision, lifecycle/operation adapter contract, exact parity, validators, PR merge, post-merge main validation, and PDF metric consumer contract before display",1631,408,534,689,0,233,462,25.02,32.74,42.24,0.0,14.29,28.33,3.93,1.02,3.28,18.86,-6.09,3.48,12.7,8.89,14.02
2026-07-13 01:01:37 Asia/Taipei,price_pullback_23ema,股價回檔模型,price_pullback_23ema_lifecycle_replay,trade_level_same_stock_active_position_suppressed,225,05_v1_candidate_stack,v1_gate_return20_tdcc_high_obv,v1_required_gate_plus_chip_and_technical_candidate,"v1 draft: require return20_0_25, large-holder TDCC high thresholds increased, and OBV above MA20",research_only_v1_candidate_not_production,excluding_unresolved_anomaly_candidates_sensitivity_only,1,1,2380_20260519_unadjusted_capital_reduction_resumption_gap,close_prev20_break_then_tp10_or_5ma_next_open,close_confirmed_candidate,10.0,next_open_after_profit_target_or_5ma_close_exit,signal_date_next_open,Buy next open only after the price_pullback_23ema production proxy signal; lifecycle replay suppresses later same-stock signals until the prior accepted trade exits.,5046,842,5046,1275,841,3771,74.73,25.27,22216,5.74,124,40.69,111,11.49,279,18.09,4.57,20251128,20260608,8.5,-14.01,1.93,strong_gate_candidate_review,research_only_not_production_score,model_lane_research_metric_source_candidate_not_pdf_ready,blocked_until_formal_promotion_and_operation_adapter_contract,not_production_ready_research_only,False,none,blocked_exact_daily_row_parity_operation_adapter_and_metric_contract_required,"requires explicit model-rule decision, lifecycle/operation adapter contract, exact parity, validators, PR merge, post-merge main validation, and PDF metric consumer contract before display",1275,327,420,528,0,145,411,25.65,32.94,41.41,0.0,11.37,32.24,4.11,1.03,3.26,17.65,-5.68,3.3,12.36,8.64,14.12
2026-07-13 01:01:37 Asia/Taipei,price_pullback_23ema,股價回檔模型,price_pullback_23ema_lifecycle_replay,trade_level_same_stock_active_position_suppressed,1000,06_candle_quality_reference,volume_red_k_vol1.2,buy_point_quality_reference_not_required_gate,bullish red K with volume_ratio_prev20 >= 1.2,computed_from_point_in_time_price_volume,excluding_unresolved_anomaly_candidates_sensitivity_only,0,1,,close_prev20_break_then_tp10_or_5ma_next_open,close_confirmed_candidate,10.0,next_open_after_profit_target_or_5ma_close_exit,signal_date_next_open,Buy next open only after the price_pullback_23ema production proxy signal; lifecycle replay suppresses later same-stock signals until the prior accepted trade exits.,27348,1941,27348,11029,1941,16319,59.67,40.33,22216,49.64,237,115.39,237,46.54,279,98.02,39.53,20250610,20260608,-0.68,-2.45,-0.43,mixed_or_neutral_review,research_only_not_production_score,model_lane_research_metric_source_candidate_not_pdf_ready,blocked_until_formal_promotion_and_operation_adapter_contract,not_production_ready_research_only,False,none,blocked_exact_daily_row_parity_operation_adapter_and_metric_contract_required,"requires explicit model-rule decision, lifecycle/operation adapter contract, exact parity, validators, PR merge, post-merge main validation, and PDF metric consumer contract before display",11029,1817,3370,5842,0,1906,2728,16.47,30.56,52.97,0.0,17.28,24.73,1.4,-0.67,0.9,16.66,-5.26,3.08,13.5,9.03,14.47
2026-07-13 01:01:37 Asia/Taipei,price_pullback_23ema,股價回檔模型,price_pullback_23ema_lifecycle_replay,trade_level_same_stock_active_position_suppressed,1010,06_candle_quality_reference,solid_volume_red_k_vol1.2,buy_point_quality_reference_not_required_gate,solid red K with volume_ratio_prev20 >= 1.2,computed_from_point_in_time_price_volume,excluding_unresolved_anomaly_candidates_sensitivity_only,0,1,,close_prev20_break_then_tp10_or_5ma_next_open,close_confirmed_candidate,10.0,next_open_after_profit_target_or_5ma_close_exit,signal_date_next_open,Buy next open only after the price_pullback_23ema production proxy signal; lifecycle replay suppresses later same-stock signals until the prior accepted trade exits.,14453,1891,14453,8024,1891,6429,44.48,55.52,22216,36.12,237,60.98,237,33.86,279,51.8,28.76,20250610,20260608,-1.17,-2.99,-0.5,mixed_or_neutral_review,research_only_not_production_score,model_lane_research_metric_source_candidate_not_pdf_ready,blocked_until_formal_promotion_and_operation_adapter_contract,not_production_ready_research_only,False,none,blocked_exact_daily_row_parity_operation_adapter_and_metric_contract_required,"requires explicit model-rule decision, lifecycle/operation adapter contract, exact parity, validators, PR merge, post-merge main validation, and PDF metric consumer contract before display",8024,1282,2535,4207,0,1210,2282,15.98,31.59,52.43,0.0,15.08,28.44,1.18,-0.65,0.83,16.35,-5.17,2.93,13.26,8.75,14.36
2026-07-13 01:01:37 Asia/Taipei,price_pullback_23ema,股價回檔模型,price_pullback_23ema_lifecycle_replay,trade_level_same_stock_active_position_suppressed,1020,06_candle_quality_reference,solid_volume_red_k_vol1.5,buy_point_quality_reference_not_required_gate,solid red K with volume_ratio_prev20 >= 1.5,computed_from_point_in_time_price_volume,excluding_unresolved_anomaly_candidates_sensitivity_only,0,1,,close_prev20_break_then_tp10_or_5ma_next_open,close_confirmed_candidate,10.0,next_open_after_profit_target_or_5ma_close_exit,signal_date_next_open,Buy next open only after the price_pullback_23ema production proxy signal; lifecycle replay suppresses later same-stock signals until the prior accepted trade exits.,9267,1820,9267,6062,1820,3205,34.59,65.41,22216,27.29,237,39.1,237,25.58,279,33.22,21.73,20250610,20260608,-1.28,-2.83,-0.56,mixed_or_neutral_review,research_only_not_production_score,model_lane_research_metric_source_candidate_not_pdf_ready,blocked_until_formal_promotion_and_operation_adapter_contract,not_production_ready_research_only,False,none,blocked_exact_daily_row_parity_operation_adapter_and_metric_contract_required,"requires explicit model-rule decision, lifecycle/operation adapter contract, exact parity, validators, PR merge, post-merge main validation, and PDF metric consumer contract before display",6062,962,1912,3188,0,840,1978,15.87,31.54,52.59,0.0,13.86,32.63,1.12,-0.78,0.77,16.23,-5.08,2.74,12.72,8.5,13.81
2026-07-13 01:01:37 Asia/Taipei,price_pullback_23ema,股價回檔模型,price_pullback_23ema_lifecycle_replay,trade_level_same_stock_active_position_suppressed,0,00_baseline,baseline_replay,baseline_anchor,production proxy replay only; no additional condition,available_point_in_time_research_frame,including_unresolved_anomaly_candidates_primary,1,1,2380_20260519_unadjusted_capital_reduction_resumption_gap,close_prev20_break_then_tp5_or_5ma_next_open,close_confirmed_candidate,5.0,next_open_after_profit_target_or_5ma_close_exit,signal_date_next_open,Buy next open only after the price_pullback_23ema production proxy signal; lifecycle replay suppresses later same-stock signals until the prior accepted trade exits.,271027,1966,271027,22647,1966,248380,91.64,8.36,22647,100.0,237,1143.57,237,95.56,279,971.42,81.17,20250610,20260608,0.0,0.0,0.0,baseline_trade_level_anchor,research_only_not_production_score,model_lane_research_metric_source_candidate_not_pdf_ready,blocked_until_formal_promotion_and_operation_adapter_contract,not_production_ready_research_only,False,none,blocked_pending_root_cause_anomaly_candidate_review,"requires explicit model-rule decision, lifecycle/operation adapter contract, exact parity, validators, PR merge, post-merge main validation, and PDF metric consumer contract before display",22647,5527,4746,12374,0,6024,1726,24.4,20.96,54.64,0.0,26.6,7.62,2.14,-0.41,1.33,14.03,-5.16,3.46,13.34,9.09,13.65
2026-07-13 01:01:37 Asia/Taipei,price_pullback_23ema,股價回檔模型,price_pullback_23ema_lifecycle_replay,trade_level_same_stock_active_position_suppressed,220,05_v1_candidate_stack,v1_gate_return20_tdcc_high,v1_required_gate_plus_chip_candidate,v1 draft: require return20_0_25 and large-holder TDCC high thresholds increased,research_only_v1_candidate_not_production,including_unresolved_anomaly_candidates_primary,1,1,2380_20260519_unadjusted_capital_reduction_resumption_gap,close_prev20_break_then_tp5_or_5ma_next_open,close_confirmed_candidate,5.0,next_open_after_profit_target_or_5ma_close_exit,signal_date_next_open,Buy next open only after the price_pullback_23ema production proxy signal; lifecycle replay suppresses later same-stock signals until the prior accepted trade exits.,7086,1047,7086,1685,1047,5401,76.22,23.78,22647,7.44,124,57.15,115,14.65,279,25.4,6.04,20251128,20260608,15.01,-14.58,2.09,strong_gate_candidate_review,research_only_not_production_score,model_lane_research_metric_source_candidate_not_pdf_ready,blocked_until_formal_promotion_and_operation_adapter_contract,not_production_ready_research_only,False,none,blocked_pending_root_cause_anomaly_candidate_review,"requires explicit model-rule decision, lifecycle/operation adapter contract, exact parity, validators, PR merge, post-merge main validation, and PDF metric consumer contract before display",1685,664,346,675,0,235,269,39.41,20.53,40.06,0.0,13.95,15.96,3.76,1.02,3.42,13.49,-6.21,2.89,12.09,8.22,14.25
2026-07-13 01:01:37 Asia/Taipei,price_pullback_23ema,股價回檔模型,price_pullback_23ema_lifecycle_replay,trade_level_same_stock_active_position_suppressed,225,05_v1_candidate_stack,v1_gate_return20_tdcc_high_obv,v1_required_gate_plus_chip_and_technical_candidate,"v1 draft: require return20_0_25, large-holder TDCC high thresholds increased, and OBV above MA20",research_only_v1_candidate_not_production,including_unresolved_anomaly_candidates_primary,1,1,2380_20260519_unadjusted_capital_reduction_resumption_gap,close_prev20_break_then_tp5_or_5ma_next_open,close_confirmed_candidate,5.0,next_open_after_profit_target_or_5ma_close_exit,signal_date_next_open,Buy next open only after the price_pullback_23ema production proxy signal; lifecycle replay suppresses later same-stock signals until the prior accepted trade exits.,5047,842,5047,1325,842,3722,73.75,26.25,22647,5.85,124,40.7,111,11.94,279,18.09,4.75,20251128,20260608,16.66,-15.32,2.23,strong_gate_candidate_review,research_only_not_production_score,model_lane_research_metric_source_candidate_not_pdf_ready,blocked_until_formal_promotion_and_operation_adapter_contract,not_production_ready_research_only,False,none,blocked_pending_root_cause_anomaly_candidate_review,"requires explicit model-rule decision, lifecycle/operation adapter contract, exact parity, validators, PR merge, post-merge main validation, and PDF metric consumer contract before display",1325,544,260,521,0,147,251,41.06,19.62,39.32,0.0,11.09,18.94,4.11,1.03,3.56,12.97,-5.73,2.51,11.7,8.04,14.29
2026-07-13 01:01:37 Asia/Taipei,price_pullback_23ema,股價回檔模型,price_pullback_23ema_lifecycle_replay,trade_level_same_stock_active_position_suppressed,1000,06_candle_quality_reference,volume_red_k_vol1.2,buy_point_quality_reference_not_required_gate,bullish red K with volume_ratio_prev20 >= 1.2,computed_from_point_in_time_price_volume,including_unresolved_anomaly_candidates_primary,0,1,,close_prev20_break_then_tp5_or_5ma_next_open,close_confirmed_candidate,5.0,next_open_after_profit_target_or_5ma_close_exit,signal_date_next_open,Buy next open only after the price_pullback_23ema production proxy signal; lifecycle replay suppresses later same-stock signals until the prior accepted trade exits.,27348,1941,27348,11131,1941,16217,59.3,40.7,22647,49.15,237,115.39,237,46.97,279,98.02,39.9,20250610,20260608,2.95,-2.7,-0.44,mixed_or_neutral_review,research_only_not_production_score,model_lane_research_metric_source_candidate_not_pdf_ready,blocked_until_formal_promotion_and_operation_adapter_contract,not_production_ready_research_only,False,none,blocked_exact_daily_row_parity_operation_adapter_and_metric_contract_required,"requires explicit model-rule decision, lifecycle/operation adapter contract, exact parity, validators, PR merge, post-merge main validation, and PDF metric consumer contract before display",11131,3044,2306,5781,0,1916,1686,27.35,20.72,51.94,0.0,17.21,15.15,1.39,-0.68,0.89,11.49,-5.31,2.44,13.05,8.2,14.6
2026-07-13 01:01:37 Asia/Taipei,price_pullback_23ema,股價回檔模型,price_pullback_23ema_lifecycle_replay,trade_level_same_stock_active_position_suppressed,1010,06_candle_quality_reference,solid_volume_red_k_vol1.2,buy_point_quality_reference_not_required_gate,solid red K with volume_ratio_prev20 >= 1.2,computed_from_point_in_time_price_volume,including_unresolved_anomaly_candidates_primary,0,1,,close_prev20_break_then_tp5_or_5ma_next_open,close_confirmed_candidate,5.0,next_open_after_profit_target_or_5ma_close_exit,signal_date_next_open,Buy next open only after the price_pullback_23ema production proxy signal; lifecycle replay suppresses later same-stock signals until the prior accepted trade exits.,14453,1891,14453,8053,1891,6400,44.28,55.72,22647,35.56,237,60.98,237,33.98,279,51.8,28.86,20250610,20260608,3.13,-3.35,-0.5,quality_filter_candidate_review,research_only_not_production_score,model_lane_research_metric_source_candidate_not_pdf_ready,blocked_until_formal_promotion_and_operation_adapter_contract,not_production_ready_research_only,False,none,blocked_exact_daily_row_parity_operation_adapter_and_metric_contract_required,"requires explicit model-rule decision, lifecycle/operation adapter contract, exact parity, validators, PR merge, post-merge main validation, and PDF metric consumer contract before display",8053,2217,1706,4130,0,1214,1453,27.53,21.18,51.29,0.0,15.08,18.04,1.18,-0.65,0.83,11.03,-5.23,2.23,12.8,7.9,14.51
2026-07-13 01:01:37 Asia/Taipei,price_pullback_23ema,股價回檔模型,price_pullback_23ema_lifecycle_replay,trade_level_same_stock_active_position_suppressed,1020,06_candle_quality_reference,solid_volume_red_k_vol1.5,buy_point_quality_reference_not_required_gate,solid red K with volume_ratio_prev20 >= 1.5,computed_from_point_in_time_price_volume,including_unresolved_anomaly_candidates_primary,0,1,,close_prev20_break_then_tp5_or_5ma_next_open,close_confirmed_candidate,5.0,next_open_after_profit_target_or_5ma_close_exit,signal_date_next_open,Buy next open only after the price_pullback_23ema production proxy signal; lifecycle replay suppresses later same-stock signals until the prior accepted trade exits.,9267,1820,9267,6077,1820,3190,34.42,65.58,22647,26.83,237,39.1,237,25.64,279,33.22,21.78,20250610,20260608,2.85,-3.28,-0.6,mixed_or_neutral_review,research_only_not_production_score,model_lane_research_metric_source_candidate_not_pdf_ready,blocked_until_formal_promotion_and_operation_adapter_contract,not_production_ready_research_only,False,none,blocked_exact_daily_row_parity_operation_adapter_and_metric_contract_required,"requires explicit model-rule decision, lifecycle/operation adapter contract, exact parity, validators, PR merge, post-merge main validation, and PDF metric consumer contract before display",6077,1656,1300,3121,0,841,1351,27.25,21.39,51.36,0.0,13.84,22.23,1.12,-0.78,0.73,10.77,-5.14,2.03,12.25,7.57,13.95
2026-07-13 01:01:37 Asia/Taipei,price_pullback_23ema,股價回檔模型,price_pullback_23ema_lifecycle_replay,trade_level_same_stock_active_position_suppressed,0,00_baseline,baseline_replay,baseline_anchor,production proxy replay only; no additional condition,available_point_in_time_research_frame,excluding_unresolved_anomaly_candidates_sensitivity_only,1,1,2380_20260519_unadjusted_capital_reduction_resumption_gap,close_prev20_break_then_tp5_or_5ma_next_open,close_confirmed_candidate,5.0,next_open_after_profit_target_or_5ma_close_exit,signal_date_next_open,Buy next open only after the price_pullback_23ema production proxy signal; lifecycle replay suppresses later same-stock signals until the prior accepted trade exits.,271026,1966,271026,22646,1966,248380,91.64,8.36,22646,100.0,237,1143.57,237,95.55,279,971.42,81.17,20250610,20260608,0.0,0.0,0.0,baseline_trade_level_anchor,research_only_not_production_score,model_lane_research_metric_source_candidate_not_pdf_ready,blocked_until_formal_promotion_and_operation_adapter_contract,not_production_ready_research_only,False,none,blocked_exact_daily_row_parity_operation_adapter_and_metric_contract_required,"requires explicit model-rule decision, lifecycle/operation adapter contract, exact parity, validators, PR merge, post-merge main validation, and PDF metric consumer contract before display",22646,5526,4746,12374,0,6024,1726,24.4,20.96,54.64,0.0,26.6,7.62,2.14,-0.41,1.31,13.97,-5.16,3.46,13.34,9.09,13.65
2026-07-13 01:01:37 Asia/Taipei,price_pullback_23ema,股價回檔模型,price_pullback_23ema_lifecycle_replay,trade_level_same_stock_active_position_suppressed,220,05_v1_candidate_stack,v1_gate_return20_tdcc_high,v1_required_gate_plus_chip_candidate,v1 draft: require return20_0_25 and large-holder TDCC high thresholds increased,research_only_v1_candidate_not_production,excluding_unresolved_anomaly_candidates_sensitivity_only,1,1,2380_20260519_unadjusted_capital_reduction_resumption_gap,close_prev20_break_then_tp5_or_5ma_next_open,close_confirmed_candidate,5.0,next_open_after_profit_target_or_5ma_close_exit,signal_date_next_open,Buy next open only after the price_pullback_23ema production proxy signal; lifecycle replay suppresses later same-stock signals until the prior accepted trade exits.,7085,1047,7085,1684,1047,5401,76.23,23.77,22646,7.44,124,57.14,115,14.64,279,25.39,6.04,20251128,20260608,14.97,-14.56,1.92,strong_gate_candidate_review,research_only_not_production_score,model_lane_research_metric_source_candidate_not_pdf_ready,blocked_until_formal_promotion_and_operation_adapter_contract,not_production_ready_research_only,False,none,blocked_exact_daily_row_parity_operation_adapter_and_metric_contract_required,"requires explicit model-rule decision, lifecycle/operation adapter contract, exact parity, validators, PR merge, post-merge main validation, and PDF metric consumer contract before display",1684,663,346,675,0,235,269,39.37,20.55,40.08,0.0,13.95,15.97,3.75,1.02,3.23,13.03,-6.21,2.89,12.08,8.2,14.25
2026-07-13 01:01:37 Asia/Taipei,price_pullback_23ema,股價回檔模型,price_pullback_23ema_lifecycle_replay,trade_level_same_stock_active_position_suppressed,225,05_v1_candidate_stack,v1_gate_return20_tdcc_high_obv,v1_required_gate_plus_chip_and_technical_candidate,"v1 draft: require return20_0_25, large-holder TDCC high thresholds increased, and OBV above MA20",research_only_v1_candidate_not_production,excluding_unresolved_anomaly_candidates_sensitivity_only,1,1,2380_20260519_unadjusted_capital_reduction_resumption_gap,close_prev20_break_then_tp5_or_5ma_next_open,close_confirmed_candidate,5.0,next_open_after_profit_target_or_5ma_close_exit,signal_date_next_open,Buy next open only after the price_pullback_23ema production proxy signal; lifecycle replay suppresses later same-stock signals until the prior accepted trade exits.,5046,842,5046,1324,841,3722,73.76,26.24,22646,5.85,124,40.69,111,11.93,279,18.09,4.75,20251128,20260608,16.61,-15.29,2.01,strong_gate_candidate_review,research_only_not_production_score,model_lane_research_metric_source_candidate_not_pdf_ready,blocked_until_formal_promotion_and_operation_adapter_contract,not_production_ready_research_only,False,none,blocked_exact_daily_row_parity_operation_adapter_and_metric_contract_required,"requires explicit model-rule decision, lifecycle/operation adapter contract, exact parity, validators, PR merge, post-merge main validation, and PDF metric consumer contract before display",1324,543,260,521,0,147,251,41.01,19.64,39.35,0.0,11.1,18.96,4.1,1.03,3.32,12.4,-5.73,2.51,11.7,8.02,14.29
2026-07-13 01:01:37 Asia/Taipei,price_pullback_23ema,股價回檔模型,price_pullback_23ema_lifecycle_replay,trade_level_same_stock_active_position_suppressed,1000,06_candle_quality_reference,volume_red_k_vol1.2,buy_point_quality_reference_not_required_gate,bullish red K with volume_ratio_prev20 >= 1.2,computed_from_point_in_time_price_volume,excluding_unresolved_anomaly_candidates_sensitivity_only,0,1,,close_prev20_break_then_tp5_or_5ma_next_open,close_confirmed_candidate,5.0,next_open_after_profit_target_or_5ma_close_exit,signal_date_next_open,Buy next open only after the price_pullback_23ema production proxy signal; lifecycle replay suppresses later same-stock signals until the prior accepted trade exits.,27348,1941,27348,11131,1941,16217,59.3,40.7,22646,49.15,237,115.39,237,46.97,279,98.02,39.9,20250610,20260608,2.95,-2.7,-0.42,mixed_or_neutral_review,research_only_not_production_score,model_lane_research_metric_source_candidate_not_pdf_ready,blocked_until_formal_promotion_and_operation_adapter_contract,not_production_ready_research_only,False,none,blocked_exact_daily_row_parity_operation_adapter_and_metric_contract_required,"requires explicit model-rule decision, lifecycle/operation adapter contract, exact parity, validators, PR merge, post-merge main validation, and PDF metric consumer contract before display",11131,3044,2306,5781,0,1916,1686,27.35,20.72,51.94,0.0,17.21,15.15,1.39,-0.68,0.89,11.49,-5.31,2.44,13.05,8.2,14.6
2026-07-13 01:01:37 Asia/Taipei,price_pullback_23ema,股價回檔模型,price_pullback_23ema_lifecycle_replay,trade_level_same_stock_active_position_suppressed,1010,06_candle_quality_reference,solid_volume_red_k_vol1.2,buy_point_quality_reference_not_required_gate,solid red K with volume_ratio_prev20 >= 1.2,computed_from_point_in_time_price_volume,excluding_unresolved_anomaly_candidates_sensitivity_only,0,1,,close_prev20_break_then_tp5_or_5ma_next_open,close_confirmed_candidate,5.0,next_open_after_profit_target_or_5ma_close_exit,signal_date_next_open,Buy next open only after the price_pullback_23ema production proxy signal; lifecycle replay suppresses later same-stock signals until the prior accepted trade exits.,14453,1891,14453,8053,1891,6400,44.28,55.72,22646,35.56,237,60.98,237,33.98,279,51.8,28.86,20250610,20260608,3.13,-3.35,-0.48,quality_filter_candidate_review,research_only_not_production_score,model_lane_research_metric_source_candidate_not_pdf_ready,blocked_until_formal_promotion_and_operation_adapter_contract,not_production_ready_research_only,False,none,blocked_exact_daily_row_parity_operation_adapter_and_metric_contract_required,"requires explicit model-rule decision, lifecycle/operation adapter contract, exact parity, validators, PR merge, post-merge main validation, and PDF metric consumer contract before display",8053,2217,1706,4130,0,1214,1453,27.53,21.18,51.29,0.0,15.08,18.04,1.18,-0.65,0.83,11.03,-5.23,2.23,12.8,7.9,14.51
2026-07-13 01:01:37 Asia/Taipei,price_pullback_23ema,股價回檔模型,price_pullback_23ema_lifecycle_replay,trade_level_same_stock_active_position_suppressed,1020,06_candle_quality_reference,solid_volume_red_k_vol1.5,buy_point_quality_reference_not_required_gate,solid red K with volume_ratio_prev20 >= 1.5,computed_from_point_in_time_price_volume,excluding_unresolved_anomaly_candidates_sensitivity_only,0,1,,close_prev20_break_then_tp5_or_5ma_next_open,close_confirmed_candidate,5.0,next_open_after_profit_target_or_5ma_close_exit,signal_date_next_open,Buy next open only after the price_pullback_23ema production proxy signal; lifecycle replay suppresses later same-stock signals until the prior accepted trade exits.,9267,1820,9267,6077,1820,3190,34.42,65.58,22646,26.83,237,39.1,237,25.64,279,33.22,21.78,20250610,20260608,2.85,-3.28,-0.58,mixed_or_neutral_review,research_only_not_production_score,model_lane_research_metric_source_candidate_not_pdf_ready,blocked_until_formal_promotion_and_operation_adapter_contract,not_production_ready_research_only,False,none,blocked_exact_daily_row_parity_operation_adapter_and_metric_contract_required,"requires explicit model-rule decision, lifecycle/operation adapter contract, exact parity, validators, PR merge, post-merge main validation, and PDF metric consumer contract before display",6077,1656,1300,3121,0,841,1351,27.25,21.39,51.36,0.0,13.84,22.23,1.12,-0.78,0.73,10.77,-5.14,2.03,12.25,7.57,13.95
2026-07-13 01:01:37 Asia/Taipei,price_pullback_23ema,股價回檔模型,price_pullback_23ema_lifecycle_replay,trade_level_same_stock_active_position_suppressed,0,00_baseline,baseline_replay,baseline_anchor,production proxy replay only; no additional condition,available_point_in_time_research_frame,including_unresolved_anomaly_candidates_primary,1,1,2380_20260519_unadjusted_capital_reduction_resumption_gap,close_prev20_break_then_tp8_or_5ma_next_open,close_confirmed_candidate,8.0,next_open_after_profit_target_or_5ma_close_exit,signal_date_next_open,Buy next open only after the price_pullback_23ema production proxy signal; lifecycle replay suppresses later same-stock signals until the prior accepted trade exits.,271027,1966,271027,22331,1966,248696,91.76,8.24,22331,100.0,237,1143.57,237,94.22,279,971.42,80.04,20250610,20260608,0.0,0.0,0.0,baseline_trade_level_anchor,research_only_not_production_score,model_lane_research_metric_source_candidate_not_pdf_ready,blocked_until_formal_promotion_and_operation_adapter_contract,not_production_ready_research_only,False,none,blocked_pending_root_cause_anomaly_candidate_review,"requires explicit model-rule decision, lifecycle/operation adapter contract, exact parity, validators, PR merge, post-merge main validation, and PDF metric consumer contract before display",22331,4433,5562,12336,0,6022,2452,19.85,24.91,55.24,0.0,26.97,10.98,2.14,-0.42,1.33,16.56,-5.15,3.57,13.58,9.39,13.64
2026-07-13 01:01:37 Asia/Taipei,price_pullback_23ema,股價回檔模型,price_pullback_23ema_lifecycle_replay,trade_level_same_stock_active_position_suppressed,220,05_v1_candidate_stack,v1_gate_return20_tdcc_high,v1_required_gate_plus_chip_candidate,v1 draft: require return20_0_25 and large-holder TDCC high thresholds increased,research_only_v1_candidate_not_production,including_unresolved_anomaly_candidates_primary,1,1,2380_20260519_unadjusted_capital_reduction_resumption_gap,close_prev20_break_then_tp8_or_5ma_next_open,close_confirmed_candidate,8.0,next_open_after_profit_target_or_5ma_close_exit,signal_date_next_open,Buy next open only after the price_pullback_23ema production proxy signal; lifecycle replay suppresses later same-stock signals until the prior accepted trade exits.,7086,1047,7086,1645,1047,5441,76.79,23.21,22331,7.37,124,57.15,113,14.56,279,25.4,5.9,20251128,20260608,10.06,-13.48,1.94,strong_gate_candidate_review,research_only_not_production_score,model_lane_research_metric_source_candidate_not_pdf_ready,blocked_until_formal_promotion_and_operation_adapter_contract,not_production_ready_research_only,False,none,blocked_pending_root_cause_anomaly_candidate_review,"requires explicit model-rule decision, lifecycle/operation adapter contract, exact parity, validators, PR merge, post-merge main validation, and PDF metric consumer contract before display",1645,492,466,687,0,236,396,29.91,28.33,41.76,0.0,14.35,24.07,3.92,1.09,3.27,16.47,-6.13,3.18,12.47,8.64,14.0
2026-07-13 01:01:37 Asia/Taipei,price_pullback_23ema,股價回檔模型,price_pullback_23ema_lifecycle_replay,trade_level_same_stock_active_position_suppressed,225,05_v1_candidate_stack,v1_gate_return20_tdcc_high_obv,v1_required_gate_plus_chip_and_technical_candidate,"v1 draft: require return20_0_25, large-holder TDCC high thresholds increased, and OBV above MA20",research_only_v1_candidate_not_production,including_unresolved_anomaly_candidates_primary,1,1,2380_20260519_unadjusted_capital_reduction_resumption_gap,close_prev20_break_then_tp8_or_5ma_next_open,close_confirmed_candidate,8.0,next_open_after_profit_target_or_5ma_close_exit,signal_date_next_open,Buy next open only after the price_pullback_23ema production proxy signal; lifecycle replay suppresses later same-stock signals until the prior accepted trade exits.,5047,842,5047,1283,842,3764,74.58,25.42,22331,5.75,124,40.7,111,11.56,279,18.09,4.6,20251128,20260608,10.78,-14.4,2.15,strong_gate_candidate_review,research_only_not_production_score,model_lane_research_metric_source_candidate_not_pdf_ready,blocked_until_formal_promotion_and_operation_adapter_contract,not_production_ready_research_only,False,none,blocked_pending_root_cause_anomaly_candidate_review,"requires explicit model-rule decision, lifecycle/operation adapter contract, exact parity, validators, PR merge, post-merge main validation, and PDF metric consumer contract before display",1283,393,366,524,0,145,357,30.63,28.53,40.84,0.0,11.3,27.83,4.09,1.03,3.48,16.23,-5.71,2.93,12.14,8.36,14.2
2026-07-13 01:01:37 Asia/Taipei,price_pullback_23ema,股價回檔模型,price_pullback_23ema_lifecycle_replay,trade_level_same_stock_active_position_suppressed,1000,06_candle_quality_reference,volume_red_k_vol1.2,buy_point_quality_reference_not_required_gate,bullish red K with volume_ratio_prev20 >= 1.2,computed_from_point_in_time_price_volume,including_unresolved_anomaly_candidates_primary,0,1,,close_prev20_break_then_tp8_or_5ma_next_open,close_confirmed_candidate,8.0,next_open_after_profit_target_or_5ma_close_exit,signal_date_next_open,Buy next open only after the price_pullback_23ema production proxy signal; lifecycle replay suppresses later same-stock signals until the prior accepted trade exits.,27348,1941,27348,11050,1941,16298,59.59,40.41,22331,49.48,237,115.39,237,46.62,279,98.02,39.61,20250610,20260608,0.44,-2.53,-0.43,mixed_or_neutral_review,research_only_not_production_score,model_lane_research_metric_source_candidate_not_pdf_ready,blocked_until_formal_promotion_and_operation_adapter_contract,not_production_ready_research_only,False,none,blocked_exact_daily_row_parity_operation_adapter_and_metric_contract_required,"requires explicit model-rule decision, lifecycle/operation adapter contract, exact parity, validators, PR merge, post-merge main validation, and PDF metric consumer contract before display",11050,2242,2983,5825,0,1909,2352,20.29,27.0,52.71,0.0,17.28,21.29,1.39,-0.67,0.9,14.47,-5.27,2.76,13.34,8.66,14.51
2026-07-13 01:01:37 Asia/Taipei,price_pullback_23ema,股價回檔模型,price_pullback_23ema_lifecycle_replay,trade_level_same_stock_active_position_suppressed,1010,06_candle_quality_reference,solid_volume_red_k_vol1.2,buy_point_quality_reference_not_required_gate,solid red K with volume_ratio_prev20 >= 1.2,computed_from_point_in_time_price_volume,including_unresolved_anomaly_candidates_primary,0,1,,close_prev20_break_then_tp8_or_5ma_next_open,close_confirmed_candidate,8.0,next_open_after_profit_target_or_5ma_close_exit,signal_date_next_open,Buy next open only after the price_pullback_23ema production proxy signal; lifecycle replay suppresses later same-stock signals until the prior accepted trade exits.,14453,1891,14453,8032,1891,6421,44.43,55.57,22331,35.97,237,60.98,237,33.89,279,51.8,28.79,20250610,20260608,0.06,-3.06,-0.5,mixed_or_neutral_review,research_only_not_production_score,model_lane_research_metric_source_candidate_not_pdf_ready,blocked_until_formal_promotion_and_operation_adapter_contract,not_production_ready_research_only,False,none,blocked_exact_daily_row_parity_operation_adapter_and_metric_contract_required,"requires explicit model-rule decision, lifecycle/operation adapter contract, exact parity, validators, PR merge, post-merge main validation, and PDF metric consumer contract before display",8032,1599,2242,4191,0,1212,2000,19.91,27.91,52.18,0.0,15.09,24.9,1.17,-0.65,0.83,14.09,-5.18,2.6,13.1,8.4,14.39
2026-07-13 01:01:37 Asia/Taipei,price_pullback_23ema,股價回檔模型,price_pullback_23ema_lifecycle_replay,trade_level_same_stock_active_position_suppressed,1020,06_candle_quality_reference,solid_volume_red_k_vol1.5,buy_point_quality_reference_not_required_gate,solid red K with volume_ratio_prev20 >= 1.5,computed_from_point_in_time_price_volume,including_unresolved_anomaly_candidates_primary,0,1,,close_prev20_break_then_tp8_or_5ma_next_open,close_confirmed_candidate,8.0,next_open_after_profit_target_or_5ma_close_exit,signal_date_next_open,Buy next open only after the price_pullback_23ema production proxy signal; lifecycle replay suppresses later same-stock signals until the prior accepted trade exits.,9267,1820,9267,6064,1820,3203,34.56,65.44,22331,27.16,237,39.1,237,25.59,279,33.22,21.73,20250610,20260608,-0.18,-2.96,-0.56,mixed_or_neutral_review,research_only_not_production_score,model_lane_research_metric_source_candidate_not_pdf_ready,blocked_until_formal_promotion_and_operation_adapter_contract,not_production_ready_research_only,False,none,blocked_exact_daily_row_parity_operation_adapter_and_metric_contract_required,"requires explicit model-rule decision, lifecycle/operation adapter contract, exact parity, validators, PR merge, post-merge main validation, and PDF metric consumer contract before display",6064,1193,1701,3170,0,840,1771,19.67,28.05,52.28,0.0,13.85,29.21,1.11,-0.78,0.77,13.98,-5.09,2.42,12.56,8.11,13.85
2026-07-13 01:01:37 Asia/Taipei,price_pullback_23ema,股價回檔模型,price_pullback_23ema_lifecycle_replay,trade_level_same_stock_active_position_suppressed,0,00_baseline,baseline_replay,baseline_anchor,production proxy replay only; no additional condition,available_point_in_time_research_frame,excluding_unresolved_anomaly_candidates_sensitivity_only,1,1,2380_20260519_unadjusted_capital_reduction_resumption_gap,close_prev20_break_then_tp8_or_5ma_next_open,close_confirmed_candidate,8.0,next_open_after_profit_target_or_5ma_close_exit,signal_date_next_open,Buy next open only after the price_pullback_23ema production proxy signal; lifecycle replay suppresses later same-stock signals until the prior accepted trade exits.,271026,1966,271026,22330,1966,248696,91.76,8.24,22330,100.0,237,1143.57,237,94.22,279,971.42,80.04,20250610,20260608,0.0,0.0,0.0,baseline_trade_level_anchor,research_only_not_production_score,model_lane_research_metric_source_candidate_not_pdf_ready,blocked_until_formal_promotion_and_operation_adapter_contract,not_production_ready_research_only,False,none,blocked_exact_daily_row_parity_operation_adapter_and_metric_contract_required,"requires explicit model-rule decision, lifecycle/operation adapter contract, exact parity, validators, PR merge, post-merge main validation, and PDF metric consumer contract before display",22330,4432,5562,12336,0,6022,2452,19.85,24.91,55.24,0.0,26.97,10.98,2.14,-0.42,1.32,16.49,-5.15,3.57,13.58,9.38,13.64
2026-07-13 01:01:37 Asia/Taipei,price_pullback_23ema,股價回檔模型,price_pullback_23ema_lifecycle_replay,trade_level_same_stock_active_position_suppressed,220,05_v1_candidate_stack,v1_gate_return20_tdcc_high,v1_required_gate_plus_chip_candidate,v1 draft: require return20_0_25 and large-holder TDCC high thresholds increased,research_only_v1_candidate_not_production,excluding_unresolved_anomaly_candidates_sensitivity_only,1,1,2380_20260519_unadjusted_capital_reduction_resumption_gap,close_prev20_break_then_tp8_or_5ma_next_open,close_confirmed_candidate,8.0,next_open_after_profit_target_or_5ma_close_exit,signal_date_next_open,Buy next open only after the price_pullback_23ema production proxy signal; lifecycle replay suppresses later same-stock signals until the prior accepted trade exits.,7085,1047,7085,1645,1047,5440,76.78,23.22,22330,7.37,124,57.14,113,14.56,279,25.39,5.9,20251128,20260608,10.06,-13.48,1.95,strong_gate_candidate_review,research_only_not_production_score,model_lane_research_metric_source_candidate_not_pdf_ready,blocked_until_formal_promotion_and_operation_adapter_contract,not_production_ready_research_only,False,none,blocked_exact_daily_row_parity_operation_adapter_and_metric_contract_required,"requires explicit model-rule decision, lifecycle/operation adapter contract, exact parity, validators, PR merge, post-merge main validation, and PDF metric consumer contract before display",1645,492,466,687,0,236,396,29.91,28.33,41.76,0.0,14.35,24.07,3.92,1.09,3.27,16.47,-6.13,3.18,12.47,8.64,14.0
2026-07-13 01:01:37 Asia/Taipei,price_pullback_23ema,股價回檔模型,price_pullback_23ema_lifecycle_replay,trade_level_same_stock_active_position_suppressed,225,05_v1_candidate_stack,v1_gate_return20_tdcc_high_obv,v1_required_gate_plus_chip_and_technical_candidate,"v1 draft: require return20_0_25, large-holder TDCC high thresholds increased, and OBV above MA20",research_only_v1_candidate_not_production,excluding_unresolved_anomaly_candidates_sensitivity_only,1,1,2380_20260519_unadjusted_capital_reduction_resumption_gap,close_prev20_break_then_tp8_or_5ma_next_open,close_confirmed_candidate,8.0,next_open_after_profit_target_or_5ma_close_exit,signal_date_next_open,Buy next open only after the price_pullback_23ema production proxy signal; lifecycle replay suppresses later same-stock signals until the prior accepted trade exits.,5046,842,5046,1282,841,3764,74.59,25.41,22330,5.74,124,40.69,111,11.55,279,18.09,4.59,20251128,20260608,10.73,-14.37,1.91,strong_gate_candidate_review,research_only_not_production_score,model_lane_research_metric_source_candidate_not_pdf_ready,blocked_until_formal_promotion_and_operation_adapter_contract,not_production_ready_research_only,False,none,blocked_exact_daily_row_parity_operation_adapter_and_metric_contract_required,"requires explicit model-rule decision, lifecycle/operation adapter contract, exact parity, validators, PR merge, post-merge main validation, and PDF metric consumer contract before display",1282,392,366,524,0,145,357,30.58,28.55,40.87,0.0,11.31,27.85,4.08,1.03,3.23,15.46,-5.71,2.93,12.14,8.33,14.2
2026-07-13 01:01:37 Asia/Taipei,price_pullback_23ema,股價回檔模型,price_pullback_23ema_lifecycle_replay,trade_level_same_stock_active_position_suppressed,1000,06_candle_quality_reference,volume_red_k_vol1.2,buy_point_quality_reference_not_required_gate,bullish red K with volume_ratio_prev20 >= 1.2,computed_from_point_in_time_price_volume,excluding_unresolved_anomaly_candidates_sensitivity_only,0,1,,close_prev20_break_then_tp8_or_5ma_next_open,close_confirmed_candidate,8.0,next_open_after_profit_target_or_5ma_close_exit,signal_date_next_open,Buy next open only after the price_pullback_23ema production proxy signal; lifecycle replay suppresses later same-stock signals until the prior accepted trade exits.,27348,1941,27348,11050,1941,16298,59.59,40.41,22330,49.48,237,115.39,237,46.62,279,98.02,39.61,20250610,20260608,0.44,-2.53,-0.42,mixed_or_neutral_review,research_only_not_production_score,model_lane_research_metric_source_candidate_not_pdf_ready,blocked_until_formal_promotion_and_operation_adapter_contract,not_production_ready_research_only,False,none,blocked_exact_daily_row_parity_operation_adapter_and_metric_contract_required,"requires explicit model-rule decision, lifecycle/operation adapter contract, exact parity, validators, PR merge, post-merge main validation, and PDF metric consumer contract before display",11050,2242,2983,5825,0,1909,2352,20.29,27.0,52.71,0.0,17.28,21.29,1.39,-0.67,0.9,14.47,-5.27,2.76,13.34,8.66,14.51
2026-07-13 01:01:37 Asia/Taipei,price_pullback_23ema,股價回檔模型,price_pullback_23ema_lifecycle_replay,trade_level_same_stock_active_position_suppressed,1010,06_candle_quality_reference,solid_volume_red_k_vol1.2,buy_point_quality_reference_not_required_gate,solid red K with volume_ratio_prev20 >= 1.2,computed_from_point_in_time_price_volume,excluding_unresolved_anomaly_candidates_sensitivity_only,0,1,,close_prev20_break_then_tp8_or_5ma_next_open,close_confirmed_candidate,8.0,next_open_after_profit_target_or_5ma_close_exit,signal_date_next_open,Buy next open only after the price_pullback_23ema production proxy signal; lifecycle replay suppresses later same-stock signals until the prior accepted trade exits.,14453,1891,14453,8032,1891,6421,44.43,55.57,22330,35.97,237,60.98,237,33.89,279,51.8,28.79,20250610,20260608,0.06,-3.06,-0.49,mixed_or_neutral_review,research_only_not_production_score,model_lane_research_metric_source_candidate_not_pdf_ready,blocked_until_formal_promotion_and_operation_adapter_contract,not_production_ready_research_only,False,none,blocked_exact_daily_row_parity_operation_adapter_and_metric_contract_required,"requires explicit model-rule decision, lifecycle/operation adapter contract, exact parity, validators, PR merge, post-merge main validation, and PDF metric consumer contract before display",8032,1599,2242,4191,0,1212,2000,19.91,27.91,52.18,0.0,15.09,24.9,1.17,-0.65,0.83,14.09,-5.18,2.6,13.1,8.4,14.39
2026-07-13 01:01:37 Asia/Taipei,price_pullback_23ema,股價回檔模型,price_pullback_23ema_lifecycle_replay,trade_level_same_stock_active_position_suppressed,1020,06_candle_quality_reference,solid_volume_red_k_vol1.5,buy_point_quality_reference_not_required_gate,solid red K with volume_ratio_prev20 >= 1.5,computed_from_point_in_time_price_volume,excluding_unresolved_anomaly_candidates_sensitivity_only,0,1,,close_prev20_break_then_tp8_or_5ma_next_open,close_confirmed_candidate,8.0,next_open_after_profit_target_or_5ma_close_exit,signal_date_next_open,Buy next open only after the price_pullback_23ema production proxy signal; lifecycle replay suppresses later same-stock signals until the prior accepted trade exits.,9267,1820,9267,6064,1820,3203,34.56,65.44,22330,27.16,237,39.1,237,25.59,279,33.22,21.73,20250610,20260608,-0.18,-2.96,-0.55,mixed_or_neutral_review,research_only_not_production_score,model_lane_research_metric_source_candidate_not_pdf_ready,blocked_until_formal_promotion_and_operation_adapter_contract,not_production_ready_research_only,False,none,blocked_exact_daily_row_parity_operation_adapter_and_metric_contract_required,"requires explicit model-rule decision, lifecycle/operation adapter contract, exact parity, validators, PR merge, post-merge main validation, and PDF metric consumer contract before display",6064,1193,1701,3170,0,840,1771,19.67,28.05,52.28,0.0,13.85,29.21,1.11,-0.78,0.77,13.98,-5.09,2.42,12.56,8.11,13.85
2026-07-13 01:01:37 Asia/Taipei,price_pullback_23ema,股價回檔模型,price_pullback_23ema_lifecycle_replay,trade_level_same_stock_active_position_suppressed,0,00_baseline,baseline_replay,baseline_anchor,production proxy replay only; no additional condition,available_point_in_time_research_frame,including_unresolved_anomaly_candidates_primary,1,1,2380_20260519_unadjusted_capital_reduction_resumption_gap,close_prev20_high_break_next_open,close_confirmed_candidate,,next_open_after_close_breaks_previous_20d_high,signal_date_next_open,Buy next open only after the price_pullback_23ema production proxy signal; lifecycle replay suppresses later same-stock signals until the prior accepted trade exits.,271027,1966,271027,23814,1966,247213,91.21,8.79,23814,100.0,237,1143.57,237,100.48,279,971.42,85.35,20250610,20260608,0.0,0.0,0.0,baseline_trade_level_anchor,research_only_not_production_score,model_lane_research_metric_source_candidate_not_pdf_ready,blocked_until_formal_promotion_and_operation_adapter_contract,not_production_ready_research_only,False,none,blocked_pending_root_cause_anomaly_candidate_review,"requires explicit model-rule decision, lifecycle/operation adapter contract, exact parity, validators, PR merge, post-merge main validation, and PDF metric consumer contract before display",23814,8433,3516,11865,0,6022,0,35.41,14.76,49.82,0.0,25.29,0.0,2.08,-0.42,1.26,9.42,-5.38,4.06,12.61,7.46,14.08
2026-07-13 01:01:37 Asia/Taipei,price_pullback_23ema,股價回檔模型,price_pullback_23ema_lifecycle_replay,trade_level_same_stock_active_position_suppressed,220,05_v1_candidate_stack,v1_gate_return20_tdcc_high,v1_required_gate_plus_chip_candidate,v1 draft: require return20_0_25 and large-holder TDCC high thresholds increased,research_only_v1_candidate_not_production,including_unresolved_anomaly_candidates_primary,1,1,2380_20260519_unadjusted_capital_reduction_resumption_gap,close_prev20_high_break_next_open,close_confirmed_candidate,,next_open_after_close_breaks_previous_20d_high,signal_date_next_open,Buy next open only after the price_pullback_23ema production proxy signal; lifecycle replay suppresses later same-stock signals until the prior accepted trade exits.,7086,1047,7086,1866,1047,5220,73.67,26.33,23814,7.84,124,57.15,110,16.96,279,25.4,6.69,20251128,20260608,23.7,-18.84,1.9,strong_gate_candidate_review,research_only_not_production_score,model_lane_research_metric_source_candidate_not_pdf_ready,blocked_until_formal_promotion_and_operation_adapter_contract,not_production_ready_research_only,False,none,blocked_pending_root_cause_anomaly_candidate_review,"requires explicit model-rule decision, lifecycle/operation adapter contract, exact parity, validators, PR merge, post-merge main validation, and PDF metric consumer contract before display",1866,1103,185,578,0,240,0,59.11,9.91,30.98,0.0,12.86,0.0,3.44,0.83,3.16,8.36,-7.01,3.93,10.89,6.6,16.15
2026-07-13 01:01:37 Asia/Taipei,price_pullback_23ema,股價回檔模型,price_pullback_23ema_lifecycle_replay,trade_level_same_stock_active_position_suppressed,225,05_v1_candidate_stack,v1_gate_return20_tdcc_high_obv,v1_required_gate_plus_chip_and_technical_candidate,"v1 draft: require return20_0_25, large-holder TDCC high thresholds increased, and OBV above MA20",research_only_v1_candidate_not_production,including_unresolved_anomaly_candidates_primary,1,1,2380_20260519_unadjusted_capital_reduction_resumption_gap,close_prev20_high_break_next_open,close_confirmed_candidate,,next_open_after_close_breaks_previous_20d_high,signal_date_next_open,Buy next open only after the price_pullback_23ema production proxy signal; lifecycle replay suppresses later same-stock signals until the prior accepted trade exits.,5047,842,5047,1505,842,3542,70.18,29.82,23814,6.32,124,40.7,107,14.07,279,18.09,5.39,20251128,20260608,27.91,-21.51,2.0,strong_gate_candidate_review,research_only_not_production_score,model_lane_research_metric_source_candidate_not_pdf_ready,blocked_until_formal_promotion_and_operation_adapter_contract,not_production_ready_research_only,False,none,blocked_pending_root_cause_anomaly_candidate_review,"requires explicit model-rule decision, lifecycle/operation adapter contract, exact parity, validators, PR merge, post-merge main validation, and PDF metric consumer contract before display",1505,953,126,426,0,151,0,63.32,8.37,28.31,0.0,10.03,0.0,3.64,0.83,3.26,7.67,-6.68,3.55,10.35,6.2,16.78
2026-07-13 01:01:37 Asia/Taipei,price_pullback_23ema,股價回檔模型,price_pullback_23ema_lifecycle_replay,trade_level_same_stock_active_position_suppressed,1000,06_candle_quality_reference,volume_red_k_vol1.2,buy_point_quality_reference_not_required_gate,bullish red K with volume_ratio_prev20 >= 1.2,computed_from_point_in_time_price_volume,including_unresolved_anomaly_candidates_primary,0,1,,close_prev20_high_break_next_open,close_confirmed_candidate,,next_open_after_close_breaks_previous_20d_high,signal_date_next_open,Buy next open only after the price_pullback_23ema production proxy signal; lifecycle replay suppresses later same-stock signals until the prior accepted trade exits.,27348,1941,27348,11759,1941,15589,57.0,43.0,23814,49.38,237,115.39,237,49.62,279,98.02,42.15,20250610,20260608,10.33,-6.79,-0.44,quality_filter_candidate_review,research_only_not_production_score,model_lane_research_metric_source_candidate_not_pdf_ready,blocked_until_formal_promotion_and_operation_adapter_contract,not_production_ready_research_only,False,none,blocked_exact_daily_row_parity_operation_adapter_and_metric_contract_required,"requires explicit model-rule decision, lifecycle/operation adapter contract, exact parity, validators, PR merge, post-merge main validation, and PDF metric consumer contract before display",11759,5378,1321,5060,0,1922,0,45.74,11.23,43.03,0.0,16.34,0.0,1.32,-0.7,0.82,6.5,-5.79,3.05,12.0,6.27,16.0
2026-07-13 01:01:37 Asia/Taipei,price_pullback_23ema,股價回檔模型,price_pullback_23ema_lifecycle_replay,trade_level_same_stock_active_position_suppressed,1010,06_candle_quality_reference,solid_volume_red_k_vol1.2,buy_point_quality_reference_not_required_gate,solid red K with volume_ratio_prev20 >= 1.2,computed_from_point_in_time_price_volume,including_unresolved_anomaly_candidates_primary,0,1,,close_prev20_high_break_next_open,close_confirmed_candidate,,next_open_after_close_breaks_previous_20d_high,signal_date_next_open,Buy next open only after the price_pullback_23ema production proxy signal; lifecycle replay suppresses later same-stock signals until the prior accepted trade exits.,14453,1891,14453,8416,1891,6037,41.77,58.23,23814,35.34,237,60.98,237,35.51,279,51.8,30.16,20250610,20260608,13.03,-8.77,-0.5,quality_filter_candidate_review,research_only_not_production_score,model_lane_research_metric_source_candidate_not_pdf_ready,blocked_until_formal_promotion_and_operation_adapter_contract,not_production_ready_research_only,False,none,blocked_exact_daily_row_parity_operation_adapter_and_metric_contract_required,"requires explicit model-rule decision, lifecycle/operation adapter contract, exact parity, validators, PR merge, post-merge main validation, and PDF metric consumer contract before display",8416,4077,884,3455,0,1219,0,48.44,10.5,41.05,0.0,14.48,0.0,1.13,-0.66,0.76,5.92,-5.86,2.85,11.74,6.0,16.39
2026-07-13 01:01:37 Asia/Taipei,price_pullback_23ema,股價回檔模型,price_pullback_23ema_lifecycle_replay,trade_level_same_stock_active_position_suppressed,1020,06_candle_quality_reference,solid_volume_red_k_vol1.5,buy_point_quality_reference_not_required_gate,solid red K with volume_ratio_prev20 >= 1.5,computed_from_point_in_time_price_volume,including_unresolved_anomaly_candidates_primary,0,1,,close_prev20_high_break_next_open,close_confirmed_candidate,,next_open_after_close_breaks_previous_20d_high,signal_date_next_open,Buy next open only after the price_pullback_23ema production proxy signal; lifecycle replay suppresses later same-stock signals until the prior accepted trade exits.,9267,1820,9267,6282,1820,2985,32.21,67.79,23814,26.38,237,39.1,237,26.51,279,33.22,22.52,20250610,20260608,16.42,-10.87,-0.58,quality_filter_candidate_review,research_only_not_production_score,model_lane_research_metric_source_candidate_not_pdf_ready,blocked_until_formal_promotion_and_operation_adapter_contract,not_production_ready_research_only,False,none,blocked_exact_daily_row_parity_operation_adapter_and_metric_contract_required,"requires explicit model-rule decision, lifecycle/operation adapter contract, exact parity, validators, PR merge, post-merge main validation, and PDF metric consumer contract before display",6282,3256,579,2447,0,848,0,51.83,9.22,38.95,0.0,13.5,0.0,1.06,-0.82,0.68,5.31,-5.95,2.62,11.16,5.57,16.49
2026-07-13 01:01:37 Asia/Taipei,price_pullback_23ema,股價回檔模型,price_pullback_23ema_lifecycle_replay,trade_level_same_stock_active_position_suppressed,0,00_baseline,baseline_replay,baseline_anchor,production proxy replay only; no additional condition,available_point_in_time_research_frame,excluding_unresolved_anomaly_candidates_sensitivity_only,1,1,2380_20260519_unadjusted_capital_reduction_resumption_gap,close_prev20_high_break_next_open,close_confirmed_candidate,,next_open_after_close_breaks_previous_20d_high,signal_date_next_open,Buy next open only after the price_pullback_23ema production proxy signal; lifecycle replay suppresses later same-stock signals until the prior accepted trade exits.,271026,1966,271026,23813,1966,247213,91.21,8.79,23813,100.0,237,1143.57,237,100.48,279,971.42,85.35,20250610,20260608,0.0,0.0,0.0,baseline_trade_level_anchor,research_only_not_production_score,model_lane_research_metric_source_candidate_not_pdf_ready,blocked_until_formal_promotion_and_operation_adapter_contract,not_production_ready_research_only,False,none,blocked_exact_daily_row_parity_operation_adapter_and_metric_contract_required,"requires explicit model-rule decision, lifecycle/operation adapter contract, exact parity, validators, PR merge, post-merge main validation, and PDF metric consumer contract before display",23813,8432,3516,11865,0,6022,0,35.41,14.77,49.83,0.0,25.29,0.0,2.08,-0.42,1.24,9.39,-5.38,4.06,12.61,7.45,14.08
2026-07-13 01:01:37 Asia/Taipei,price_pullback_23ema,股價回檔模型,price_pullback_23ema_lifecycle_replay,trade_level_same_stock_active_position_suppressed,220,05_v1_candidate_stack,v1_gate_return20_tdcc_high,v1_required_gate_plus_chip_candidate,v1 draft: require return20_0_25 and large-holder TDCC high thresholds increased,research_only_v1_candidate_not_production,excluding_unresolved_anomaly_candidates_sensitivity_only,1,1,2380_20260519_unadjusted_capital_reduction_resumption_gap,close_prev20_high_break_next_open,close_confirmed_candidate,,next_open_after_close_breaks_previous_20d_high,signal_date_next_open,Buy next open only after the price_pullback_23ema production proxy signal; lifecycle replay suppresses later same-stock signals until the prior accepted trade exits.,7085,1047,7085,1865,1047,5220,73.68,26.32,23813,7.83,124,57.14,110,16.95,279,25.39,6.68,20251128,20260608,23.68,-18.84,1.75,strong_gate_candidate_review,research_only_not_production_score,model_lane_research_metric_source_candidate_not_pdf_ready,blocked_until_formal_promotion_and_operation_adapter_contract,not_production_ready_research_only,False,none,blocked_exact_daily_row_parity_operation_adapter_and_metric_contract_required,"requires explicit model-rule decision, lifecycle/operation adapter contract, exact parity, validators, PR merge, post-merge main validation, and PDF metric consumer contract before display",1865,1102,185,578,0,240,0,59.09,9.92,30.99,0.0,12.87,0.0,3.43,0.83,2.99,8.08,-7.01,3.93,10.88,6.58,16.15
2026-07-13 01:01:37 Asia/Taipei,price_pullback_23ema,股價回檔模型,price_pullback_23ema_lifecycle_replay,trade_level_same_stock_active_position_suppressed,225,05_v1_candidate_stack,v1_gate_return20_tdcc_high_obv,v1_required_gate_plus_chip_and_technical_candidate,"v1 draft: require return20_0_25, large-holder TDCC high thresholds increased, and OBV above MA20",research_only_v1_candidate_not_production,excluding_unresolved_anomaly_candidates_sensitivity_only,1,1,2380_20260519_unadjusted_capital_reduction_resumption_gap,close_prev20_high_break_next_open,close_confirmed_candidate,,next_open_after_close_breaks_previous_20d_high,signal_date_next_open,Buy next open only after the price_pullback_23ema production proxy signal; lifecycle replay suppresses later same-stock signals until the prior accepted trade exits.,5046,842,5046,1504,841,3542,70.19,29.81,23813,6.32,124,40.69,107,14.06,279,18.09,5.39,20251128,20260608,27.89,-21.51,1.81,strong_gate_candidate_review,research_only_not_production_score,model_lane_research_metric_source_candidate_not_pdf_ready,blocked_until_formal_promotion_and_operation_adapter_contract,not_production_ready_research_only,False,none,blocked_exact_daily_row_parity_operation_adapter_and_metric_contract_required,"requires explicit model-rule decision, lifecycle/operation adapter contract, exact parity, validators, PR merge, post-merge main validation, and PDF metric consumer contract before display",1504,952,126,426,0,151,0,63.3,8.38,28.32,0.0,10.04,0.0,3.63,0.83,3.05,7.34,-6.68,3.55,10.35,6.19,16.78
2026-07-13 01:01:37 Asia/Taipei,price_pullback_23ema,股價回檔模型,price_pullback_23ema_lifecycle_replay,trade_level_same_stock_active_position_suppressed,1000,06_candle_quality_reference,volume_red_k_vol1.2,buy_point_quality_reference_not_required_gate,bullish red K with volume_ratio_prev20 >= 1.2,computed_from_point_in_time_price_volume,excluding_unresolved_anomaly_candidates_sensitivity_only,0,1,,close_prev20_high_break_next_open,close_confirmed_candidate,,next_open_after_close_breaks_previous_20d_high,signal_date_next_open,Buy next open only after the price_pullback_23ema production proxy signal; lifecycle replay suppresses later same-stock signals until the prior accepted trade exits.,27348,1941,27348,11759,1941,15589,57.0,43.0,23813,49.38,237,115.39,237,49.62,279,98.02,42.15,20250610,20260608,10.33,-6.8,-0.42,quality_filter_candidate_review,research_only_not_production_score,model_lane_research_metric_source_candidate_not_pdf_ready,blocked_until_formal_promotion_and_operation_adapter_contract,not_production_ready_research_only,False,none,blocked_exact_daily_row_parity_operation_adapter_and_metric_contract_required,"requires explicit model-rule decision, lifecycle/operation adapter contract, exact parity, validators, PR merge, post-merge main validation, and PDF metric consumer contract before display",11759,5378,1321,5060,0,1922,0,45.74,11.23,43.03,0.0,16.34,0.0,1.32,-0.7,0.82,6.5,-5.79,3.05,12.0,6.27,16.0
2026-07-13 01:01:37 Asia/Taipei,price_pullback_23ema,股價回檔模型,price_pullback_23ema_lifecycle_replay,trade_level_same_stock_active_position_suppressed,1010,06_candle_quality_reference,solid_volume_red_k_vol1.2,buy_point_quality_reference_not_required_gate,solid red K with volume_ratio_prev20 >= 1.2,computed_from_point_in_time_price_volume,excluding_unresolved_anomaly_candidates_sensitivity_only,0,1,,close_prev20_high_break_next_open,close_confirmed_candidate,,next_open_after_close_breaks_previous_20d_high,signal_date_next_open,Buy next open only after the price_pullback_23ema production proxy signal; lifecycle replay suppresses later same-stock signals until the prior accepted trade exits.,14453,1891,14453,8416,1891,6037,41.77,58.23,23813,35.34,237,60.98,237,35.51,279,51.8,30.16,20250610,20260608,13.03,-8.78,-0.48,quality_filter_candidate_review,research_only_not_production_score,model_lane_research_metric_source_candidate_not_pdf_ready,blocked_until_formal_promotion_and_operation_adapter_contract,not_production_ready_research_only,False,none,blocked_exact_daily_row_parity_operation_adapter_and_metric_contract_required,"requires explicit model-rule decision, lifecycle/operation adapter contract, exact parity, validators, PR merge, post-merge main validation, and PDF metric consumer contract before display",8416,4077,884,3455,0,1219,0,48.44,10.5,41.05,0.0,14.48,0.0,1.13,-0.66,0.76,5.92,-5.86,2.85,11.74,6.0,16.39
2026-07-13 01:01:37 Asia/Taipei,price_pullback_23ema,股價回檔模型,price_pullback_23ema_lifecycle_replay,trade_level_same_stock_active_position_suppressed,1020,06_candle_quality_reference,solid_volume_red_k_vol1.5,buy_point_quality_reference_not_required_gate,solid red K with volume_ratio_prev20 >= 1.5,computed_from_point_in_time_price_volume,excluding_unresolved_anomaly_candidates_sensitivity_only,0,1,,close_prev20_high_break_next_open,close_confirmed_candidate,,next_open_after_close_breaks_previous_20d_high,signal_date_next_open,Buy next open only after the price_pullback_23ema production proxy signal; lifecycle replay suppresses later same-stock signals until the prior accepted trade exits.,9267,1820,9267,6282,1820,2985,32.21,67.79,23813,26.38,237,39.1,237,26.51,279,33.22,22.52,20250610,20260608,16.42,-10.88,-0.56,quality_filter_candidate_review,research_only_not_production_score,model_lane_research_metric_source_candidate_not_pdf_ready,blocked_until_formal_promotion_and_operation_adapter_contract,not_production_ready_research_only,False,none,blocked_exact_daily_row_parity_operation_adapter_and_metric_contract_required,"requires explicit model-rule decision, lifecycle/operation adapter contract, exact parity, validators, PR merge, post-merge main validation, and PDF metric consumer contract before display",6282,3256,579,2447,0,848,0,51.83,9.22,38.95,0.0,13.5,0.0,1.06,-0.82,0.68,5.31,-5.95,2.62,11.16,5.57,16.49
