日期,商品名稱,身份別,多方交易口數,多方交易契約金額(千元),空方交易口數,空方交易契約金額(千元),多空交易口數淨額,多空交易契約金額淨額(千元),多方未平倉口數,多方未平倉契約金額(千元),空方未平倉口數,空方未平倉契約金額(千元),多空未平倉口數淨額,多空未平倉契約金額淨額(千元)
20260807,臺股期貨,自營商,4645,41166476,4745,42099021,-100,-932545,7096,62977963,4584,40665358,2512,22312605
20260807,臺股期貨,投信,1816,16089000,2902,25670789,-1086,-9581789,86632,767558195,3555,31495167,83077,736063028
20260807,臺股期貨,外資及陸資,59846,530957391,58397,518142095,1449,12815296,8321,73785350,96232,852803933,-87911,-779018583
20260807,電子期貨,自營商,61,689679,44,497525,17,192155,17,191103,197,2213839,-180,-2022736
20260807,電子期貨,投信,0,0,1,11227,-1,-11227,193,2168857,0,0,193,2168857
20260807,電子期貨,外資及陸資,105,1187513,124,1401405,-19,-213892,62,696731,290,3258904,-228,-2562173
20260807,金融期貨,自營商,39,123880,1,3175,38,120705,40,127192,115,365686,-75,-238494
20260807,金融期貨,投信,0,0,0,0,0,0,38,120832,0,0,38,120832
20260807,金融期貨,外資及陸資,98,311132,91,288787,7,22345,86,273463,218,693196,-132,-419733
20260807,小型臺指期貨,自營商,8607,19086986,9943,22054565,-1336,-2967580,3204,7121182,9150,20326567,-5946,-13205385
20260807,小型臺指期貨,投信,2,4446,2,4438,0,8,125,276905,96,212626,29,64279
20260807,小型臺指期貨,外資及陸資,150217,333203270,146803,325645080,3414,7558190,1494,3312100,4298,9523853,-2804,-6211753
20260807,微型臺指期貨,自營商,27446,12194237,24347,10784858,3099,1409379,4603,2049556,40043,17778706,-35440,-15729150
20260807,微型臺指期貨,投信,0,0,0,0,0,0,0,0,0,0,0,0
20260807,微型臺指期貨,外資及陸資,229780,101930916,227338,100851344,2442,1079572,11136,4932925,1000,443347,10136,4489578
20260807,小型電子期貨,自營商,100,141390,43,60672,57,80718,246,345672,149,209300,97,136372
20260807,小型電子期貨,投信,0,0,0,0,0,0,77,108162,0,0,77,108162
20260807,小型電子期貨,外資及陸資,412,581849,410,579103,2,2746,27,37927,12,16860,15,21067
20260807,小型金融期貨,自營商,103,81768,49,38871,54,42897,164,130372,30,23849,134,106523
20260807,小型金融期貨,投信,0,0,0,0,0,0,0,0,0,0,0,0
20260807,小型金融期貨,外資及陸資,158,125445,163,129414,-5,-3969,4,3180,4,3180,0,0
20260807,股票期貨,自營商,43574,19001386,46559,19837168,-2985,-835782,116424,42481476,321183,182840274,-204759,-140358798
20260807,股票期貨,投信,5,1215,0,0,5,1215,998,2163193,197,36600,801,2126593
20260807,股票期貨,外資及陸資,306076,153215421,302854,151895486,3222,1319934,212426,148698743,640161,345571618,-427735,-196872875
20260807,ETF期貨,自營商,5376,2316813,5823,2371367,-447,-54554,17174,7483861,44865,25137569,-27691,-17653708
20260807,ETF期貨,投信,0,0,0,0,0,0,10816,10230244,50,20945,10766,10209299
20260807,ETF期貨,外資及陸資,8174,5209442,7719,5070812,455,138630,13676,10373724,7894,6490402,5782,3883322
20260807,櫃買指數期貨,自營商,0,0,0,0,0,0,0,0,0,0,0,0
20260807,櫃買指數期貨,投信,0,0,0,0,0,0,0,0,0,0,0,0
20260807,櫃買指數期貨,外資及陸資,0,0,0,0,0,0,0,0,0,0,0,0
20260807,非金電期貨,自營商,263,41342,327,51503,-64,-10161,161,25516,290,46035,-129,-20519
20260807,非金電期貨,投信,0,0,0,0,0,0,0,0,0,0,0,0
20260807,非金電期貨,外資及陸資,137,21563,88,13845,49,7718,10,1587,39,6191,-29,-4604
20260807,富櫃200期貨,自營商,6,5376,5,4463,1,913,3,2667,31,27435,-28,-24768
20260807,富櫃200期貨,投信,0,0,0,0,0,0,54,47790,0,0,54,47790
20260807,富櫃200期貨,外資及陸資,0,0,0,0,0,0,0,0,0,0,0,0
20260807,臺灣中型100期貨,自營商,682,237411,677,235661,5,1750,714,247188,478,165501,236,81687
20260807,臺灣中型100期貨,投信,0,0,0,0,0,0,0,0,0,0,0,0
20260807,臺灣中型100期貨,外資及陸資,41,14214,41,14208,0,6,0,0,0,0,0,0
20260807,臺灣永續期貨,自營商,0,0,0,0,0,0,76,186710,76,186710,0,0
20260807,臺灣永續期貨,投信,0,0,0,0,0,0,0,0,0,0,0,0
20260807,臺灣永續期貨,外資及陸資,0,0,0,0,0,0,0,0,0,0,0,0
20260807,臺灣生技期貨,自營商,0,0,3,629,-3,-629,0,0,11,2299,-11,-2299
20260807,臺灣生技期貨,投信,0,0,0,0,0,0,0,0,0,0,0,0
20260807,臺灣生技期貨,外資及陸資,0,0,0,0,0,0,0,0,0,0,0,0
20260807,半導體30期貨,自營商,32,24431,32,24509,0,-78,29,22020,37,28103,-8,-6083
20260807,半導體30期貨,投信,0,0,0,0,0,0,0,0,0,0,0,0
20260807,半導體30期貨,外資及陸資,0,0,0,0,0,0,0,0,0,0,0,0
20260807,航運期貨,自營商,0,0,0,0,0,0,0,0,0,0,0,0
20260807,航運期貨,投信,0,0,0,0,0,0,0,0,0,0,0,0
20260807,航運期貨,外資及陸資,0,0,0,0,0,0,0,0,0,0,0,0
20260807,東證期貨,自營商,146,118826,154,125368,-8,-6542,1,816,81,66115,-80,-65299
20260807,東證期貨,投信,0,0,0,0,0,0,0,0,0,0,0,0
20260807,東證期貨,外資及陸資,28,22850,14,11424,14,11426,27,22039,59,48150,-32,-26111
20260807,美國標普500期貨,自營商,22,34493,3,4655,19,29838,0,0,17,26330,-17,-26330
20260807,美國標普500期貨,投信,0,0,0,0,0,0,1,1548,0,0,1,1548
20260807,美國標普500期貨,外資及陸資,0,0,23,36015,-23,-36015,30,46440,81,125512,-51,-79072
20260807,美國那斯達克100期貨,自營商,379,559894,338,499766,41,60128,0,0,202,299573,-202,-299573
20260807,美國那斯達克100期貨,投信,0,0,0,0,0,0,2,2957,0,0,2,2957
20260807,美國那斯達克100期貨,外資及陸資,684,1010043,748,1104104,-64,-94061,118,174657,450,665454,-332,-490797
20260807,美國道瓊期貨,自營商,30,32923,6,6476,24,26447,0,0,78,84490,-78,-84490
20260807,美國道瓊期貨,投信,0,0,0,0,0,0,1,1079,0,0,1,1079
20260807,美國道瓊期貨,外資及陸資,42,45800,138,150098,-96,-104298,218,235656,34,36680,184,198976
20260807,美國費城半導體期貨,自營商,15,14634,15,14644,0,-10,0,0,461,448092,-461,-448092
20260807,美國費城半導體期貨,投信,0,0,0,0,0,0,0,0,0,0,0,0
20260807,美國費城半導體期貨,外資及陸資,41,39380,45,43125,-4,-3744,404,392688,101,98172,303,294516
20260807,英國富時100期貨,自營商,1,542,1,543,0,-1,130,70512,8,4368,122,66144
20260807,英國富時100期貨,投信,0,0,0,0,0,0,0,0,0,0,0,0
20260807,英國富時100期貨,外資及陸資,1,544,1,547,0,-3,159,86249,0,0,159,86249
