date,ticker,name,market,open,high,low,close,volume,turnover
20251221,0062,元大富櫃50,otc,49.42,49.42,46.91,46.93,1031444.0,49309488.0
20251221,0067,元大美債20年,otc,26.53,26.55,26.38,26.41,41096311.0,1087127717.0
20251221,0068,國泰20年美債+櫃U,otc,9.21,9.21,9.21,9.21,75000.0,690750.0
20251221,0069,元大美債7-10,otc,35.49,35.49,35.34,35.39,454908.0,16105482.0
20251221,0071,元大美債1-3,otc,30.88,30.88,30.77,30.83,2777495.0,85582024.0
20251221,0072,國泰優選非投等債,otc,39.2,39.26,39.15,39.17,232607.0,9110600.0
20251221,0073,台新JPM新興債,otc,15.62,15.62,15.62,15.62,1365.0,21604.0
20251221,0074,凱基新興債10+,otc,31.38,31.38,31.37,31.37,101290.0,3177515.0
20251221,0075,復華製藥債,otc,54.3,54.3,54.3,54.3,100818.0,5474501.0
20251221,0076,復華20年美債,otc,50.15,50.15,49.84,49.91,393471.0,19668509.0
20251221,0077,凱基美債25+,otc,27.82,27.83,27.78,27.8,325411.0,9046478.0
20251221,0078,復華公司債A3,otc,47.71,47.72,47.69,47.7,802155.0,38274957.0
20251221,0079,國泰A級醫療債,otc,29.72,29.72,29.58,29.6,310081.0,9188418.0
20251221,0083,永豐10年A公司債,otc,28.68,28.68,28.6,28.6,40000.0,1146110.0
20251221,0084,中信EM主權債0-5,otc,37.06,37.09,37.05,37.05,223830.0,8293267.0
20251221,0085,群益0-1年美債,otc,40.93,40.98,40.89,40.91,3466684.0,141796535.0
20251221,0086,新光A-BBB電信債,otc,31.63,31.63,31.09,31.15,133077.0,4154859.0
20251221,0087,復華中國5G,otc,40.22,40.37,38.66,39.25,6798239.0,267921501.0
20251221,0088,永豐台灣ESG,otc,31.69,31.7,30.55,30.66,8211069.0,255865155.0
20251221,0089,凱基ESG BBB債15+,otc,32.11,32.11,32.11,32.11,100000.0,3211000.0
20251221,0092,中信上櫃ESG 30,otc,38.11,38.11,35.72,36.07,2815204.0,103611229.0
20251221,0093,群益ESG投等債20+,otc,14.8,14.81,14.74,14.75,52427567.0,774161224.0
20251221,0094,中信優息投資級債,otc,9.44,9.45,9.39,9.4,17141428.0,161164908.0
20251221,0095,大華投等美債15Y+,otc,9.32,9.33,9.29,9.3,1429786.0,13313329.0
20251221,0096,元大零息超長美債,otc,8.15,8.15,8.1,8.1,596971.0,4847503.0
20251221,0097,新光BBB投等債20+,otc,9.36,9.39,9.32,9.33,1317997.0,12301383.0
20251221,0098,台新美國非投等債,otc,9.98,9.98,9.96,9.97,637000.0,6351200.0
20251221,0099,主動復華金融股息,otc,16.0,16.01,15.91,15.93,4020877.0,64127610.0
20251221,0200,兆豐半導體氣候N,otc,20.27,20.27,19.05,19.05,40000.0,796560.0
20251221,1240,茂生農經,otc,58.3,58.4,57.8,58.4,14134.0,822723.0
20251221,1259,安心,otc,57.0,59.0,56.7,59.0,20106.0,1161463.0
20251221,1264,德麥,otc,273.0,273.0,271.5,271.5,35896.0,9780015.0
20251221,1268,漢來美食,otc,159.5,159.5,158.0,158.0,45810.0,7270547.0
20251221,1294,漢田生技,otc,77.8,78.0,77.7,77.7,19303.0,1503072.0
20251221,1295,生合,otc,51.1,51.5,50.6,50.6,44948.0,2292315.0
20251221,1336,台翰,otc,13.65,13.7,13.45,13.45,99532.0,1348332.0
20251221,1565,精華,otc,95.4,95.7,93.5,93.6,440730.0,41621728.0
20251221,1569,濱川,otc,52.1,53.7,51.1,52.0,1409178.0,73546149.0
20251221,1570,力肯,otc,39.8,40.0,39.4,39.4,352540.0,13981401.0
20251221,1580,新麥,otc,123.0,123.0,121.5,122.0,74246.0,9075331.0
20251221,1584,精剛,otc,19.75,19.95,19.45,19.75,780410.0,15352023.0
20251221,1586,和勤,otc,21.8,22.2,21.55,22.0,369879.0,8112576.0
20251221,1591,駿吉-KY,otc,52.9,53.8,50.0,50.6,904697.0,46409615.0
20251221,1593,祺驊,otc,30.95,32.0,30.95,31.2,25154.0,783829.0
20251221,1595,川寶,otc,92.7,92.7,85.0,85.0,965804.0,83714314.0
20251221,1599,宏佳騰,otc,23.7,24.1,23.5,23.85,72885.0,1738012.0
20251221,1742,台蠟,otc,15.2,15.9,15.05,15.05,38619.0,590039.0
20251221,1777,生泰,otc,70.7,70.8,70.5,70.7,29035.0,2052082.0
20251221,1781,合世,otc,10.4,10.5,10.3,10.4,40019.0,417142.0
20251221,1784,訊聯,otc,78.6,78.6,73.0,73.0,337813.0,25414106.0
20251221,1785,光洋科,otc,151.0,159.0,149.5,153.0,26613704.0,4105068522.0
20251221,1788,杏昌,otc,136.0,136.0,135.0,135.5,28196.0,3817322.0
20251221,1796,金穎生技,otc,36.4,36.4,35.6,36.0,9129.0,326996.0
20251221,1799,易威,otc,36.8,37.2,35.75,36.15,133675.0,4843055.0
20251221,1813,寶利徠,otc,12.15,12.2,12.1,12.2,44614.0,541749.0
20251221,1815,富喬,otc,107.5,108.5,102.0,102.5,23524299.0,2467684994.0
20251221,2035,唐榮,otc,28.2,28.2,27.6,27.6,19165.0,537744.0
20251221,2061,風青,otc,21.6,22.0,21.15,21.15,707406.0,15236670.0
20251221,2063,世鎧,otc,25.35,25.35,24.9,25.15,20292.0,508937.0
20251221,2064,晉椿,otc,12.85,12.85,12.8,12.85,33653.0,432195.0
20251221,2065,世豐,otc,33.25,33.7,33.0,33.5,203619.0,6769434.0
20251221,2066,世德,otc,61.1,61.1,57.6,60.7,1229914.0,73614414.0
20251221,2067,嘉鋼,otc,6.92,6.92,6.77,6.87,35031.0,240062.0
20251221,2070,精湛,otc,64.3,67.6,63.8,65.2,949157.0,62184188.0
20251221,2221,大甲,otc,46.1,49.0,46.1,48.1,7636711.0,361054982.0
20251221,2230,泰茂,otc,29.85,30.2,29.05,29.05,305445.0,9022405.0
20251221,2235,謚源,otc,30.05,30.4,30.05,30.4,4202.0,127188.0
20251221,2596,綠意,otc,29.75,29.75,28.5,28.55,148515.0,4277167.0
20251221,2640,大車隊,otc,166.0,166.0,161.5,162.5,19869.0,3257347.0
20251221,2641,正德,otc,17.95,17.95,17.35,17.35,2064371.0,36299230.0
20251221,2643,捷迅,otc,66.8,66.8,65.6,66.5,35606.0,2346501.0
20251221,2718,全心投控,otc,47.05,47.05,46.3,46.4,116130.0,5402628.0
20251221,2719,燦星旅,otc,25.95,25.95,25.55,25.55,12122.0,312236.0
20251221,2724,藝舍-KY,otc,14.5,14.5,14.25,14.45,25068.0,358479.0
20251221,2726,雅茗-KY,otc,9.33,9.63,9.24,9.34,86371.0,806586.0
20251221,2729,瓦城,otc,163.5,165.0,162.5,164.0,45233.0,7393980.0
20251221,2732,六角,otc,65.6,65.8,64.6,65.8,39369.0,2576110.0
20251221,2734,易飛網,otc,15.55,15.85,15.4,15.4,101548.0,1570839.0
20251221,2736,富野,otc,12.35,12.35,12.0,12.0,136959.0,1660444.0
20251221,2740,華軒,otc,37.9,37.9,33.9,37.2,7100.0,252234.0
20251221,2743,山富,otc,69.8,69.8,67.5,67.6,152094.0,10409020.0
20251221,2745,五福,otc,102.5,102.5,100.5,101.0,146132.0,14783908.0
20251221,2751,王座,otc,53.2,53.5,52.9,53.5,18543.0,985967.0
20251221,2752,豆府,otc,183.0,183.0,180.0,182.0,29931.0,5425893.0
20251221,2754,亞洲藏壽司,otc,71.2,71.4,69.3,69.5,24814.0,1738933.0
20251221,2755,揚秦,otc,132.5,133.0,131.5,131.5,26508.0,3506452.0
20251221,2756,聯發國際,otc,60.6,60.7,59.6,60.0,35198.0,2113344.0
20251221,2916,滿心,otc,46.5,47.1,46.45,46.75,58665.0,2735996.0
20251221,2926,誠品生活,otc,35.4,36.0,35.4,35.95,16154.0,576710.0
20251221,2937,集雅社,otc,45.8,46.2,44.3,46.2,17071.0,774349.0
20251221,2941,米斯特,otc,31.05,32.95,30.85,32.9,15003.0,474300.0
20251221,2947,振宇五金,otc,78.5,78.5,78.5,78.5,3382.0,265427.0
20251221,2948,寶陞,otc,37.0,39.45,37.0,39.45,5803.0,219483.0
20251221,2949,欣新網,otc,58.5,63.0,58.5,61.2,43086.0,2664546.0
20251221,3064,泰偉,otc,20.2,20.2,18.3,18.3,12529.0,232270.0
20251221,3066,李洲,otc,18.3,19.75,18.15,19.4,654660.0,12318577.0
20251221,3067,全域,otc,17.25,17.3,17.25,17.3,13000.0,224400.0
20251221,3071,協禧,otc,30.0,30.15,29.0,29.05,568683.0,16868290.0
20251221,3073,天方能源,otc,21.6,22.0,20.85,22.0,172626.0,3765772.0
20251221,3078,僑威,otc,55.0,55.5,53.8,53.9,1894375.0,103188376.0
20251221,3081,聯亞,otc,3000.0,3000.0,2655.0,2655.0,3144828.0,8686195655.0
20251221,3083,網龍,otc,26.45,27.85,26.25,27.35,402218.0,10967008.0
20251221,3085,新零售,otc,12.6,12.6,12.55,12.6,9100.0,114454.0
20251221,3086,華義*,otc,38.7,39.65,37.65,37.85,410884.0,15752622.0
20251221,3088,艾訊,otc,131.5,133.5,128.5,131.0,2270263.0,296603210.0
20251221,3093,港建*,otc,52.2,52.9,49.7,50.5,1490153.0,76185505.0
20251221,3095,及成,otc,45.95,45.95,44.3,45.0,22301.0,999901.0
20251221,3105,穩懋,otc,490.0,492.5,452.0,458.5,28148641.0,13095387461.0
20251221,3114,好德,otc,27.5,28.0,26.9,27.0,934816.0,25869454.0
20251221,3115,富榮綱,otc,9.33,9.38,9.25,9.37,30173.0,280622.0
20251221,3118,進階,otc,33.55,33.65,33.55,33.55,9749.0,329128.0
20251221,3122,笙泉,otc,38.5,39.0,36.25,36.8,724869.0,26943978.0
20251221,3128,昇銳,otc,23.5,23.5,22.7,22.7,89913.0,2066340.0
20251221,3131,弘塑,otc,3060.0,3060.0,2870.0,2870.0,464023.0,1355348435.0
20251221,3141,晶宏,otc,64.2,68.8,64.2,65.5,5734178.0,383117917.0
20251221,3147,大綜,otc,177.5,179.5,171.5,172.0,290704.0,51021313.0
20251221,3152,璟德,otc,175.0,185.0,165.0,166.0,4166253.0,730533496.0
20251221,3158,嘉實,otc,87.5,87.5,87.0,87.1,13501.0,1179016.0
20251221,3162,精確,otc,83.7,86.8,83.5,83.7,3633030.0,308811981.0
20251221,3163,波若威,otc,1020.0,1020.0,950.0,950.0,882389.0,865902433.0
20251221,3169,亞信,otc,114.5,115.5,109.0,110.5,624083.0,69852087.0
20251221,3171,炎洲流通,otc,70.3,70.3,67.5,67.9,35853.0,2488400.0
20251221,3176,基亞,otc,32.95,34.3,32.95,33.6,1943721.0,66088476.0
20251221,3178,公準,otc,68.0,68.6,66.0,66.3,96041.0,6458717.0
20251221,3188,鑫龍騰,otc,25.0,25.0,24.1,24.1,372572.0,9087550.0
20251221,3191,雲嘉南,otc,14.0,14.5,13.7,14.2,91381.0,1292024.0
20251221,3205,佰研,otc,53.0,54.6,52.8,53.1,155513.0,8332431.0
20251221,3206,志豐,otc,38.55,38.95,38.0,38.1,220106.0,8453172.0
20251221,3207,耀勝,otc,57.3,62.9,54.6,62.9,773997.0,44567511.0
20251221,3211,順達,otc,377.0,387.5,357.0,359.5,10131419.0,3748216971.0
20251221,3213,茂訊,otc,116.0,116.5,113.5,114.0,604790.0,69387465.0
20251221,3217,優群,otc,190.0,191.0,183.0,184.0,2724742.0,505097160.0
20251221,3218,大學光,otc,130.5,130.5,127.0,127.0,280954.0,36164366.0
20251221,3219,倚強科,otc,82.6,89.2,81.8,89.2,2247503.0,194136362.0
20251221,3221,台嘉碩,otc,42.2,43.75,40.0,40.55,4538814.0,190235901.0
20251221,3224,三顧,otc,43.6,43.6,41.8,42.0,129519.0,5490948.0
20251221,3226,龍鋒,otc,40.0,41.5,40.0,41.5,5161.0,212109.0
20251221,3227,原相,otc,230.0,233.5,220.0,220.0,2847973.0,646632490.0
20251221,3228,金麗科,otc,210.0,213.5,195.0,199.0,1317831.0,267034982.0
20251221,3230,錦明,otc,31.6,32.0,30.25,30.25,700383.0,21705350.0
20251221,3232,昱捷,otc,20.8,20.8,20.25,20.75,98457.0,2014399.0
20251221,3234,光環,otc,100.0,101.0,95.6,96.5,1983063.0,193000167.0
20251221,3236,千如,otc,39.15,42.7,38.0,38.9,20187051.0,814004129.0
20251221,3252,海灣,otc,18.1,18.2,18.1,18.15,5101.0,92566.0
20251221,3259,鑫創,otc,17.1,17.1,16.5,16.5,62520.0,1045565.0
20251221,3260,威剛,otc,452.0,452.0,424.5,425.0,17143130.0,7451268334.0
20251221,3264,欣銓,otc,232.0,241.0,222.0,226.0,19342641.0,4442983589.0
20251221,3265,台星科,otc,184.5,187.5,180.5,183.5,3756595.0,691998256.0
20251221,3268,海德威,otc,17.25,18.55,17.25,17.3,464260.0,8405466.0
20251221,3272,東碩,otc,18.0,18.0,17.2,17.25,168806.0,2967642.0
20251221,3276,宇環,otc,15.4,15.65,14.7,14.75,508973.0,7659113.0
20251221,3284,太普高,otc,16.0,16.0,15.6,15.65,191345.0,3031023.0
20251221,3285,微端,otc,28.25,29.0,28.0,29.0,60169.0,1715117.0
20251221,3287,廣寰科,otc,31.9,32.9,31.8,32.0,574759.0,18559586.0
20251221,3288,點晶,otc,15.0,15.25,15.0,15.25,7106.0,107829.0
20251221,3289,宜特,otc,169.0,178.0,166.5,167.0,3923393.0,671133967.0
20251221,3290,東浦,otc,48.45,48.8,44.15,45.05,2969438.0,137915868.0
20251221,3293,鈊象,otc,724.0,729.0,717.0,721.0,1783382.0,1285704599.0
20251221,3294,英濟,otc,36.4,36.5,35.7,36.5,2989821.0,108972137.0
20251221,3297,杭特,otc,31.35,31.7,30.3,30.6,116990.0,3596907.0
20251221,3303,岱稜,otc,50.5,50.5,49.1,49.15,398193.0,19741754.0
20251221,3306,鼎天,otc,45.0,45.45,44.45,44.7,220461.0,9922396.0
20251221,3310,佳穎,otc,69.5,69.5,68.2,69.5,23075.0,1591107.0
20251221,3313,斐成,otc,11.3,11.3,11.0,11.05,271454.0,3027516.0
20251221,3317,尼克森,otc,75.0,76.1,71.7,75.3,13856373.0,1036616207.0
20251221,3322,建舜電,otc,13.7,13.8,12.85,12.9,1306121.0,17259518.0
20251221,3323,加百裕,otc,35.8,37.0,34.35,34.7,2413027.0,86300298.0
20251221,3324,雙鴻,otc,1040.0,1050.0,990.0,995.0,2759717.0,2793440220.0
20251221,3325,旭品,otc,12.1,12.35,12.0,12.05,507390.0,6150328.0
20251221,3332,幸康,otc,66.7,67.9,64.2,64.5,17108.0,1112033.0
20251221,3339,泰谷,otc,49.15,53.0,47.6,48.05,3097608.0,154731280.0
20251221,3349,寶德,otc,19.15,19.2,17.15,19.0,271429.0,5062009.0
20251221,3354,律勝,otc,33.7,34.5,32.25,33.0,1306567.0,43546884.0
20251221,3357,臺慶科,otc,221.0,249.5,218.0,220.0,13240307.0,3074920587.0
20251221,3360,尚立,otc,15.6,15.9,14.9,14.9,1339040.0,20299634.0
20251221,3362,先進光,otc,113.0,120.0,111.5,112.5,6612631.0,760991028.0
20251221,3363,上詮,otc,936.0,946.0,836.0,841.0,5946844.0,5240031985.0
20251221,3372,典範,otc,19.35,20.0,19.3,19.55,883923.0,17417084.0
20251221,3373,熱映,otc,16.85,17.0,16.8,16.8,54604.0,920742.0
20251221,3374,精材,otc,279.5,285.0,273.0,278.0,47620022.0,13444690255.0
20251221,3379,彬台,otc,34.15,37.55,34.15,37.55,1007610.0,37185923.0
20251221,3388,崇越電,otc,110.0,110.5,97.2,97.2,5041293.0,508203108.0
20251221,3390,旭軟,otc,28.0,28.95,26.85,26.85,5173415.0,145092383.0
20251221,3402,漢科,otc,140.5,140.5,135.0,135.5,791188.0,108595803.0
20251221,3426,台興,otc,47.7,47.7,47.7,47.7,17003.0,811042.0
20251221,3430,奇鈦科,otc,173.0,187.5,172.5,172.5,6590733.0,1186774250.0
20251221,3434,哲固,otc,28.4,29.05,28.35,28.35,92697.0,2645651.0
20251221,3438,類比科,otc,63.4,67.5,62.7,65.0,995699.0,65161090.0
20251221,3441,聯一光,otc,44.65,46.4,43.1,44.45,5923949.0,265356258.0
20251221,3444,利機,otc,95.9,97.0,91.0,92.5,505353.0,47142473.0
20251221,3455,由田,otc,289.0,289.0,264.0,264.5,500538.0,135669940.0
20251221,3465,進泰電子,otc,27.5,27.85,27.35,27.85,17180.0,472998.0
20251221,3466,德晉,otc,39.45,39.45,37.0,37.0,664919.0,25113856.0
20251221,3467,台灣精材,otc,66.0,67.5,64.6,65.2,267831.0,17634876.0
20251221,3479,安勤,otc,105.0,105.5,102.0,102.0,1012081.0,104760360.0
20251221,3483,力致,otc,88.8,90.2,87.0,87.7,1122659.0,99601904.0
20251221,3484,崧騰,otc,42.75,42.9,42.1,42.35,325444.0,13800651.0
20251221,3485,敘豐,otc,292.0,292.5,271.5,275.0,392890.0,109622470.0
20251221,3489,森寶,otc,22.0,22.2,21.3,21.55,197681.0,4265646.0
20251221,3490,單井,otc,39.2,39.2,35.15,36.9,8333672.0,318297292.0
20251221,3491,昇達科,otc,1650.0,1725.0,1615.0,1690.0,2223617.0,3738830340.0
20251221,3492,長盛,otc,22.7,22.7,22.25,22.25,70650.0,1592877.0
20251221,3498,陽程,otc,141.0,149.0,132.5,149.0,7585878.0,1091590283.0
20251221,3499,環天科,otc,14.65,14.7,14.25,14.5,90698.0,1313533.0
20251221,3508,位速,otc,20.0,20.15,19.35,19.55,392059.0,7733336.0
20251221,3511,矽瑪,otc,20.5,20.9,19.8,19.8,318275.0,6446034.0
20251221,3512,皇龍,otc,20.55,20.55,20.2,20.2,110357.0,2239045.0
20251221,3516,亞帝歐,otc,25.5,25.5,22.9,22.9,2223633.0,52041492.0
20251221,3520,華盈,otc,15.05,15.05,14.7,14.9,198625.0,2949163.0
20251221,3521,台鋼建設,otc,13.2,13.2,13.0,13.1,46316.0,607138.0
20251221,3522,御嵿,otc,12.9,13.2,12.6,12.65,167905.0,2158445.0
20251221,3523,迎輝,otc,11.65,11.65,10.5,10.55,128535.0,1372301.0
20251221,3526,凡甲,otc,385.0,385.0,373.5,374.0,839896.0,318719589.0
20251221,3527,聚積,otc,62.3,62.5,60.0,60.0,172232.0,10495469.0
20251221,3529,力旺,otc,3960.0,4025.0,3800.0,3830.0,509287.0,1982027565.0
20251221,3531,先益,otc,23.4,23.4,23.4,23.4,1014.0,23721.0
20251221,3537,堡達,otc,51.5,56.5,51.4,53.0,4683357.0,253322165.0
20251221,3540,曜越,otc,26.9,26.9,26.0,26.2,364207.0,9541014.0
20251221,3541,西柏,otc,22.8,22.9,22.8,22.8,84733.0,1937007.0
20251221,3546,宇峻,otc,78.6,78.7,78.6,78.7,751742.0,59138020.0
20251221,3548,兆利,otc,94.6,96.7,92.8,93.0,629387.0,59673321.0
20251221,3551,世禾,otc,217.0,217.0,205.0,206.5,1576816.0,330289429.0
20251221,3552,同致,otc,55.5,56.6,53.0,53.0,524105.0,28557133.0
20251221,3555,博士旺,otc,216.0,224.0,205.0,205.0,275367.0,58823155.0
20251221,3556,禾瑞亞,otc,54.3,55.0,52.2,52.2,428052.0,22867923.0
20251221,3558,神準,otc,111.5,121.0,111.5,121.0,656181.0,78389194.0
20251221,3564,其陽,otc,42.0,42.0,41.0,41.0,148289.0,6129346.0
20251221,3567,逸昌,otc,28.5,29.5,28.25,28.35,131996.0,3784414.0
20251221,3570,大塚,otc,174.5,174.5,171.0,171.5,40925.0,7074467.0
20251221,3577,泓格,otc,113.0,119.5,105.5,108.0,3323696.0,371527926.0
20251221,3580,友威科,otc,96.0,105.0,94.5,105.0,6425036.0,657439645.0
20251221,3581,博磊,otc,226.0,226.0,204.0,210.0,369740.0,78476495.0
20251221,3587,閎康,otc,370.0,377.0,350.0,353.0,4087089.0,1471972363.0
20251221,3594,磐儀,otc,53.0,53.3,49.7,49.7,2839047.0,145276911.0
20251221,3597,映興,otc,27.5,27.85,26.85,26.85,94448.0,2572124.0
20251221,3609,三一東林,otc,27.95,28.25,25.1,27.35,871010.0,23063027.0
20251221,3611,鼎翰,otc,191.0,191.0,187.5,188.0,41731.0,7877768.0
20251221,3615,安可,otc,36.25,39.5,35.35,37.25,12587370.0,472892114.0
20251221,3623,富晶通,otc,23.0,23.2,22.65,22.8,44750.0,1022393.0
20251221,3624,光頡,otc,74.1,80.5,71.4,76.2,33811522.0,2625955732.0
20251221,3625,西勝,otc,14.5,14.65,13.65,13.9,759141.0,10645273.0
20251221,3628,盈正,otc,64.6,64.8,62.9,62.9,242723.0,15468269.0
20251221,3630,新鉅科,otc,25.5,27.0,25.3,25.6,1841771.0,48059177.0
20251221,3631,晟楠,otc,39.0,39.5,38.1,38.1,184365.0,7097456.0
20251221,3632,研勤,otc,8.23,8.23,8.22,8.22,30205.0,248794.0
20251221,3646,艾恩特,otc,24.45,24.6,23.3,23.8,95423.0,2271958.0
20251221,3663,鑫科,otc,68.8,72.6,67.7,69.0,3634712.0,253938716.0
20251221,3664,安瑞-KY,otc,9.23,9.23,9.23,9.23,90960.0,839556.0
20251221,3666,光耀,otc,29.0,29.1,28.3,28.65,152314.0,4376661.0
20251221,3672,康聯訊,otc,11.05,11.25,11.0,11.0,8015.0,88755.0
20251221,3675,德微,otc,259.0,267.0,240.5,242.0,2240042.0,559110837.0
20251221,3680,家登,otc,592.0,592.0,557.0,568.0,3254170.0,1865277445.0
20251221,3684,榮昌,otc,58.3,60.1,58.3,59.3,183469.0,10923591.0
20251221,3685,元創精密,otc,28.15,28.15,27.0,27.5,237020.0,6478066.0
20251221,3687,歐買尬,otc,63.2,64.2,62.5,62.5,90781.0,5729196.0
20251221,3689,湧德,otc,124.0,126.0,118.5,119.0,3281073.0,398533032.0
20251221,3691,碩禾,otc,152.5,152.5,146.5,152.5,5168488.0,781776449.0
20251221,3693,營邦,otc,567.0,567.0,544.0,546.0,1094076.0,603841590.0
20251221,3707,漢磊,otc,85.0,87.5,79.2,80.4,50909662.0,4216660856.0
20251221,3709,鑫聯大投控,otc,82.3,84.5,79.8,81.1,2683461.0,219658206.0
20251221,3710,連展投控,otc,6.22,6.23,6.09,6.18,340288.0,2093975.0
20251221,3713,新晶投控,otc,13.55,13.55,12.95,13.25,288314.0,3811432.0
20251221,4102,永日,otc,17.2,17.2,16.9,17.0,73530.0,1252743.0
20251221,4105,東洋,otc,76.2,76.4,74.5,75.1,697385.0,52531711.0
20251221,4107,邦特,otc,119.0,119.5,118.5,118.5,59175.0,7046012.0
20251221,4109,加捷生醫,otc,11.2,11.3,11.0,11.05,331261.0,3685395.0
20251221,4111,濟生,otc,30.2,30.6,30.0,30.15,124024.0,3755632.0
20251221,4113,聯上,otc,14.4,14.6,14.35,14.6,241925.0,3501049.0
20251221,4114,健喬,otc,30.75,31.25,30.65,30.65,1423744.0,43961512.0
20251221,4116,明基醫,otc,38.3,38.3,38.25,38.25,25150.0,963106.0
20251221,4120,友華,otc,46.25,46.75,46.2,46.2,126981.0,5871312.0
20251221,4121,優盛,otc,13.95,13.95,13.7,13.7,97119.0,1335169.0
20251221,4123,晟德,otc,39.75,39.75,38.3,38.3,4069225.0,158243299.0
20251221,4126,太醫,otc,80.0,80.5,79.9,80.0,26359.0,2109162.0
20251221,4127,天良,otc,41.25,41.25,39.05,39.1,2597766.0,101893127.0
20251221,4128,中天,otc,15.4,15.4,14.55,14.6,2041000.0,30253166.0
20251221,4129,聯合,otc,91.9,93.6,91.9,93.2,238104.0,22129652.0
20251221,4130,健亞,otc,28.2,28.2,27.5,27.6,124562.0,3462325.0
20251221,4131,浩泰,otc,35.35,35.35,34.85,35.3,51006.0,1791708.0
20251221,4138,曜亞,otc,51.3,51.5,51.2,51.2,54928.0,2818246.0
20251221,4139,馬光-KY,otc,23.9,24.4,23.5,24.4,8120.0,192408.0
20251221,4147,中裕,otc,52.8,54.0,50.5,51.1,1540757.0,80392471.0
20251221,4153,鈺緯,otc,30.7,31.4,30.25,30.5,37647.0,1147288.0
20251221,4154,樂威科-KY,otc,14.45,14.45,13.3,13.3,67201.0,941816.0
20251221,4157,太景*-KY,otc,9.24,9.39,9.13,9.17,880760.0,8099456.0
20251221,4160,訊聯基因,otc,43.1,43.5,41.5,41.85,117870.0,5057970.0
20251221,4161,聿新科,otc,23.1,23.5,22.6,23.4,149181.0,3454552.0
20251221,4162,智擎,otc,56.2,56.3,55.0,55.0,414162.0,23012129.0
20251221,4163,鐿鈦,otc,114.0,118.0,113.5,118.0,390568.0,45716623.0
20251221,4166,友霖,otc,26.2,26.4,25.65,25.7,230588.0,6000084.0
20251221,4167,松瑞藥,otc,19.3,19.3,18.85,18.9,909915.0,17393827.0
20251221,4168,醣聯,otc,22.65,24.9,22.65,24.5,1079441.0,26436405.0
20251221,4171,瑞基,otc,18.05,18.2,17.75,17.75,122753.0,2197896.0
20251221,4173,久裕,otc,18.8,18.8,18.3,18.4,126226.0,2332328.0
20251221,4174,浩鼎,otc,33.5,33.6,32.5,32.5,441778.0,14580243.0
20251221,4175,杏一,otc,53.4,53.9,53.0,53.0,35457.0,1900247.0
20251221,4183,福永生技,otc,13.25,13.25,13.25,13.25,10005.0,132566.0
20251221,4188,安克,otc,11.5,11.55,11.45,11.55,14865.0,170920.0
20251221,4198,欣大健康,otc,37.0,37.15,37.0,37.15,4397.0,162505.0
20251221,4205,中華食,otc,73.1,73.1,72.9,73.0,33175.0,2421879.0
20251221,4207,環泰,otc,19.05,19.05,18.65,18.85,415690.0,7812326.0
20251221,4303,信立,otc,48.55,49.2,47.0,47.0,1271197.0,61126004.0
20251221,4304,勝昱,otc,29.8,30.0,28.3,28.9,31000.0,901600.0
20251221,4305,世坤,otc,44.3,44.45,43.9,44.0,16002.0,706438.0
20251221,4401,東隆興,otc,14.15,14.8,14.0,14.8,343586.0,4985749.0
20251221,4402,郡都開發,otc,11.7,12.65,11.4,12.25,165278.0,1958853.0
20251221,4406,新昕纖,otc,10.0,10.0,9.81,9.91,486108.0,4814470.0
20251221,4413,飛寶企業,otc,18.15,18.4,18.1,18.4,4225.0,76872.0
20251221,4416,三圓,otc,12.35,12.35,11.5,11.55,266002.0,3138334.0
20251221,4417,金洲,otc,46.0,46.0,45.05,45.1,230077.0,10434900.0
20251221,4419,皇家美食,otc,46.1,47.0,45.05,46.3,16248.0,748168.0
20251221,4420,光明,otc,41.0,41.0,40.45,40.45,77881.0,3159263.0
20251221,4430,耀億,otc,16.55,17.15,16.55,17.0,24920.0,420111.0
20251221,4432,銘旺實,otc,18.0,18.2,16.95,17.4,826219.0,14507899.0
20251221,4433,興采,otc,20.1,21.55,20.1,21.55,271902.0,5743268.0
20251221,4442,竣邦-KY,otc,53.0,53.0,49.55,51.0,110280.0,5627944.0
20251221,4502,健信,otc,15.8,16.1,15.3,16.1,57254.0,900348.0
20251221,4503,金雨,otc,44.45,44.8,43.4,43.4,274191.0,12124426.0
20251221,4506,崇友,otc,118.5,119.5,118.5,118.5,67271.0,8002400.0
20251221,4510,高鋒,otc,46.85,49.0,46.5,48.55,7229210.0,349093770.0
20251221,4513,福裕,otc,14.85,15.05,14.4,14.4,484260.0,7090612.0
20251221,4523,永彰,otc,29.0,29.0,28.05,28.1,244600.0,6961763.0
20251221,4527,方土霖,otc,43.7,43.7,43.25,43.25,38582.0,1673888.0
20251221,4528,江興鍛,otc,16.0,16.0,15.75,15.75,32490.0,514317.0
20251221,4529,淳紳,otc,5.15,5.47,4.9,5.47,160950.0,829140.0
20251221,4530,宏易,otc,25.3,26.2,25.3,26.2,7177.0,182815.0
20251221,4533,協易機,otc,31.2,32.65,30.6,32.2,5948323.0,190718070.0
20251221,4534,慶騰,otc,23.3,24.15,22.2,22.8,619370.0,14389219.0
20251221,4535,至興,otc,27.55,27.55,27.55,27.55,1215.0,33354.0
20251221,4538,大詠城,otc,18.6,18.6,18.15,18.3,13155.0,241846.0
20251221,4541,晟田,otc,45.55,46.55,44.05,44.1,1813245.0,82285925.0
20251221,4542,科嶠,otc,214.0,217.0,205.0,205.0,320389.0,67309230.0
20251221,4543,萬在,otc,36.9,37.8,36.9,37.3,261899.0,9794052.0
20251221,4549,桓達,otc,98.4,99.1,94.1,94.6,255791.0,24614881.0
20251221,4550,長佳,otc,24.35,24.7,24.25,24.7,43342.0,1057572.0
20251221,4554,橙的,otc,31.15,31.3,30.05,30.15,337690.0,10345906.0
20251221,4556,旭然,otc,42.15,42.65,38.4,38.55,1179937.0,46676887.0
20251221,4558,寶緯,otc,20.2,20.3,19.55,20.1,72045.0,1441508.0
20251221,4561,健椿,otc,49.2,49.4,47.6,48.1,365679.0,17832378.0
20251221,4563,百德,otc,46.8,49.5,46.65,47.3,521396.0,25049183.0
20251221,4568,科際精密,otc,41.05,41.05,40.05,40.1,13055.0,525362.0
20251221,4577,達航科技,otc,135.0,139.0,128.0,129.0,1065383.0,141444947.0
20251221,4580,捷流閥業,otc,82.0,82.8,81.3,81.6,85624.0,7024706.0
20251221,4584,君帆,otc,40.75,42.6,40.75,41.95,8400.0,348800.0
20251221,4609,唐鋒,otc,5.67,5.67,5.37,5.63,117453.0,665024.0
20251221,4702,中美實,otc,9.67,9.96,9.67,9.79,237680.0,2344187.0
20251221,4706,大恭,otc,31.7,32.0,31.7,32.0,12156.0,388272.0
20251221,4707,磐亞,otc,15.05,15.1,14.6,14.75,1216259.0,18063241.0
20251221,4711,永純,otc,16.5,17.15,16.5,16.85,186329.0,3136077.0
20251221,4714,永捷,otc,13.85,13.85,13.25,13.25,1644058.0,22206461.0
20251221,4716,大立,otc,15.0,15.4,15.0,15.15,450138.0,6811700.0
20251221,4721,美琪瑪,otc,94.4,94.4,89.4,89.8,1648771.0,150511574.0
20251221,4726,永昕,otc,29.0,29.45,28.0,28.25,505911.0,14487827.0
20251221,4728,雙美,otc,384.5,384.5,384.5,384.5,5029.0,1933568.0
20251221,4729,熒茂,otc,20.45,21.2,20.45,20.75,310368.0,6435710.0
20251221,4735,豪展,otc,30.9,30.9,30.7,30.75,18460.0,568077.0
20251221,4741,泓瀚,otc,64.4,65.0,58.1,58.2,1870876.0,114732292.0
20251221,4743,合一,otc,52.3,52.3,50.2,50.3,2550227.0,129952068.0
20251221,4744,皇將,otc,33.5,33.85,33.05,33.1,467643.0,15612747.0
20251221,4745,合富-KY,otc,19.95,19.95,18.55,18.7,145955.0,2781928.0
20251221,4747,強生,otc,56.5,58.0,56.5,58.0,102569.0,5875350.0
20251221,4749,新應材,otc,1140.0,1145.0,1010.0,1015.0,4648196.0,4875012320.0
20251221,4754,國碳科,otc,38.5,38.7,38.5,38.5,47308.0,1823483.0
20251221,4760,勤凱,otc,317.0,320.0,289.5,299.0,2412256.0,733778085.0
20251221,4767,誠泰科技,otc,26.85,27.0,26.45,26.65,23116.0,619245.0
20251221,4768,晶呈科技,otc,470.0,470.0,424.0,430.5,1639287.0,726020964.0
20251221,4772,台特化,otc,309.5,310.5,296.0,299.5,1949912.0,589359510.0
20251221,4806,桂田文創,otc,10.0,10.2,10.0,10.15,7610.0,76903.0
20251221,4903,聯光通,otc,50.0,50.2,47.05,48.6,6646768.0,320854389.0
20251221,4905,台聯電,otc,78.3,80.0,78.2,78.2,21006.0,1655613.0
20251221,4907,富宇,otc,39.2,39.3,38.6,38.85,23230.0,905891.0
20251221,4908,前鼎,otc,245.0,249.0,236.0,242.5,686169.0,166312641.0
20251221,4909,新復興,otc,52.0,52.5,49.05,49.2,1594595.0,80412002.0
20251221,4911,德英,otc,31.0,31.6,31.0,31.0,51537.0,1606169.0
20251221,4923,力士,otc,38.7,39.4,36.4,36.65,500970.0,18797663.0
20251221,4924,欣厚-KY,otc,10.7,11.45,10.6,10.75,308434.0,3459675.0
20251221,4931,新盛力,otc,199.0,213.5,182.5,183.5,24882526.0,4928768501.0
20251221,4933,友輝,otc,69.8,69.9,67.3,67.4,627133.0,42908114.0
20251221,4939,亞電,otc,38.5,40.0,37.55,37.9,3058863.0,118036378.0
20251221,4946,辣椒,otc,106.0,106.0,103.5,103.5,27647.0,2881689.0
20251221,4950,金耘國際,otc,17.5,17.5,16.7,16.75,15614.0,264539.0
20251221,4951,精拓科,otc,130.0,130.0,120.0,120.5,648388.0,78706556.0
20251221,4953,緯軟,otc,118.5,120.0,116.5,117.0,384509.0,45393771.0
20251221,4966,譜瑞-KY,otc,813.0,813.0,738.0,800.0,3411033.0,2627573587.0
20251221,4971,IET-KY,otc,785.0,787.0,705.0,705.0,2775061.0,2051630815.0
20251221,4972,湯石照明,otc,16.4,16.45,16.4,16.4,36892.0,605690.0
20251221,4973,廣穎,otc,119.0,121.5,114.0,117.0,7542968.0,885001455.0
20251221,4974,亞泰,otc,74.7,76.6,74.5,74.6,501275.0,37826856.0
20251221,4979,華星光,otc,600.0,600.0,531.0,531.0,2824650.0,1549733019.0
20251221,4987,科誠,otc,81.6,81.6,81.5,81.6,28084.0,2289797.0
20251221,4991,環宇-KY,otc,716.0,716.0,638.0,642.0,750665.0,497204402.0
20251221,4995,晶達,otc,45.45,45.45,44.1,44.3,78516.0,3519026.0
20251221,5009,榮剛,otc,37.5,38.95,37.15,37.3,5376756.0,204090400.0
20251221,5011,久陽,otc,15.7,15.7,15.05,15.1,630121.0,9622629.0
20251221,5013,強新,otc,27.3,27.5,27.25,27.25,6025.0,164781.0
20251221,5014,建錩,otc,10.1,10.2,10.1,10.15,310237.0,3147676.0
20251221,5015,華祺,otc,22.25,22.25,22.05,22.2,27369.0,606152.0
20251221,5016,松和,otc,25.1,25.2,24.6,25.0,103188.0,2568661.0
20251221,5201,凱衛,otc,30.05,30.05,28.9,29.4,58321.0,1714634.0
20251221,5202,力新,otc,12.6,12.65,12.0,12.1,243635.0,3022712.0
20251221,5205,中茂,otc,22.5,22.5,20.8,21.75,3051.0,66197.0
20251221,5206,坤悅,otc,23.5,23.6,22.8,22.85,120288.0,2782615.0
20251221,5209,新鼎,otc,166.0,166.0,164.5,165.0,16155.0,2667913.0
20251221,5210,寶碩,otc,25.6,27.1,25.5,25.9,305995.0,8031724.0
20251221,5211,蒙恬,otc,20.45,20.45,19.6,19.75,85581.0,1710133.0
20251221,5212,凌網,otc,48.0,48.0,47.75,47.75,3310.0,158212.0
20251221,5213,亞昕,otc,25.75,25.95,25.7,25.75,440969.0,11372107.0
20251221,5220,萬達光電,otc,22.95,23.1,22.15,22.75,161240.0,3640830.0
20251221,5223,安力-KY,otc,24.55,24.75,23.95,24.15,29001.0,706274.0
20251221,5227,立凱-KY,otc,22.7,23.95,22.7,23.25,975429.0,23056638.0
20251221,5228,鈺鎧,otc,49.2,54.8,48.35,49.15,3603005.0,183906048.0
20251221,5230,雷笛克光學,otc,16.8,17.95,16.75,16.75,434537.0,7506414.0
20251221,5236,凌陽創新,otc,165.0,166.5,160.5,161.0,460152.0,75063517.0
20251221,5245,智晶,otc,25.1,27.15,25.1,25.15,594694.0,15680367.0
20251221,5251,天鉞電,otc,27.65,27.7,26.85,27.0,142266.0,3882931.0
20251221,5263,智崴,otc,103.0,105.5,100.0,102.0,286983.0,29549307.0
20251221,5272,笙科,otc,22.85,23.45,22.25,22.3,352394.0,8090500.0
20251221,5274,信驊,otc,18200.0,18450.0,17195.0,17195.0,246404.0,4375632630.0
20251221,5276,達輝-KY,otc,21.65,21.65,20.25,20.3,44548.0,923516.0
20251221,5278,尚凡*,otc,24.55,24.6,23.25,23.45,791399.0,18815483.0
20251221,5287,數字,otc,149.5,151.0,149.0,150.0,53583.0,8048302.0
20251221,5289,宜鼎,otc,1865.0,1875.0,1760.0,1760.0,5067235.0,9149835670.0
20251221,5291,邑昇,otc,68.6,69.1,66.0,66.7,864578.0,57765344.0
20251221,5299,杰力,otc,104.0,106.0,98.0,99.4,1065654.0,108798296.0
20251221,5301,寶得利,otc,7.32,7.55,7.0,7.45,7028.0,50739.0
20251221,5302,太欣,otc,10.55,10.75,10.2,10.25,561130.0,5848409.0
20251221,5309,系統電,otc,64.8,67.7,63.5,64.9,8898400.0,580723583.0
20251221,5310,天剛,otc,25.5,25.5,23.45,23.8,47001.0,1112624.0
20251221,5312,寶島科,otc,95.0,96.0,95.0,95.2,43017.0,4118405.0
20251221,5314,世紀*,otc,67.2,68.6,66.9,67.3,4178207.0,281835960.0
20251221,5315,光聯,otc,22.1,22.15,21.75,21.8,532092.0,11679717.0
20251221,5321,美而快,otc,23.25,25.0,23.25,24.25,313925.0,7639730.0
20251221,5324,士開,otc,11.5,11.5,11.4,11.5,285913.0,3279502.0
20251221,5328,華容,otc,29.4,31.45,28.25,28.6,28585471.0,855506265.0
20251221,5340,建榮,otc,108.0,108.5,102.0,103.0,2406492.0,252274838.0
20251221,5344,立衛,otc,16.7,16.85,16.1,16.2,99713.0,1641362.0
20251221,5345,馥鴻,otc,20.75,20.75,20.7,20.7,5001.0,104118.0
20251221,5347,世界,otc,181.0,183.5,173.0,176.5,49783035.0,8875005227.0
20251221,5348,正能量智能,otc,15.3,15.3,15.3,15.3,1070.0,16423.0
20251221,5351,鈺創,otc,89.7,90.0,85.5,87.5,40014518.0,3503334500.0
20251221,5353,台林,otc,26.0,26.25,25.8,26.0,63061.0,1639540.0
20251221,5355,佳總,otc,6.23,6.57,6.21,6.56,62019.0,392966.0
20251221,5356,協益,otc,26.5,26.65,26.05,26.35,101794.0,2677496.0
20251221,5364,力麗店,otc,9.31,9.4,9.13,9.21,136531.0,1263125.0
20251221,5371,中光電,otc,69.0,70.9,68.2,68.6,4197795.0,293167381.0
20251221,5381,光譜,otc,26.8,26.8,25.4,25.4,1623437.0,42095782.0
20251221,5386,青雲,otc,446.5,446.5,415.0,415.0,447689.0,190219054.0
20251221,5392,能率,otc,43.0,44.5,41.9,42.7,12142348.0,526861153.0
20251221,5398,慕康生醫,otc,20.0,20.0,19.8,19.9,69050.0,1373085.0
20251221,5403,中菲,otc,88.0,88.3,85.5,85.5,471620.0,40992864.0
20251221,5410,國眾,otc,37.85,37.85,36.7,36.95,665711.0,24782441.0
20251221,5425,台半,otc,73.0,77.0,71.9,72.0,14528289.0,1077772414.0
20251221,5426,振發,otc,18.1,18.25,17.8,17.8,353470.0,6360967.0
20251221,5432,新門,otc,143.5,146.0,142.0,142.0,106078.0,15301181.0
20251221,5438,東友,otc,18.65,18.8,18.55,18.55,85507.0,1594046.0
20251221,5439,高技,otc,428.0,439.0,389.5,391.0,13208541.0,5460685347.0
20251221,5443,均豪,otc,128.0,135.0,126.5,131.0,15707540.0,2066499478.0
20251221,5450,南良,otc,12.65,12.9,12.65,12.8,27329.0,349035.0
20251221,5452,佶優,otc,33.4,33.6,31.55,31.7,2107382.0,68176834.0
20251221,5455,昇益,otc,24.35,25.85,24.3,24.95,127051.0,3183714.0
20251221,5457,宣德,otc,34.45,34.85,33.3,33.3,800489.0,27165295.0
20251221,5460,同協,otc,15.25,15.4,15.0,15.05,102477.0,1545875.0
20251221,5464,霖宏,otc,60.2,60.2,53.6,57.1,1423151.0,80221686.0
20251221,5465,富驊,otc,24.7,24.7,24.45,24.5,132245.0,3246806.0
20251221,5468,凱鈺,otc,17.95,17.95,17.65,17.65,68204.0,1210108.0
20251221,5474,聰泰,otc,171.0,173.0,161.0,164.0,1033182.0,172836938.0
20251221,5475,德宏,otc,294.5,315.0,294.0,299.0,4109555.0,1233761884.0
20251221,5478,智冠,otc,100.0,100.5,97.7,97.8,186675.0,18459880.0
20251221,5481,新華,otc,19.3,20.1,19.3,19.95,39789.0,790593.0
20251221,5483,中美晶,otc,152.5,153.0,139.5,140.5,18782358.0,2717303119.0
20251221,5487,通泰,otc,28.1,28.25,26.4,27.2,102217.0,2778896.0
20251221,5488,松普,otc,10.6,10.6,10.15,10.2,780905.0,8014977.0
20251221,5489,彩富,otc,40.3,40.45,40.05,40.05,37155.0,1496834.0
20251221,5490,同亨,otc,28.85,29.7,28.3,28.4,1161782.0,33666580.0
20251221,5493,三聯,otc,95.3,97.0,92.4,95.1,1107305.0,105162036.0
20251221,5498,凱崴,otc,75.5,75.9,68.2,70.5,17102674.0,1209917511.0
20251221,5508,永信建,otc,48.4,48.65,47.6,47.75,597346.0,28724202.0
20251221,5511,德昌,otc,72.0,72.5,71.9,72.4,172647.0,12475006.0
20251221,5512,力麒,otc,6.83,6.83,6.72,6.75,1765311.0,11938413.0
20251221,5514,三豐,otc,15.3,15.3,15.3,15.3,2218.0,33232.0
20251221,5516,雙喜,otc,11.0,11.0,10.55,10.7,44153.0,472091.0
20251221,5520,力泰,otc,82.0,82.0,82.0,82.0,1049.0,86018.0
20251221,5523,豐謙,otc,30.05,30.25,29.95,30.25,243081.0,7319823.0
20251221,5529,鉅陞,otc,21.1,23.0,21.0,21.5,163530.0,3608326.0
20251221,5530,龍巖,otc,50.2,50.8,48.1,48.1,1117077.0,54883473.0
20251221,5536,聖暉*,otc,1035.0,1055.0,1000.0,1025.0,2778119.0,2851988855.0
20251221,5543,桓鼎-KY,otc,29.3,29.75,28.9,28.9,34008.0,996334.0
20251221,5547,久舜,otc,21.35,21.6,21.3,21.35,42326.0,903582.0
20251221,5548,安倉,otc,23.25,23.5,23.25,23.45,38810.0,907227.0
20251221,5601,台聯櫃,otc,35.6,35.6,35.45,35.45,6000.0,213450.0
20251221,5603,陸海,otc,15.7,16.1,15.55,16.1,111313.0,1753672.0
20251221,5604,中連,otc,31.6,32.0,31.6,31.65,12815.0,406816.0
20251221,5609,中菲行,otc,80.3,80.3,79.1,79.2,313217.0,24941297.0
20251221,5701,劍湖山,otc,3.25,3.44,3.25,3.44,124906.0,418971.0
20251221,5703,亞都,otc,14.0,14.0,14.0,14.0,4000.0,56000.0
20251221,5704,老爺知,otc,21.35,21.5,21.25,21.35,24340.0,520305.0
20251221,5864,致和證,otc,31.05,31.95,29.85,30.2,6404797.0,197524160.0
20251221,5878,台名,otc,40.6,40.6,40.6,40.6,1704.0,69585.0
20251221,5902,德記,otc,38.0,38.0,37.75,37.75,5000.0,189600.0
20251221,5903,全家,otc,189.0,189.5,189.0,189.5,18913.0,3577361.0
20251221,5904,寶雅,otc,550.0,558.0,535.0,546.0,745367.0,406824648.0
20251221,5905,南仁湖,otc,8.33,8.33,7.94,8.06,919239.0,7397892.0
20251221,6015,宏遠證,otc,15.35,15.5,14.7,14.8,3267530.0,49344194.0
20251221,6016,康和證,otc,22.4,23.35,22.05,22.1,8503234.0,193000314.0
20251221,6020,大展證,otc,21.6,21.6,20.9,21.0,64881.0,1375890.0
20251221,6021,美好證,otc,32.45,32.65,31.5,31.55,204782.0,6591219.0
20251221,6023,元大期,otc,99.0,99.3,98.3,98.7,179037.0,17668172.0
20251221,6026,福邦證,otc,15.5,15.9,15.35,15.4,3374696.0,52520023.0
20251221,6028,公勝保經,otc,82.2,82.2,80.7,80.8,21691.0,1768597.0
20251221,6101,寬魚國際,otc,38.45,38.45,37.9,38.1,41437.0,1577007.0
20251221,6103,合邦,otc,37.65,37.65,37.65,37.65,1000.0,37650.0
20251221,6104,創惟,otc,99.2,103.0,96.4,96.6,2992221.0,298840475.0
20251221,6109,亞元,otc,11.3,11.55,11.05,11.05,433228.0,4860908.0
20251221,6111,光聚晶電,otc,48.0,50.3,47.65,48.75,1213658.0,59702529.0
20251221,6113,亞矽,otc,24.2,24.3,23.7,23.75,224864.0,5382571.0
20251221,6114,久威,otc,30.4,31.7,30.3,30.4,50896.0,1579445.0
20251221,6118,建達,otc,18.7,19.15,17.4,17.5,5119071.0,94247639.0
20251221,6121,新普,otc,372.5,377.0,363.5,368.0,957512.0,353574050.0
20251221,6122,擎邦,otc,47.55,47.55,46.8,46.9,513088.0,24159214.0
20251221,6123,上奇,otc,44.05,44.2,43.95,44.1,55100.0,2432028.0
20251221,6124,業強,otc,29.15,30.0,28.35,28.9,93930.0,2744462.0
20251221,6125,廣運,otc,58.9,60.7,58.5,58.7,2381788.0,142317282.0
20251221,6126,信音,otc,32.85,34.35,32.6,32.7,2541619.0,85153047.0
20251221,6127,九豪,otc,47.6,50.5,45.25,46.45,13840435.0,660758819.0
20251221,6129,普誠,otc,15.55,15.85,15.15,15.2,791534.0,12221131.0
20251221,6130,上亞科技,otc,23.1,23.15,22.4,22.4,137239.0,3093280.0
20251221,6134,萬旭,otc,32.45,32.45,30.2,30.35,1165096.0,36073562.0
20251221,6138,茂達,otc,308.5,308.5,282.0,284.5,2514070.0,739292277.0
20251221,6140,訊達,otc,20.4,20.4,19.6,19.85,158808.0,3169585.0
20251221,6143,振曜,otc,98.6,98.8,95.1,95.1,1880810.0,181662379.0
20251221,6144,得利影,otc,14.25,14.25,13.8,14.25,37112.0,522016.0
20251221,6146,耕興,otc,223.5,223.5,212.0,214.5,668418.0,143889006.0
20251221,6147,頎邦,otc,190.0,205.0,176.0,205.0,82576212.0,15830068763.0
20251221,6148,驊宏資,otc,29.0,29.85,28.35,28.35,255260.0,7429724.0
20251221,6150,撼訊,otc,69.5,72.0,67.7,68.4,1411439.0,98250593.0
20251221,6151,晉倫,otc,41.95,42.4,40.85,41.45,1200613.0,50190729.0
20251221,6154,順發,otc,13.2,13.3,13.1,13.1,44547.0,586510.0
20251221,6156,松上,otc,19.3,19.3,18.4,18.55,1190895.0,22442387.0
20251221,6158,禾昌,otc,17.8,18.0,17.65,17.9,84896.0,1510576.0
20251221,6160,欣技,otc,16.6,16.8,16.15,16.35,134164.0,2200879.0
20251221,6161,捷波,otc,45.9,46.7,44.3,45.55,776987.0,35418318.0
20251221,6163,華電網,otc,58.5,58.5,54.5,54.8,6040220.0,340548419.0
20251221,6167,久正,otc,11.9,12.0,11.35,11.35,754299.0,8716950.0
20251221,6169,昱泉,otc,14.75,14.75,14.35,14.5,69703.0,1010238.0
20251221,6170,統振,otc,50.4,50.7,50.1,50.3,184646.0,9300519.0
20251221,6171,大城地產,otc,24.0,24.0,23.6,23.6,22399.0,532010.0
20251221,6173,信昌電,otc,172.0,175.0,155.0,155.0,3038481.0,488534974.0
20251221,6174,安碁,otc,39.5,40.3,36.15,37.25,2084330.0,79974844.0
20251221,6175,立敦,otc,71.0,75.9,70.8,73.9,20870882.0,1555339592.0
20251221,6179,亞通,otc,23.65,25.7,23.6,24.95,4484518.0,111855814.0
20251221,6180,橘子,otc,38.9,39.15,38.4,38.4,346940.0,13459870.0
20251221,6182,合晶,otc,59.3,59.3,55.0,55.2,12329699.0,692831529.0
20251221,6185,幃翔,otc,13.9,13.95,13.7,13.8,218441.0,3017342.0
20251221,6186,新潤,otc,39.55,40.5,38.75,39.05,1469314.0,58175205.0
20251221,6187,萬潤,otc,1190.0,1210.0,1105.0,1125.0,2950142.0,3388400060.0
20251221,6188,廣明,otc,83.5,87.8,83.5,84.3,5072394.0,436444087.0
20251221,6190,萬泰科,otc,78.7,79.5,77.0,77.3,5952896.0,463250781.0
20251221,6194,育富,otc,32.35,32.5,32.0,32.2,162916.0,5254390.0
20251221,6195,詩肯,otc,27.1,27.1,26.5,26.5,83325.0,2229338.0
20251221,6198,瑞築,otc,21.8,22.35,21.75,22.0,28662.0,626101.0
20251221,6199,天品,otc,103.5,103.5,97.4,97.4,775529.0,77528663.0
20251221,6203,海韻電,otc,70.0,70.1,67.9,68.1,308106.0,21230434.0
20251221,6204,艾華,otc,85.0,88.6,82.6,82.7,1394700.0,120181477.0
20251221,6207,雷科,otc,73.2,77.2,72.3,77.2,9070182.0,689719286.0
20251221,6208,日揚,otc,106.0,108.5,97.5,99.8,7371442.0,763542244.0
20251221,6210,慶生,otc,21.25,21.25,21.05,21.15,39745.0,839561.0
20251221,6212,理銘,otc,28.25,28.25,28.25,28.25,2000.0,56500.0
20251221,6217,中探針,otc,324.5,326.5,300.0,300.0,11664849.0,3611669887.0
20251221,6218,豪勉,otc,41.5,43.25,40.25,40.8,3440158.0,141992446.0
20251221,6219,富旺,otc,12.2,12.3,11.85,12.0,699884.0,8406685.0
20251221,6220,岳豐,otc,30.0,30.1,29.9,30.0,252640.0,7578335.0
20251221,6221,晉泰,otc,23.05,23.45,22.5,22.55,674792.0,15433860.0
20251221,6222,立軒,otc,21.05,21.05,21.05,21.05,4535.0,93647.0
20251221,6223,旺矽,otc,6280.0,6665.0,5895.0,5895.0,2197825.0,13717994480.0
20251221,6227,茂綸,otc,118.0,124.5,117.0,124.5,2632979.0,324118333.0
20251221,6228,全譜,otc,22.7,22.7,20.5,22.45,73151.0,1599124.0
20251221,6229,研通,otc,29.3,29.3,27.1,27.1,904456.0,25157624.0
20251221,6231,系微,otc,292.0,295.5,281.0,282.5,1055280.0,303508430.0
20251221,6233,旺玖,otc,26.05,26.25,25.2,25.3,445500.0,11421033.0
20251221,6234,高僑,otc,56.5,56.5,52.3,52.5,1527366.0,82817401.0
20251221,6237,驊訊,otc,47.85,52.0,45.7,45.7,8190291.0,399516889.0
20251221,6240,松崗,otc,17.3,17.9,17.05,17.8,24100.0,422474.0
20251221,6241,鑫永洋,otc,11.45,11.45,10.6,10.8,1139978.0,12629529.0
20251221,6242,立康,otc,37.2,37.75,37.2,37.4,12252.0,458474.0
20251221,6244,茂迪,otc,28.5,28.8,27.25,27.55,5092809.0,142537751.0
20251221,6245,立端,otc,82.0,83.8,81.3,82.5,1548000.0,127928837.0
20251221,6246,臺龍,otc,15.9,16.0,15.0,15.0,137762.0,2106329.0
20251221,6248,沛波,otc,18.55,18.65,18.4,18.55,79670.0,1479026.0
20251221,6259,百徽,otc,24.55,25.4,23.45,23.45,1084735.0,26618160.0
20251221,6261,久元,otc,120.5,122.0,112.5,114.5,6417744.0,745894373.0
20251221,6263,普萊德,otc,187.0,187.0,169.0,171.0,628388.0,111432146.0
20251221,6264,富裔,otc,6.08,6.1,6.02,6.09,80201.0,485865.0
20251221,6265,方土昶,otc,46.2,46.35,44.3,45.0,13192790.0,597362965.0
20251221,6266,泰詠,otc,27.0,27.0,26.3,26.4,384905.0,10220991.0
20251221,6270,倍微,otc,26.65,26.85,25.8,25.85,378187.0,9912050.0
20251221,6274,台燿,otc,1440.0,1440.0,1305.0,1305.0,1538577.0,2084573060.0
20251221,6275,元山,otc,47.15,48.0,46.7,46.85,458334.0,21667938.0
20251221,6276,安鈦克,otc,30.6,30.6,29.0,29.15,69130.0,2042842.0
20251221,6279,胡連,otc,117.5,118.5,115.5,115.5,663844.0,77295232.0
20251221,6284,佳邦,otc,86.1,89.8,83.7,84.5,3954468.0,344097555.0
20251221,6290,良維,otc,277.5,279.0,267.5,271.0,6148680.0,1676234925.0
20251221,6291,沛亨,otc,505.0,509.0,458.5,462.5,2444682.0,1163610922.0
20251221,6292,迅德,otc,52.5,53.9,52.5,52.6,216884.0,11490266.0
20251221,6294,智基,otc,28.55,28.55,27.5,27.5,49063.0,1367504.0
20251221,6411,晶焱,otc,86.5,86.7,81.0,82.6,1078749.0,90710362.0
20251221,6417,韋僑,otc,138.0,138.0,123.0,124.5,420626.0,53913040.0
20251221,6418,詠昇,otc,31.0,31.0,30.0,30.0,242524.0,7359082.0
20251221,6419,京晨科,otc,178.5,194.5,177.0,194.5,1184586.0,223940937.0
20251221,6423,億而得,otc,113.0,113.0,101.5,103.0,420247.0,44134103.0
20251221,6425,易發,otc,94.0,94.9,84.5,89.0,6849580.0,613806131.0
20251221,6432,今展科,otc,50.1,54.5,50.0,51.1,4732470.0,251558495.0
20251221,6435,大中,otc,250.5,250.5,226.5,228.0,1215899.0,285817983.0
20251221,6441,廣錠,otc,25.6,25.8,24.6,24.8,308481.0,7728029.0
20251221,6461,益得,otc,16.55,16.6,16.15,16.2,237146.0,3865726.0
20251221,6462,神盾,otc,131.5,140.0,128.5,134.0,5419001.0,732124443.0
20251221,6465,威潤,otc,48.3,49.4,45.3,45.3,1003598.0,47833583.0
20251221,6469,大樹,otc,72.3,72.3,70.0,70.1,905969.0,64086134.0
20251221,6470,宇智,otc,46.2,46.9,46.2,46.4,72457.0,3364499.0
20251221,6474,華豫寧,otc,38.9,38.95,38.0,38.0,74371.0,2849275.0
20251221,6482,弘煜科,otc,28.4,29.2,28.4,28.65,27000.0,774850.0
20251221,6485,點序,otc,98.2,98.2,98.2,98.2,1408404.0,138305225.0
20251221,6486,互動,otc,82.9,83.1,82.0,82.0,170474.0,14057484.0
20251221,6488,環球晶,otc,797.0,797.0,710.0,710.0,3847642.0,2804824258.0
20251221,6492,生華科,otc,48.3,48.8,47.65,47.85,298727.0,14397703.0
20251221,6494,九齊,otc,54.4,55.8,52.1,52.1,520010.0,28069110.0
20251221,6496,科懋,otc,23.75,24.0,23.55,23.8,19048.0,452321.0
20251221,6498,久禾光,otc,111.5,114.0,103.5,105.0,1436863.0,156358684.0
20251221,6499,益安,otc,83.9,86.4,82.6,83.6,609756.0,51419740.0
20251221,6506,雙邦,otc,19.75,19.75,19.3,19.3,314941.0,6114689.0
20251221,6508,惠光,otc,24.15,24.15,23.9,24.0,42105.0,1010672.0
20251221,6509,聚和,otc,47.85,47.95,45.75,45.85,3856425.0,179119085.0
20251221,6510,精測,otc,4200.0,4200.0,3735.0,3735.0,1164546.0,4559503755.0
20251221,6516,勤崴國際,otc,56.2,57.8,56.2,56.7,109015.0,6180466.0
20251221,6517,保勝光學,otc,58.2,62.4,58.1,60.0,1178630.0,71738992.0
20251221,6523,達爾膚,otc,98.8,98.9,98.6,98.7,31013.0,3064454.0
20251221,6527,明達醫,otc,69.9,71.0,69.9,71.0,25683.0,1818688.0
20251221,6530,創威,otc,116.0,116.5,108.5,109.0,2122143.0,237805107.0
20251221,6532,瑞耘,otc,115.0,122.5,109.0,109.0,4692349.0,540188494.0
20251221,6535,順藥,otc,128.5,135.0,127.0,132.0,187357.0,24442024.0
20251221,6538,倉和,otc,86.5,92.4,85.3,88.8,1490819.0,135061184.0
20251221,6542,隆中,otc,46.6,46.65,46.0,46.0,5450.0,252395.0
20251221,6546,正基,otc,70.5,70.5,66.8,66.8,376910.0,25852013.0
20251221,6547,高端疫苗,otc,49.1,49.85,47.9,47.9,2332964.0,113631108.0
20251221,6548,長科*,otc,50.2,51.2,48.85,49.05,4689570.0,233513473.0
20251221,6556,勝品,otc,69.9,70.0,69.6,69.6,10100.0,705050.0
20251221,6560,欣普羅,otc,37.7,38.5,37.45,37.7,62035.0,2343072.0
20251221,6561,是方,otc,349.5,350.0,338.0,338.5,167162.0,57208848.0
20251221,6568,宏觀,otc,217.0,217.0,205.0,207.5,482887.0,101454465.0
20251221,6569,醫揚,otc,99.1,100.5,97.5,99.1,59110.0,5882335.0
20251221,6570,維田,otc,43.75,43.95,42.7,42.7,118606.0,5153643.0
20251221,6574,霈方,otc,124.5,124.5,112.5,112.5,203274.0,23835658.0
20251221,6576,逸達,otc,78.9,79.3,78.1,79.0,118600.0,9340658.0
20251221,6577,勁豐,otc,79.2,79.8,77.6,77.6,70504.0,5527313.0
20251221,6578,達邦蛋白,otc,16.6,16.6,16.2,16.2,119170.0,1955964.0
20251221,6584,南俊國際,otc,667.0,671.0,655.0,658.0,1027554.0,680878285.0
20251221,6588,東典光電,otc,134.0,136.0,128.0,129.0,994645.0,130057483.0
20251221,6590,普鴻,otc,67.2,67.2,67.0,67.2,6475.0,434978.0
20251221,6593,台灣銘板,otc,35.25,35.25,34.8,35.0,121577.0,4256887.0
20251221,6596,寬宏藝術,otc,98.9,98.9,97.3,97.5,219286.0,21465256.0
20251221,6597,立誠,otc,77.0,79.0,73.0,73.0,41127.0,3146529.0
20251221,6603,富強鑫,otc,22.65,22.65,21.7,21.8,1222626.0,26913815.0
20251221,6609,瀧澤科,otc,40.8,42.6,40.8,41.1,514198.0,21499885.0
20251221,6612,奈米醫材,otc,67.0,67.2,66.9,66.9,35189.0,2358924.0
20251221,6613,朋億*,otc,256.0,264.5,250.0,252.5,753232.0,192939182.0
20251221,6615,慧智,otc,32.8,32.8,32.7,32.75,15013.0,492927.0
20251221,6616,特昇-KY,otc,9.39,9.68,9.35,9.65,38001.0,362189.0
20251221,6617,共信-KY,otc,64.0,64.0,61.7,62.3,150839.0,9465255.0
20251221,6620,漢達,otc,69.6,70.3,69.0,70.0,401594.0,27907600.0
20251221,6624,萬年清,otc,46.95,46.95,45.0,46.65,42352.0,1938680.0
20251221,6629,泰金-KY,otc,137.0,137.0,126.5,130.0,208663.0,27473167.0
20251221,6637,醫影,otc,66.7,66.9,65.6,65.8,47210.0,3121597.0
20251221,6640,均華,otc,1495.0,1530.0,1350.0,1370.0,877562.0,1258481550.0
20251221,6642,富致,otc,63.8,69.8,63.8,69.8,536014.0,36807973.0
20251221,6643,M31,otc,645.0,666.0,607.0,619.0,1776001.0,1125684703.0
20251221,6649,台生材,otc,39.6,39.8,39.05,39.05,70901.0,2800358.0
20251221,6651,全宇昕,otc,132.0,132.5,118.5,118.5,911105.0,113078583.0
20251221,6654,天正國際,otc,99.0,101.0,95.3,95.3,74223.0,7199720.0
20251221,6661,威健生技,otc,17.35,17.35,17.2,17.2,4000.0,69250.0
20251221,6662,樂斯科,otc,29.85,29.85,29.5,29.5,5000.0,148100.0
20251221,6664,群翊,otc,446.0,448.5,417.5,417.5,3406847.0,1455549376.0
20251221,6667,信紘科,otc,255.0,256.0,248.5,248.5,464644.0,117443084.0
20251221,6679,鈺太,otc,315.5,322.5,305.0,305.0,494583.0,154863905.0
20251221,6680,鑫創電子,otc,54.4,54.4,53.2,53.2,3143.0,168677.0
20251221,6683,雍智科技,otc,1895.0,1930.0,1735.0,1735.0,1270743.0,2322307825.0
20251221,6684,安格,otc,46.45,47.4,45.0,45.15,260296.0,12023078.0
20251221,6690,安碁資訊,otc,168.0,169.0,167.5,167.5,36858.0,6188483.0
20251221,6692,進能服,otc,29.45,29.45,27.8,28.55,74936.0,2164304.0
20251221,6693,廣閎科,otc,147.0,147.5,140.0,141.0,747075.0,106880994.0
20251221,6697,東捷資訊,otc,40.4,41.0,40.3,40.5,33708.0,1365330.0
20251221,6703,軒郁,otc,113.0,116.0,112.0,114.0,78917.0,8992268.0
20251221,6708,天擎,otc,43.05,43.05,41.0,42.35,55094.0,2304737.0
20251221,6712,長聖,otc,130.5,130.5,128.0,128.0,203704.0,26244821.0
20251221,6716,應廣,otc,94.4,96.9,90.5,92.0,604435.0,56428975.0
20251221,6720,久昌,otc,160.0,162.0,154.5,158.5,118097.0,18715714.0
20251221,6721,信實,otc,57.9,57.9,57.7,57.8,4066.0,235119.0
20251221,6725,矽科宏晟,otc,310.0,315.5,295.0,295.5,440930.0,132746973.0
20251221,6727,亞泰金屬,otc,526.0,569.0,523.0,557.0,5074687.0,2835016613.0
20251221,6728,上洋,otc,111.5,114.0,111.0,111.0,35482.0,3965225.0
20251221,6730,常廣,otc,37.5,37.5,37.3,37.5,201000.0,7536400.0
20251221,6732,昇佳電子,otc,175.0,175.5,165.5,166.5,300950.0,51259716.0
20251221,6733,博晟生醫,otc,27.75,28.25,27.3,27.3,265203.0,7393113.0
20251221,6735,美達科技,otc,130.0,132.0,124.0,124.0,2774959.0,351116972.0
20251221,6739,竹陞科技,otc,1350.0,1380.0,1280.0,1285.0,403071.0,531293010.0
20251221,6741,91APP*-KY,otc,65.3,65.3,60.9,60.9,1360827.0,84875497.0
20251221,6751,智聯服務,otc,47.8,47.8,46.1,46.1,96423.0,4513717.0
20251221,6752,叡揚,otc,100.0,100.5,97.5,98.1,116955.0,11580729.0
20251221,6761,穩得,otc,190.0,192.5,180.0,181.0,820608.0,151160146.0
20251221,6762,達亞,otc,173.0,184.5,173.0,184.5,33442.0,6062463.0
20251221,6763,綠界科技*,otc,46.25,46.6,45.0,45.0,451311.0,20672777.0
20251221,6767,台微醫,otc,26.95,26.95,26.45,26.95,4040.0,108340.0
20251221,6785,昱展新藥,otc,133.0,133.5,126.5,127.0,214058.0,27688033.0
20251221,6788,華景電,otc,445.5,448.0,403.0,408.0,2264271.0,949572241.0
20251221,6791,虎門科技,otc,116.5,119.5,112.0,117.5,82101.0,9429893.0
20251221,6803,崑鼎,otc,286.5,287.5,286.0,287.0,44079.0,12637398.0
20251221,6804,明係,otc,15.15,15.45,15.0,15.05,82469.0,1256189.0
20251221,6811,宏碁資訊,otc,208.0,210.0,205.0,205.5,86126.0,17863435.0
20251221,6821,聯寶,otc,50.0,50.4,48.75,48.95,292197.0,14433272.0
20251221,6823,濾能,otc,81.1,82.7,80.6,82.0,274865.0,22405639.0
20251221,6829,千附精密,otc,205.0,214.0,198.0,198.0,2153080.0,443326323.0
20251221,6840,東研信超,otc,61.8,63.4,61.5,62.0,100848.0,6270880.0
20251221,6841,長佳智能,otc,59.5,61.0,59.5,60.1,303656.0,18326755.0
20251221,6843,進典,otc,45.05,45.05,44.0,44.0,32511.0,1439870.0
20251221,6844,諾貝兒,otc,64.2,65.0,64.0,65.0,27515.0,1775331.0
20251221,6846,綠茵,otc,69.0,70.1,68.5,69.7,26040.0,1802660.0
20251221,6855,數泓科,otc,105.0,105.5,105.0,105.0,6503.0,683209.0
20251221,6856,鑫傳,otc,49.3,49.3,47.2,48.75,11210.0,538632.0
20251221,6859,伯特光,otc,118.0,119.5,116.0,118.5,50564.0,5941895.0
20251221,6865,偉康科技,otc,31.45,31.5,29.7,29.85,74496.0,2245298.0
20251221,6870,騰雲,otc,194.0,194.5,184.0,188.0,244623.0,46186737.0
20251221,6872,浩宇生醫,otc,18.2,18.95,18.1,18.2,30000.0,547600.0
20251221,6874,倍力,otc,83.3,83.3,81.3,82.1,32775.0,2697524.0
20251221,6875,國邑*,otc,39.0,39.55,37.45,37.5,156914.0,5949545.0
20251221,6877,鏵友益,otc,159.0,161.0,151.0,158.0,628640.0,97439187.0
20251221,6881,潤德,otc,270.0,271.0,270.0,270.0,13054.0,3532474.0
20251221,6884,海柏特,otc,33.7,33.7,33.4,33.6,8000.0,268800.0
20251221,6894,衛司特,otc,355.0,356.0,341.5,344.0,112072.0,39039703.0
20251221,6895,宏碩系統,otc,155.0,156.0,150.0,152.0,124050.0,18867541.0
20251221,6899,創為精密,otc,64.2,65.0,60.2,60.2,310736.0,19499813.0
20251221,6903,巨漢,otc,412.0,414.0,382.0,386.5,2021508.0,800713505.0
20251221,6904,伯鑫,otc,113.0,116.0,113.0,116.0,6020.0,687294.0
20251221,6907,雅特力-KY,otc,124.0,124.0,117.5,118.0,933206.0,111769160.0
20251221,6910,德鴻,otc,27.15,27.15,26.75,26.75,34647.0,931887.0
20251221,6913,鴻呈,otc,133.0,140.5,133.0,138.0,1238490.0,169898139.0
20251221,6922,宸曜,otc,185.5,198.0,184.5,189.5,548624.0,105606650.0
20251221,6925,意藍,otc,63.9,63.9,60.6,60.8,50365.0,3076762.0
20251221,6929,佑全,otc,23.7,23.7,23.15,23.6,26696.0,623867.0
20251221,6953,家碩,otc,260.0,263.0,253.0,253.5,130455.0,33533851.0
20251221,6961,旅天下,otc,59.0,59.1,58.6,58.8,35098.0,2062317.0
20251221,6967,汎瑋材料,otc,73.1,73.8,72.0,72.1,73148.0,5315613.0
20251221,6968,萬達寵物,otc,43.6,43.65,43.2,43.25,40906.0,1774293.0
20251221,6971,惠民實業,otc,26.5,26.5,26.05,26.1,71481.0,1878518.0
20251221,6982,大井泵浦,otc,53.5,53.5,51.2,52.0,58424.0,3034952.0
20251221,6996,力領科技,otc,190.0,191.5,182.0,183.0,190805.0,35416455.0
20251221,6997,博弘,otc,73.9,73.9,70.0,72.0,19042.0,1363928.0
20251221,7000,系統電永豐58購01,otc,0.66,0.66,0.6,0.6,41000.0,25860.0
20251221,7001,華景電統一61購01,otc,1.63,1.63,1.54,1.54,30000.0,47250.0
20251221,7002,信昌電國票57購01,otc,23.3,23.3,20.7,21.4,100000.0,2189000.0
20251221,7003,系微凱基57購01,otc,0.63,0.63,0.63,0.63,1000.0,630.0
20251221,7004,聖暉*兆豐56購01,otc,0.77,0.81,0.77,0.81,15000.0,11950.0
20251221,7005,原相元大5A購01,otc,1.16,1.25,1.03,1.03,643000.0,718520.0
20251221,7006,營邦統一6A購01,otc,2.5,2.5,2.26,2.49,37000.0,87110.0
20251221,7007,良維群益58購01,otc,5.05,5.05,5.05,5.05,10000.0,50500.0
20251221,7008,力旺統一6A購01,otc,1.58,1.58,1.58,1.58,10000.0,15800.0
20251221,7009,臺慶科國泰55購02,otc,2.66,4.1,2.66,2.75,31000.0,90110.0
20251221,7010,雙鴻元大57購01,otc,0.21,0.21,0.16,0.16,340000.0,62200.0
20251221,7011,威剛元大58購02,otc,6.4,6.4,6.4,6.4,1000.0,6400.0
20251221,7012,三聯群益59購01,otc,0.75,0.75,0.73,0.73,50000.0,36700.0
20251221,7013,新應材元大5B購02,otc,1.46,1.46,1.0,1.0,30000.0,37170.0
20251221,7014,佳邦國票56購01,otc,0.22,0.22,0.22,0.22,235000.0,51700.0
20251221,7015,金益鼎群益56購01,otc,4.16,4.24,4.16,4.16,21000.0,87600.0
20251221,7016,宜鼎統一6B購01,otc,3.65,3.83,3.54,3.57,363000.0,1325070.0
20251221,7017,威剛凱基57購02,otc,11.0,11.0,11.0,11.0,1000.0,11000.0
20251221,7018,信驊元大55購03,otc,17.6,17.6,17.6,17.6,5000.0,88000.0
20251221,7019,智通*群益55購01,otc,0.25,0.25,0.25,0.25,10000.0,2500.0
20251221,7020,千附精國票57購01,otc,3.85,4.01,3.85,4.01,13000.0,51660.0
20251221,7021,立碁凱基58購01,otc,0.29,0.29,0.17,0.17,41000.0,7090.0
20251221,7022,華電網元大56購01,otc,0.32,0.32,0.32,0.32,6000.0,1920.0
20251221,7023,新普國票57購01,otc,0.45,0.45,0.45,0.45,41000.0,18450.0
20251221,7024,高技元大59購01,otc,1.16,1.25,0.86,0.96,1015000.0,1066500.0
20251221,7025,IET元大56購02,otc,10.2,10.2,9.65,9.65,18000.0,175350.0
20251221,7026,世禾群益56購02,otc,0.04,0.04,0.04,0.04,20000.0,800.0
20251221,7027,新應材凱基56購06,otc,2.9,2.9,2.82,2.82,30000.0,86200.0
20251221,7028,茂迪永豐58購01,otc,1.87,1.87,1.87,1.87,90000.0,168300.0
20251221,7029,順達永豐57購01,otc,1.9,2.04,1.5,1.5,53000.0,98300.0
20251221,7030,宜鼎永豐56購02,otc,110.0,110.0,109.0,109.0,5000.0,549000.0
20251221,7031,雙鴻國泰57購03,otc,0.94,0.94,0.94,0.94,1000.0,940.0
20251221,7032,台星科元大57購01,otc,1.88,1.88,1.88,1.88,70000.0,131600.0
20251221,7033,順達元富61購01,otc,1.85,2.06,1.63,1.63,149000.0,283650.0
20251221,7034,台星科群益59購01,otc,2.7,2.83,2.58,2.65,185000.0,497140.0
20251221,7035,世禾國票59購01,otc,0.92,0.92,0.75,0.75,108000.0,89220.0
20251221,7036,宜鼎群益58購01,otc,17.9,18.5,17.9,18.5,3000.0,54300.0
20251221,7037,聖暉*群益57購03,otc,2.13,2.35,2.13,2.35,36000.0,77780.0
20251221,7038,矽科元富57購01,otc,1.41,1.41,1.41,1.41,10000.0,14100.0
20251221,7039,鈊象凱基57購02,otc,0.82,0.82,0.82,0.82,2000.0,1640.0
20251221,7040,信昌電統一64購01,otc,2.38,2.38,2.36,2.36,52000.0,122920.0
20251221,7041,璟德永豐57購01,otc,0.34,0.42,0.22,0.24,1061000.0,324440.0
20251221,7042,聖暉*統一67購01,otc,0.99,1.03,0.94,0.96,1165000.0,1141110.0
20251221,7043,廣運元大57購03,otc,0.61,0.61,0.53,0.53,204000.0,124120.0
20251221,7044,精材元大61購03,otc,2.55,2.55,2.55,2.55,36000.0,91800.0
20251221,7045,均華元大57購03,otc,4.69,5.0,3.95,3.95,42000.0,186350.0
20251221,7046,中美晶元大58購01,otc,0.98,0.98,0.76,0.76,304000.0,248120.0
20251221,7047,世界元大58購05,otc,1.16,1.16,1.06,1.06,101000.0,107160.0
20251221,7048,長科*統一61購01,otc,0.39,0.42,0.39,0.42,100000.0,40500.0
20251221,7049,雙鴻元大61購02,otc,0.53,0.53,0.53,0.53,10000.0,5300.0
20251221,7050,雙鴻統一62購03,otc,0.45,0.45,0.41,0.41,245000.0,108970.0
20251221,7051,凡甲國票59購01,otc,3.78,3.78,3.48,3.48,158000.0,592990.0
20251221,7052,富喬凱基58購04,otc,1.53,1.53,1.38,1.38,35000.0,49800.0
20251221,7053,穩懋統一62購01,otc,1.71,1.71,1.54,1.54,51000.0,83280.0
20251221,7054,光頡永豐5A購01,otc,1.42,1.43,1.15,1.17,173000.0,213670.0
20251221,7055,雙鴻元大61購07,otc,0.51,0.51,0.47,0.47,4003000.0,1957080.0
20251221,7056,聚和凱基5A購01,otc,1.66,1.67,1.47,1.47,219000.0,340970.0
20251221,7057,廣運元富59購02,otc,1.11,1.11,1.11,1.11,40000.0,44400.0
20251221,7058,旺矽凱基5B購01,otc,10.8,13.0,10.8,13.0,5000.0,60500.0
20251221,7059,旺矽群益5B購02,otc,11.5,11.5,11.5,11.5,1000.0,11500.0
20251221,7060,旺矽富邦5B購02,otc,2.66,2.66,2.66,2.66,40000.0,106400.0
20251221,7061,雙鴻元大59購15,otc,0.46,0.48,0.44,0.44,764000.0,344020.0
20251221,7062,M31元大59購02,otc,3.2,3.4,2.76,2.76,112000.0,316300.0
20251221,7063,原相國票59購01,otc,1.81,1.81,1.58,1.58,122000.0,205570.0
20251221,7064,頎邦群益59購01,otc,19.1,19.1,19.1,19.1,1000.0,19100.0
20251221,7065,弘塑凱基59購07,otc,2.33,2.43,2.11,2.19,51000.0,115870.0
20251221,7066,穩得永豐61購01,otc,1.18,1.18,1.18,1.18,28000.0,33040.0
20251221,7067,立碁統一63購01,otc,0.63,0.63,0.6,0.6,15000.0,9300.0
20251221,7068,宜特凱基59購06,otc,2.73,3.17,2.73,2.84,154000.0,445140.0
20251221,7069,均豪群益62購01,otc,1.37,1.44,1.36,1.43,106000.0,147420.0
20251221,7070,倚強群益5A購01,otc,1.71,2.15,1.71,2.15,325000.0,628590.0
20251221,7071,華景電統一68購01,otc,0.9,0.9,0.84,0.84,20000.0,17400.0
20251221,7072,台燿元大61購06,otc,2.01,2.08,1.7,1.7,454000.0,875870.0
20251221,7073,勤凱元大5A購03,otc,2.01,2.01,1.68,1.74,113000.0,202680.0
20251221,7074,矽科元大61購01,otc,0.45,0.45,0.42,0.42,2506000.0,1105300.0
20251221,7075,蜜望實統一74購02,otc,0.89,0.94,0.89,0.94,116000.0,103590.0
20251221,7076,意德士統一65購01,otc,0.7,0.7,0.7,0.7,5000.0,3500.0
20251221,7077,家登凱基5A購01,otc,4.04,4.13,4.04,4.04,33000.0,134310.0
20251221,7078,宏捷科富邦61購02,otc,0.65,0.7,0.57,0.58,949000.0,594050.0
20251221,7079,聖暉*永豐5C購02,otc,0.78,0.85,0.77,0.77,982000.0,812150.0
20251221,7080,台星科國票5C購01,otc,1.36,1.39,1.3,1.31,88000.0,119850.0
20251221,7081,精材元大61購06,otc,2.5,2.5,2.37,2.37,366000.0,896580.0
20251221,7082,台星科永豐61購01,otc,1.01,1.04,0.98,1.04,28000.0,28070.0
20251221,7083,優群台新5B購01,otc,1.2,1.22,1.15,1.15,375000.0,448080.0
20251221,7084,環球晶元大64購01,otc,0.76,0.76,0.76,0.76,25000.0,19000.0
20251221,7085,群聯元大5B購12,otc,1.39,1.48,1.37,1.37,279000.0,406560.0
20251221,7086,新盛力富邦62購01,otc,1.06,1.07,0.92,0.92,51000.0,52110.0
20251221,7201,正淩統一56購02,otc,0.33,0.36,0.33,0.36,206000.0,71770.0
20251221,7224,雷科統一57購01,otc,0.25,0.25,0.19,0.19,33000.0,6870.0
20251221,7225,晟德統一58購01,otc,0.09,0.09,0.09,0.09,5000.0,450.0
20251221,7227,雙鴻統一58購01,otc,0.4,0.4,0.38,0.38,200000.0,77000.0
20251221,7228,宏捷科統一58購01,otc,0.42,0.43,0.34,0.34,377000.0,142830.0
20251221,7232,神盾統一58購01,otc,0.1,0.1,0.1,0.1,499000.0,49900.0
20251221,7234,良維群益59售01,otc,0.16,0.17,0.16,0.17,313000.0,53150.0
20251221,7235,翔名統一58購02,otc,0.47,0.53,0.46,0.53,78000.0,38300.0
20251221,7236,雷科元富58購01,otc,0.52,0.64,0.52,0.64,47000.0,26300.0
20251221,7237,IET群益56售01,otc,0.01,0.01,0.01,0.01,10000.0,100.0
20251221,7238,中光電國票57售03,otc,1.1,1.22,1.1,1.22,13000.0,15060.0
20251221,7239,雍智群益56售01,otc,0.01,0.01,0.01,0.01,1000.0,10.0
20251221,7240,湧德統一59購01,otc,0.39,0.39,0.37,0.37,51000.0,19870.0
20251221,7241,能率統一59購01,otc,0.43,0.43,0.41,0.41,160000.0,65680.0
20251221,7243,聰泰統一59購01,otc,0.2,0.22,0.13,0.22,201000.0,26290.0
20251221,7244,正基統一59購02,otc,0.33,0.33,0.31,0.31,10000.0,3140.0
20251221,7248,信驊群益5B售01,otc,0.05,0.06,0.05,0.06,512000.0,27810.0
20251221,7249,訊聯國票56售02,otc,0.95,0.95,0.95,0.95,10000.0,9500.0
20251221,7250,雙鴻國票56售01,otc,0.36,0.36,0.36,0.36,1000.0,360.0
20251221,7252,系統電國票56售01,otc,0.07,0.07,0.07,0.07,519000.0,36330.0
20251221,7253,信驊國票58售01,otc,0.01,0.02,0.01,0.02,323000.0,3280.0
20251221,7254,昇達科凱基55售03,otc,0.05,0.05,0.05,0.05,1000.0,50.0
20251221,7255,廣明國票56售02,otc,0.7,0.7,0.7,0.7,10000.0,7000.0
20251221,7257,新復興統一5A購01,otc,0.46,0.46,0.46,0.46,5000.0,2300.0
20251221,7258,鈊象元富5A購01,otc,0.1,0.1,0.1,0.1,10000.0,1000.0
20251221,7259,昇達科群益58售02,otc,0.58,0.58,0.07,0.07,12000.0,1650.0
20251221,7260,富喬國票57售02,otc,0.31,0.39,0.31,0.38,703000.0,266270.0
20251221,7261,譜瑞凱基56售01,otc,0.13,0.13,0.13,0.13,50000.0,6500.0
20251221,7262,櫃200群益5B售02,otc,0.29,0.31,0.29,0.31,70000.0,21300.0
20251221,7263,譜瑞群益5C售01,otc,0.72,0.72,0.72,0.72,10000.0,7200.0
20251221,7264,雙鴻凱基56售06,otc,1.01,1.01,1.01,1.01,29000.0,29290.0
20251221,7265,家登群益56售04,otc,3.0,3.0,3.0,3.0,1000.0,3000.0
20251221,7266,威剛國票58售03,otc,0.08,0.08,0.08,0.08,2000.0,160.0
20251221,7267,弘塑群益57售06,otc,0.08,0.08,0.08,0.08,215000.0,17200.0
20251221,7268,信驊元大57售03,otc,0.03,0.03,0.02,0.03,411000.0,12220.0
20251221,7269,穩懋凱基59售04,otc,0.14,0.15,0.14,0.15,55000.0,7850.0
20251221,7270,高鋒統一5A購01,otc,0.18,0.19,0.18,0.19,8000.0,1450.0
20251221,7271,信驊凱基59售01,otc,0.11,0.11,0.11,0.11,198000.0,21780.0
20251221,7272,精材國票59售01,otc,0.08,0.08,0.08,0.08,1000.0,80.0
20251221,7273,世界國票59售03,otc,0.08,0.09,0.08,0.09,320000.0,28700.0
20251221,7274,精測群益62售04,otc,1.02,1.02,1.02,1.02,5000.0,5100.0
20251221,7275,新應材群益58售04,otc,0.94,0.94,0.93,0.93,134000.0,125340.0
20251221,7276,穩懋元富58售03,otc,0.31,0.35,0.3,0.34,161000.0,52600.0
20251221,7277,穩懋元大59售08,otc,0.85,0.96,0.84,0.93,2128000.0,1954760.0
20251221,7278,神盾群益59售01,otc,0.31,0.33,0.31,0.33,180000.0,56400.0
20251221,7279,台特化國票5A售02,otc,0.92,1.0,0.9,1.0,120000.0,116100.0
20251221,7280,萬泰科國票5A售02,otc,0.16,0.16,0.15,0.15,53000.0,8280.0
20251221,7281,信驊永豐5C售01,otc,0.29,0.3,0.29,0.3,75000.0,21760.0
20251221,7282,宏捷科群益5C售01,otc,0.79,0.79,0.79,0.79,110000.0,86900.0
20251221,7283,台燿中信59售08,otc,0.05,0.05,0.05,0.05,100000.0,5000.0
20251221,7284,印能凱基5A售04,otc,0.07,0.07,0.07,0.07,45000.0,3150.0
20251221,7285,雙鴻元大5A售06,otc,1.0,1.08,0.98,1.07,755000.0,762330.0
20251221,7286,富喬群益5C售01,otc,1.32,1.36,1.32,1.36,11000.0,14920.0
20251221,7287,世界凱基5B售02,otc,0.97,1.02,0.94,1.0,175000.0,173350.0
20251221,7288,精材群益5B售05,otc,0.88,0.88,0.73,0.78,314000.0,230670.0
20251221,7289,驊訊統一61購01,otc,0.28,0.34,0.24,0.25,421000.0,118040.0
20251221,7291,華星光統一61購02,otc,3.38,3.4,2.6,2.6,52000.0,175190.0
20251221,7293,神盾統一57購02,otc,0.06,0.06,0.06,0.06,100000.0,6000.0
20251221,7295,聖暉*統一58購01,otc,2.0,2.07,2.0,2.07,56000.0,113050.0
20251221,7296,華星光統一56購01,otc,2.89,2.89,2.38,2.38,9000.0,24210.0
20251221,7297,金益鼎統一58購01,otc,0.97,1.05,0.97,1.04,60000.0,60900.0
20251221,7298,廣積統一59購01,otc,0.1,0.1,0.1,0.1,30000.0,3000.0
20251221,7299,新漢統一58購01,otc,0.15,0.15,0.14,0.14,22000.0,3200.0
20251221,7300,金益鼎統一56購01,otc,0.84,1.02,0.84,1.02,101000.0,85020.0
20251221,7301,鑫科統一58購01,otc,0.29,0.29,0.29,0.29,90000.0,26100.0
20251221,7302,群聯統一58購01,otc,13.2,13.2,12.8,12.8,3000.0,38800.0
20251221,7303,M31統一58購01,otc,0.15,0.15,0.12,0.12,12000.0,1590.0
20251221,7304,昇達科統一5C購01,otc,4.7,4.7,4.63,4.63,39000.0,181830.0
20251221,7306,萬潤統一58購02,otc,2.96,2.96,2.96,2.96,399000.0,1181040.0
20251221,7307,原相統一5B購01,otc,0.14,0.14,0.14,0.14,150000.0,21000.0
20251221,7311,兆利統一59購01,otc,0.11,0.11,0.1,0.1,4000.0,420.0
20251221,7314,英濟統一5B購01,otc,0.29,0.44,0.28,0.44,151000.0,61620.0
20251221,7315,群聯統一5B購01,otc,9.25,9.25,8.3,8.3,44000.0,376050.0
20251221,7316,茂綸統一59購01,otc,0.43,0.53,0.43,0.53,671000.0,303950.0
20251221,7318,鈊象統一59購01,otc,0.18,0.18,0.18,0.18,2000.0,360.0
20251221,7319,茂綸統一59購02,otc,0.25,0.25,0.25,0.25,539000.0,134750.0
20251221,7320,博智統一59購01,otc,2.36,2.36,2.36,2.36,20000.0,47200.0
20251221,7322,萬泰科統一59購01,otc,1.34,1.34,1.34,1.34,3000.0,4020.0
20251221,7323,M31統一63購02,otc,0.54,0.54,0.49,0.49,276000.0,142490.0
20251221,7324,神盾統一56購03,otc,0.31,0.31,0.31,0.31,10000.0,3100.0
20251221,7325,晟德統一5A購01,otc,0.54,0.54,0.51,0.51,323000.0,170340.0
20251221,7331,振曜群益59購01,otc,0.24,0.24,0.19,0.19,257000.0,53030.0
20251221,7332,宇峻統一5B購01,otc,0.15,0.19,0.15,0.19,71000.0,11770.0
20251221,7333,大宇資統一5B購01,otc,0.13,0.13,0.13,0.13,25000.0,3250.0
20251221,7334,營邦統一5B購01,otc,1.95,1.95,1.93,1.93,115000.0,222650.0
20251221,7335,旺矽統一55購02,otc,16.0,16.0,16.0,16.0,3000.0,48000.0
20251221,7336,高端統一5B購01,otc,0.6,0.61,0.58,0.58,198000.0,119740.0
20251221,7337,漢磊統一55購01,otc,3.02,3.02,3.02,3.02,30000.0,90600.0
20251221,7338,神盾統一55購02,otc,0.33,0.33,0.3,0.3,16000.0,5200.0
20251221,7339,兆利兆豐56購01,otc,0.02,0.05,0.02,0.05,40000.0,1550.0
20251221,7340,波若威統一56購02,otc,10.6,10.6,10.4,10.4,6000.0,63000.0
20251221,7341,環球晶統一56購01,otc,5.1,5.1,5.1,5.1,1000.0,5100.0
20251221,7342,鈦昇統一59購01,otc,4.6,4.8,3.68,4.16,398000.0,1581040.0
20251221,7343,鈦昇兆豐56購01,otc,10.2,11.0,10.2,11.0,14000.0,149100.0
20251221,7344,精材統一56購01,otc,2.81,2.81,2.77,2.78,7000.0,19560.0
20251221,7345,鑫科統一56購03,otc,0.19,0.21,0.16,0.16,1210000.0,229600.0
20251221,7346,新漢統一56購01,otc,0.01,0.01,0.01,0.01,100000.0,1000.0
20251221,7347,鴻呈統一56購02,otc,0.34,0.34,0.34,0.34,100000.0,34000.0
20251221,7348,M31統一56購01,otc,0.3,0.3,0.21,0.23,820000.0,183740.0
20251221,7349,新應材統一62購01,otc,0.78,0.79,0.67,0.67,1366000.0,953290.0
20251221,7350,均豪統一56購03,otc,0.5,0.58,0.5,0.58,711000.0,390440.0
20251221,7351,鴻呈統一56購03,otc,0.16,0.16,0.16,0.16,40000.0,6400.0
20251221,7352,雙鴻元大55購01,otc,3.12,3.21,2.69,2.86,63000.0,183270.0
20251221,7353,M31統一56購02,otc,0.23,0.23,0.23,0.23,100000.0,23000.0
20251221,7354,大國鋼元富57購01,otc,0.45,0.53,0.44,0.47,385000.0,195070.0
20251221,7355,新應材元富57購01,otc,3.38,3.38,3.13,3.14,14000.0,44420.0
20251221,7356,精材統一57購01,otc,1.53,1.53,1.48,1.48,2000.0,3010.0
20251221,7357,高鋒統一57購01,otc,0.14,0.14,0.14,0.14,3000.0,420.0
20251221,7358,智通*統一56購03,otc,0.95,0.95,0.91,0.91,111000.0,104610.0
20251221,7359,宇峻元大57購01,otc,0.18,0.18,0.1,0.12,142000.0,15640.0
20251221,7360,閎康統一57購02,otc,2.16,2.16,2.15,2.15,20000.0,43100.0
20251221,7361,順達統一57購02,otc,0.85,0.85,0.6,0.6,28000.0,22460.0
20251221,7362,華景電統一57購02,otc,0.99,0.99,0.8,0.8,23000.0,19340.0
20251221,7363,閎康統一5B購01,otc,1.45,1.56,1.45,1.45,80000.0,119300.0
20251221,7364,廣運統一61購01,otc,0.19,0.19,0.19,0.19,40000.0,7600.0
20251221,7365,漢磊統一58購01,otc,2.96,2.96,2.5,2.59,98000.0,268730.0
20251221,7366,元債20凱基67購01,otc,2.48,2.48,2.48,2.48,160000.0,396800.0
20251221,7367,華星光兆豐57購01,otc,11.8,11.8,11.8,11.8,2000.0,23600.0
20251221,7368,華星光群益56購01,otc,20.2,20.2,20.2,20.2,10000.0,202000.0
20251221,7369,華景電統一59購01,otc,1.4,1.4,1.4,1.4,10000.0,14000.0
20251221,7370,茂訊國票58購01,otc,0.13,0.13,0.13,0.13,5000.0,650.0
20251221,7371,智通*國票5B購01,otc,2.53,2.53,2.37,2.45,143000.0,346790.0
20251221,7372,元債20元大58購01,otc,0.22,0.22,0.22,0.22,100000.0,22000.0
20251221,7373,雙鴻統一58購03,otc,1.21,1.21,1.21,1.21,100000.0,121000.0
20251221,7374,譜瑞元大57購01,otc,0.96,0.97,0.95,0.95,25000.0,23920.0
20251221,7376,系統電永豐56購01,otc,0.68,0.68,0.68,0.68,6000.0,4080.0
20251221,7377,鈦昇國票58購01,otc,14.9,14.9,14.9,14.9,1000.0,14900.0
20251221,7378,漢磊國票5B購01,otc,7.0,8.7,6.1,7.0,51000.0,357850.0
20251221,7379,能率凱基56購01,otc,0.2,0.2,0.2,0.2,10000.0,2000.0
20251221,7380,譜瑞凱基57購01,otc,1.32,1.39,0.94,1.39,146000.0,188290.0
20251221,7381,譜瑞統一58購01,otc,0.17,0.17,0.17,0.17,1000.0,170.0
20251221,7382,譜瑞統一56購02,otc,0.15,0.15,0.14,0.14,250000.0,36000.0
20251221,7383,新應材元大57購01,otc,1.11,1.2,0.84,0.84,333000.0,301830.0
20251221,7384,倚強國票57購01,otc,0.05,0.27,0.05,0.08,1309000.0,71430.0
20251221,7385,譜瑞元大59購02,otc,1.38,1.42,0.91,1.41,444000.0,517560.0
20251221,7386,元太元大57購01,otc,0.03,0.04,0.03,0.04,466000.0,14350.0
20251221,7387,優群統一58購01,otc,0.32,0.32,0.31,0.31,140000.0,44500.0
20251221,7388,國債20群益58購01,otc,0.26,0.26,0.26,0.26,43000.0,11180.0
20251221,7389,精測統一65購01,otc,2.52,2.52,2.16,2.16,33000.0,81180.0
20251221,7390,旺矽國票5A購01,otc,26.5,26.5,26.5,26.5,1000.0,26500.0
20251221,7391,譜瑞永豐56購02,otc,0.35,0.35,0.35,0.35,18000.0,6300.0
20251221,7392,群聯元大57購01,otc,22.4,23.4,21.1,21.1,51000.0,1117400.0
20251221,7393,德微凱基57購01,otc,2.39,2.39,2.39,2.39,30000.0,71700.0
20251221,7394,中美晶群益57購01,otc,1.27,1.27,0.82,0.82,50000.0,49800.0
20251221,7395,中美晶國票59購02,otc,1.18,1.18,0.93,0.93,13000.0,14410.0
20251221,7396,威剛群益55購04,otc,28.5,28.5,28.5,28.5,7000.0,199500.0
20251221,7397,雙鴻兆豐55購01,otc,0.13,0.13,0.13,0.13,3000.0,390.0
20251221,7398,振曜富邦56購01,otc,0.2,0.2,0.2,0.2,78000.0,15600.0
20251221,7399,均豪元大56購02,otc,0.45,0.45,0.37,0.4,221000.0,87120.0
20251221,7402,邑錡,otc,102.0,104.0,100.5,101.0,495925.0,50643903.0
20251221,7547,碩網,otc,69.7,71.3,69.2,71.0,67406.0,4722749.0
20251221,7556,意德士,otc,277.5,300.0,275.0,285.0,843728.0,244280451.0
20251221,7584,樂意,otc,27.9,28.55,27.45,28.4,16230.0,452605.0
20251221,7642,昶瑞機電,otc,68.2,71.0,68.2,71.0,24661.0,1721238.0
20251221,7703,銳澤,otc,215.5,224.0,211.0,212.0,241150.0,52330633.0
20251221,7704,明遠精密,otc,75.4,75.6,68.0,69.8,1330794.0,96101925.0
20251221,7708,全家餐飲,otc,93.8,94.2,93.8,93.9,11377.0,1068595.0
20251221,7709,榮田,otc,78.0,79.0,76.1,76.2,260852.0,20148096.0
20251221,7712,博盛半導體,otc,170.5,173.0,151.5,151.5,3499207.0,560365826.0
20251221,7713,威力德生醫,otc,67.4,68.2,67.4,68.1,13000.0,881200.0
20251221,7714,創泓科技,otc,126.5,128.5,125.0,125.5,91115.0,11529454.0
20251221,7715,裕山,otc,29.25,29.25,28.85,28.85,45740.0,1327502.0
20251221,7716,昱臺國際,otc,24.2,24.4,24.2,24.4,41269.0,1005088.0
20251221,7717,萊德光電-KY,otc,635.0,638.0,601.0,606.0,414423.0,254132555.0
20251221,7718,友鋮,otc,49.0,49.0,48.3,48.3,7166.0,348632.0
20251221,7723,築間,otc,26.35,26.35,24.75,24.75,285131.0,7234353.0
20251221,7728,光焱科技,otc,751.0,751.0,707.0,709.0,154627.0,112113888.0
20251221,7734,印能科技,otc,3960.0,4080.0,3710.0,3750.0,767189.0,3012143235.0
20251221,7738,東聯互動,otc,170.0,170.0,160.0,166.5,230074.0,38221485.0
20251221,7743,金利食安,otc,19.35,19.45,19.35,19.4,15112.0,293238.0
20251221,7744,崴寶,otc,592.0,592.0,548.0,548.0,457678.0,253833893.0
20251221,7751,竑騰,otc,1600.0,1625.0,1395.0,1625.0,534765.0,796261630.0
20251221,7753,星亞,otc,41.8,42.0,41.55,41.7,36439.0,1518593.0
20251221,7757,金色三麥,otc,103.5,104.0,103.5,103.5,24262.0,2512773.0
20251221,7767,仁大資訊,otc,44.45,44.45,43.7,43.7,16000.0,700550.0
20251221,7770,君曜,otc,45.4,45.4,44.1,45.4,12448.0,560986.0
20251221,7772,耀穎,otc,167.0,172.5,153.0,155.0,686702.0,108084797.0
20251221,7777,能率亞洲,otc,36.2,37.1,34.4,35.8,16806444.0,598598132.0
20251221,7782,光速火箭,otc,26.3,26.8,26.25,26.8,36602.0,965262.0
20251221,7792,安葆,otc,306.5,306.5,289.5,293.0,281074.0,83203599.0
20251221,7794,宏碁智新,otc,30.05,30.2,29.6,29.6,45018.0,1347391.0
20251221,7805,威聯通,otc,733.0,733.0,702.0,709.0,149760.0,106520915.0
20251221,7810,捷創科技,otc,235.0,250.0,234.5,240.5,381042.0,92815989.0
20251221,7811,民盛,otc,78.9,82.0,78.6,80.9,77230.0,6253196.0
20251221,7820,立盈,otc,138.0,143.5,133.5,134.0,126395.0,17248402.0
20251221,7828,創新服務,otc,1300.0,1305.0,1180.0,1195.0,303857.0,374702490.0
20251221,7842,天能綠電,otc,110.5,112.0,110.0,110.0,133570.0,14774541.0
20251221,8024,佑華,otc,12.1,12.35,12.0,12.2,162983.0,1983176.0
20251221,8027,鈦昇,otc,268.0,278.5,242.5,247.0,5912446.0,1539354342.0
20251221,8032,光菱,otc,42.05,42.5,41.0,41.5,117035.0,4885089.0
20251221,8034,榮群,otc,24.0,24.2,23.75,23.8,454159.0,10868725.0
20251221,8038,長園科,otc,41.7,42.9,40.65,40.65,375910.0,15722720.0
20251221,8040,九暘,otc,87.9,89.2,83.0,84.5,2447345.0,211119718.0
20251221,8042,金山電,otc,107.5,107.5,98.1,98.1,1904302.0,191855516.0
20251221,8043,蜜望實,otc,113.0,113.0,108.5,113.0,9804252.0,1103246476.0
20251221,8044,網家,otc,23.95,25.55,23.5,25.55,3549304.0,89825634.0
20251221,8047,星雲,otc,53.9,53.9,51.2,51.2,128578.0,6679771.0
20251221,8048,德勝,otc,62.1,65.2,61.6,61.8,537025.0,33932448.0
20251221,8049,晶采,otc,26.3,26.9,25.8,25.8,378937.0,9917389.0
20251221,8050,廣積,otc,49.55,49.55,46.85,47.0,1644102.0,79109900.0
20251221,8054,安國,otc,102.5,108.5,101.0,102.5,3234820.0,338864998.0
20251221,8059,凱碩,otc,19.55,19.95,18.55,18.65,540043.0,10233300.0
20251221,8064,東捷,otc,118.5,127.0,117.5,120.0,6214844.0,760278943.0
20251221,8066,來思達,otc,16.35,16.4,16.0,16.05,90284.0,1461564.0
20251221,8067,志旭,otc,12.9,12.9,12.35,12.65,7610.0,96715.0
20251221,8068,全達,otc,21.4,22.5,21.0,21.0,511995.0,11125240.0
20251221,8069,元太,otc,226.0,226.0,208.0,210.0,9356738.0,2005466604.0
20251221,8071,能率網通,otc,18.15,19.25,18.0,19.0,3466619.0,64691919.0
20251221,8074,鉅橡,otc,80.0,80.1,73.8,75.6,4415194.0,334891726.0
20251221,8076,伍豐,otc,25.05,25.2,23.9,23.9,2072714.0,50561057.0
20251221,8080,泰霖,otc,28.0,28.0,27.3,27.4,142044.0,3930291.0
20251221,8083,瑞穎,otc,174.0,174.0,171.0,171.5,50295.0,8644583.0
20251221,8084,巨虹,otc,44.45,44.95,42.3,43.3,60937.0,2631860.0
20251221,8085,福華,otc,11.8,12.0,11.2,11.45,730149.0,8388843.0
20251221,8086,宏捷科,otc,155.5,160.0,148.5,150.0,7733493.0,1185160856.0
20251221,8087,麗升能源,otc,34.3,35.5,34.1,34.1,99641.0,3481326.0
20251221,8088,品安,otc,56.3,56.3,53.8,54.0,2967614.0,162752637.0
20251221,8089,康全電訊,otc,20.5,20.8,20.0,20.0,154827.0,3146651.0
20251221,8091,翔名,otc,215.5,237.0,212.5,237.0,2902556.0,675257714.0
20251221,8092,建暐,otc,16.0,16.15,15.35,15.8,91010.0,1431162.0
20251221,8093,保銳,otc,18.6,18.95,18.05,18.05,39437.0,723556.0
20251221,8096,擎亞,otc,97.8,98.1,93.2,95.9,11234542.0,1072889900.0
20251221,8097,常珵,otc,52.7,54.6,52.7,53.7,211793.0,11392170.0
20251221,8099,大世科,otc,59.4,61.9,57.6,59.5,203112.0,12030672.0
20251221,8102,傑霖科技,otc,63.4,63.4,62.0,62.0,30120.0,1882640.0
20251221,8107,大億金茂,otc,11.65,11.65,11.45,11.5,63254.0,730093.0
20251221,8109,博大,otc,113.0,114.5,112.5,113.0,136298.0,15451066.0
20251221,8111,立碁,otc,65.1,65.7,62.4,62.4,2184562.0,138708493.0
20251221,8121,越峰,otc,36.0,37.0,33.6,34.0,3289040.0,115448828.0
20251221,8147,正淩,otc,185.0,197.5,184.0,189.0,3746930.0,713115009.0
20251221,8155,博智,otc,423.0,424.0,393.0,399.0,2666385.0,1081675771.0
20251221,8171,天宇,otc,23.6,23.9,22.9,22.9,171539.0,3996080.0
20251221,8176,智捷,otc,10.5,10.65,10.1,10.15,274233.0,2801542.0
20251221,8182,加高,otc,35.1,36.15,34.0,34.05,796764.0,27842158.0
20251221,8183,精星,otc,30.8,31.25,29.95,30.1,466303.0,14205558.0
20251221,8227,巨有科技,otc,212.0,215.0,207.0,208.0,994454.0,210073026.0
20251221,8234,新漢,otc,68.1,73.3,68.1,70.8,3515085.0,250943520.0
20251221,8240,華宏,otc,65.6,66.3,62.2,62.6,1664280.0,105348374.0
20251221,8255,朋程,otc,146.0,149.5,138.0,141.0,1515924.0,218398634.0
20251221,8272,全景軟體,otc,76.0,76.0,72.5,74.9,7870.0,580091.0
20251221,8277,商丞,otc,6.53,6.73,6.52,6.58,160805.0,1056985.0
20251221,8279,生展,otc,98.6,98.6,97.0,97.0,11300.0,1100560.0
20251221,8284,三竹,otc,63.6,63.8,63.5,63.8,24543.0,1564540.0
20251221,8289,泰藝,otc,54.6,56.2,53.1,54.0,3413868.0,186184178.0
20251221,8291,尚茂,otc,56.8,56.8,56.8,56.8,157983.0,8973423.0
20251221,8299,群聯,otc,2850.0,2850.0,2650.0,2650.0,13037341.0,35862892335.0
20251221,8342,益張,otc,91.0,91.1,89.8,89.8,4004.0,363354.0
20251221,8349,恒耀甲特,otc,47.5,47.5,47.4,47.4,5029.0,238674.0
20251221,8354,冠好,otc,17.2,18.05,17.05,17.3,162862.0,2857720.0
20251221,8358,金居,otc,417.0,417.0,388.0,389.5,3179658.0,1291144042.0
20251221,8383,千附,otc,55.0,56.0,54.3,54.5,1024213.0,56514166.0
20251221,8390,金益鼎,otc,112.5,122.0,111.5,119.5,3467324.0,411120215.0
20251221,8401,白紗科,otc,24.4,24.4,23.85,23.95,66929.0,1603211.0
20251221,8403,盛弘,otc,20.0,20.0,19.65,19.7,587405.0,11626881.0
20251221,8409,商之器,otc,19.2,19.2,19.0,19.15,13629.0,260112.0
20251221,8410,森田,otc,35.75,35.8,35.1,35.5,71378.0,2527967.0
20251221,8415,大國鋼,otc,35.15,35.95,34.85,35.35,1931063.0,68371134.0
20251221,8416,實威,otc,173.5,174.0,173.5,173.5,7043.0,1222359.0
20251221,8421,旭源,otc,13.75,13.75,13.45,13.55,37655.0,510788.0
20251221,8423,保綠-KY,otc,17.8,18.0,17.75,17.75,36728.0,654766.0
20251221,8424,惠普,otc,73.4,73.4,73.2,73.2,4680.0,342841.0
20251221,8426,紅木-KY,otc,21.2,21.6,21.1,21.3,67172.0,1428373.0
20251221,8431,匯鑽科,otc,58.2,61.5,58.0,58.5,928803.0,55301320.0
20251221,8432,東生華,otc,49.15,49.55,49.15,49.25,10341.0,509590.0
20251221,8433,弘帆,otc,53.1,53.1,52.2,52.2,43149.0,2268680.0
20251221,8435,鉅邁,otc,55.8,56.2,55.8,55.9,7822.0,437220.0
20251221,8436,大江,otc,119.5,120.5,118.0,118.0,436284.0,52045755.0
20251221,8437,大地-KY,otc,11.25,11.25,11.0,11.2,73814.0,819631.0
20251221,8440,綠電,otc,25.2,25.35,23.0,23.05,1818049.0,43667665.0
20251221,8444,綠河-KY,otc,8.1,9.64,8.1,9.02,49104.0,453894.0
20251221,8446,華研,otc,83.7,84.6,83.7,84.0,158485.0,13336459.0
20251221,8450,霹靂,otc,16.2,16.2,15.6,15.8,14932.0,235647.0
20251221,8455,大拓-KY,otc,32.85,32.85,32.85,32.85,49839.0,1637206.0
20251221,8472,夠麻吉,otc,70.0,71.9,70.0,71.9,16091.0,1145706.0
20251221,8477,創業家,otc,17.0,17.0,15.55,16.5,181779.0,2906219.0
20251221,8489,三貝德,otc,24.15,24.65,24.15,24.4,20772.0,507232.0
20251221,8905,裕國,otc,29.35,29.9,29.35,29.7,11432.0,337745.0
20251221,8906,花王,otc,24.3,24.45,23.5,23.95,48092.0,1147270.0
20251221,8908,欣雄,otc,40.4,40.4,39.7,40.25,186305.0,7461789.0
20251221,8916,光隆,otc,46.9,46.9,46.25,46.6,63921.0,2975855.0
20251221,8917,欣泰,otc,53.4,53.4,53.2,53.2,4822.0,256886.0
20251221,8921,沈氏,otc,17.8,17.8,17.8,17.8,2359.0,41987.0
20251221,8923,時報,otc,19.3,19.3,19.3,19.3,10004.0,193074.0
20251221,8924,大田,otc,64.7,64.7,64.1,64.2,92557.0,5950420.0
20251221,8927,北基,otc,19.4,19.4,18.55,18.65,1133854.0,21302746.0
20251221,8928,鉅明,otc,21.55,22.5,21.5,21.85,165148.0,3626806.0
20251221,8929,富堡,otc,14.35,14.4,14.3,14.3,17664.0,253620.0
20251221,8930,青鋼,otc,29.0,29.0,28.6,28.6,81020.0,2326956.0
20251221,8931,大汽電,otc,42.45,42.7,42.1,42.1,96772.0,4093744.0
20251221,8932,智通*,otc,102.0,103.5,98.2,98.4,4385311.0,437492461.0
20251221,8933,愛地雅,otc,5.57,5.68,5.5,5.54,446772.0,2482320.0
20251221,8935,邦泰,otc,19.15,20.95,19.15,19.8,2365186.0,47664846.0
20251221,8936,國統,otc,50.0,50.2,49.5,49.95,2636722.0,131483806.0
20251221,8937,合騏*,otc,32.1,33.0,31.0,31.45,451160.0,14174966.0
20251221,8938,明安,otc,55.0,55.5,54.7,54.8,314496.0,17337527.0
20251221,8941,關中,otc,44.3,44.75,44.3,44.75,2756.0,121834.0
20251221,8942,森鉅,otc,42.5,43.4,41.8,42.5,587194.0,24903737.0
20251221,9949,琉園,otc,23.55,23.8,23.55,23.7,15614.0,371218.0
20251221,9950,萬國通,otc,11.6,11.6,11.6,11.6,342594.0,3974084.0
20251221,9951,皇田,otc,53.5,53.5,52.5,52.5,132390.0,7010660.0
20251221,9960,邁達康,otc,35.1,35.3,34.6,34.7,173642.0,6079847.0
20251221,9962,有益,otc,9.7,9.7,9.46,9.53,105345.0,1002730.0
