date,stock_id,stock_name,market,institutional_net_lots
20260518,00953,群益優選非投等債,TWSE,26177.669
20260518,00632,元大台灣50反1,TWSE,25159.48
20260518,00940,元大台灣價值高息,TWSE,25066.833
20260518,00919,群益台灣精選高息,TWSE,20019.33
20260518,00918,大華優利高填息30,TWSE,19637.969
20260518,009820,元大納斯達克精選,TWSE,18467.687
20260518,00400,主動國泰動能高息,TWSE,16928.939
20260518,2313,華通,TWSE,16212.93
20260518,00997,主動群益美國增長,TWSE,11801.035
20260518,00992,主動群益科技創新,TWSE,11472.307
20260518,00929,復華台灣科技優息,TWSE,11136.618
20260518,2355,敬鵬,TWSE,10481.798
20260518,00990,主動元大AI新經濟,TWSE,9521.636
20260518,00680,元大美債20正2,TWSE,9252.367
20260518,2485,兆赫,TWSE,8552.324
20260518,00664,國泰臺灣加權反1,TWSE,7224.463
20260518,2615,萬海,TWSE,7154.752
20260518,2409,友達,TWSE,7043.839
20260518,0056,元大高股息,TWSE,6147.973
20260518,3045,台灣大,TWSE,5883.507
20260518,00662,富邦NASDAQ,TWSE,5711.285
20260518,2542,興富發,TWSE,5609.792
20260518,00993,主動安聯台灣,TWSE,5396.671
20260518,00900,富邦特選高股息30,TWSE,5363.051
20260518,2027,大成鋼,TWSE,5353.304
20260518,8028,昇陽半導體,TWSE,4764.066
20260518,6285,啟碁,TWSE,4745.353
20260518,00936,台新永續高息中小,TWSE,3971.424
20260518,00996,主動兆豐台灣豐收,TWSE,3745.948
20260518,2312,金寶,TWSE,3713.763
20260518,2367,燿華,TWSE,3691.696
20260518,3042,晶技,TWSE,3536.946
20260518,2376,技嘉,TWSE,3527.42
20260518,00713,元大台灣高息低波,TWSE,3438.736
20260518,5871,中租-KY,TWSE,3421.341
20260518,3576,聯合再生,TWSE,3339.234
20260518,8112,至上,TWSE,3125.138
20260518,00401,主動摩根台灣鑫收,TWSE,3010.593
20260518,2851,中再保,TWSE,2944.3
20260518,00915,凱基優選高股息30,TWSE,2920.367
20260518,00881,國泰台灣科技龍頭,TWSE,2847.822
20260518,4960,誠美材,TWSE,2800.0
20260518,3024,憶聲,TWSE,2713.608
20260518,00995,主動中信台灣卓越,TWSE,2695.579
20260518,2481,強茂,TWSE,2628.205
20260518,00922,國泰台灣領袖50,TWSE,2606.636
20260518,3376,新日興,TWSE,2573.857
20260518,2484,希華,TWSE,2487.276
20260518,00642,期元大S&P石油,TWSE,2466.662
20260518,1582,信錦,TWSE,2313.311
20260518,00885,富邦越南,TWSE,2263.912
20260518,6271,同欣電,TWSE,2248.531
20260518,2867,三商壽,TWSE,2193.0
20260518,6282,康舒,TWSE,2146.932
20260518,3712,永崴投控,TWSE,2117.847
20260518,009813,貝萊德標普卓越50,TWSE,2043.294
20260518,2368,金像電,TWSE,1979.814
20260518,00641,富邦日本反1,TWSE,1910.0
20260518,3034,聯詠,TWSE,1901.218
20260518,2886,兆豐金,TWSE,1862.916
20260518,4916,事欣科,TWSE,1831.472
20260518,006208,富邦台50,TWSE,1764.814
20260518,00939,統一台灣高息動能,TWSE,1745.731
20260518,3062,建漢,TWSE,1708.73
20260518,3049,精金,TWSE,1677.998
20260518,4919,新唐,TWSE,1675.787
20260518,00945,凱基美國非投等債,TWSE,1600.569
20260518,2609,陽明,TWSE,1599.308
20260518,2379,瑞昱,TWSE,1596.668
20260518,6706,惠特,TWSE,1557.297
20260518,00635,期元大S&P黃金,TWSE,1502.254
20260518,00946,群益科技高息成長,TWSE,1485.731
20260518,1447,力鵬,TWSE,1454.414
20260518,00947,台新臺灣IC設計,TWSE,1454.092
20260518,00715,期街口布蘭特正2,TWSE,1431.076
20260518,009802,富邦旗艦50,TWSE,1393.644
20260518,6451,訊芯-KY,TWSE,1309.167
20260518,00994,主動第一金台股優,TWSE,1248.079
20260518,4306,炎洲,TWSE,1243.06
20260518,2317,鴻海,TWSE,1176.56
20260518,2812,台中銀,TWSE,1168.0
20260518,2327,國巨*,TWSE,1102.045
20260518,2363,矽統,TWSE,1087.75
20260518,3028,增你強,TWSE,1084.223
20260518,2342,茂矽,TWSE,1075.178
20260518,00930,永豐ESG低碳高息,TWSE,1067.952
20260518,009800,中信NASDAQ,TWSE,1049.829
20260518,2455,全新,TWSE,1043.23
20260518,3189,景碩,TWSE,1039.882
20260518,00693,期街口S&P黃豆,TWSE,1032.407
20260518,6166,凌華,TWSE,1020.183
20260518,00637,元大滬深300正2,TWSE,1014.281
20260518,2332,友訊,TWSE,1009.183
20260518,2413,環科,TWSE,1004.928
20260518,00753,中信中國50正2,TWSE,965.12
20260518,00902,中信電池及儲能,TWSE,953.533
20260518,2399,映泰,TWSE,922.833
20260518,00985,主動野村台灣50,TWSE,842.836
20260518,3035,智原,TWSE,836.799
20260518,00676,富邦臺灣加權反1,TWSE,805.649
20260518,5876,上海商銀,TWSE,804.464
20260518,00965,元大航太防衛科技,TWSE,797.837
20260518,2305,全友,TWSE,782.0
20260518,1711,永光,TWSE,770.441
20260518,6155,鈞寶,TWSE,762.482
20260518,3094,聯傑,TWSE,725.027
20260518,2495,普安,TWSE,719.769
20260518,00770,國泰北美科技,TWSE,696.267
20260518,3008,大立光,TWSE,678.035
20260518,9941,裕融,TWSE,674.83
20260518,2476,鉅祥,TWSE,673.512
20260518,2340,台亞,TWSE,669.89
20260518,2349,錸德,TWSE,656.0
20260518,3605,宏致,TWSE,655.954
20260518,00949,復華日本龍頭,TWSE,650.962
20260518,3702,大聯大,TWSE,649.547
20260518,2436,偉詮電,TWSE,649.277
20260518,6449,鈺邦,TWSE,645.706
20260518,1528,恩德,TWSE,636.843
20260518,009812,野村日本東證,TWSE,621.204
20260518,4571,鈞興-KY,TWSE,616.076
20260518,4532,瑞智,TWSE,615.348
20260518,00989,主動摩根美國科技,TWSE,610.448
20260518,3031,佰鴻,TWSE,601.346
20260518,00686,群益臺灣加權反1,TWSE,600.8
20260518,00927,群益半導體收益,TWSE,596.453
20260518,00923,群益台ESG低碳50,TWSE,595.926
20260518,00895,富邦未來車,TWSE,576.271
20260518,8081,致新,TWSE,572.431
20260518,1714,和桐,TWSE,567.6
20260518,2472,立隆電,TWSE,566.105
20260518,6152,百一,TWSE,565.0
20260518,3019,亞光,TWSE,562.029
20260518,1304,台聚,TWSE,561.45
20260518,2401,凌陽,TWSE,558.635
20260518,6414,樺漢,TWSE,552.077
20260518,00944,野村趨勢動能高息,TWSE,538.947
20260518,00987,主動台新優勢成長,TWSE,529.949
20260518,2426,鼎元,TWSE,512.0
20260518,00932,兆豐永續高息等權,TWSE,502.442
20260518,6205,詮欣,TWSE,496.255
20260518,1809,中釉,TWSE,495.0
20260518,00752,中信中國50,TWSE,494.727
20260518,2637,慧洋-KY,TWSE,484.159
20260518,3026,禾伸堂,TWSE,472.958
20260518,2404,漢唐,TWSE,470.078
20260518,00757,統一FANG+,TWSE,462.651
20260518,2406,國碩,TWSE,460.286
20260518,3717,聯嘉投控,TWSE,460.0
20260518,4142,國光生,TWSE,457.595
20260518,3545,敦泰,TWSE,454.166
20260518,3047,訊舟,TWSE,451.716
20260518,6962,奕力-KY,TWSE,449.709
20260518,4934,太極,TWSE,449.0
20260518,00639,富邦深100,TWSE,442.618
20260518,2457,飛宏,TWSE,442.482
20260518,4956,光鋐,TWSE,438.386
20260518,009811,統一美國50,TWSE,434.356
20260518,6168,宏齊,TWSE,433.155
20260518,6213,聯茂,TWSE,417.38
20260518,2458,義隆,TWSE,414.65
20260518,3056,富華新,TWSE,412.549
20260518,1316,上曜,TWSE,410.411
20260518,006205,富邦上証,TWSE,406.248
20260518,00670,富邦NASDAQ正2,TWSE,404.925
20260518,8996,高力,TWSE,403.425
20260518,3704,合勤控,TWSE,399.21
20260518,00960,野村全球航運龍頭,TWSE,394.121
20260518,2390,云辰,TWSE,387.015
20260518,2540,愛山林,TWSE,384.981
20260518,1722,台肥,TWSE,369.666
20260518,3023,信邦,TWSE,369.153
20260518,2351,順德,TWSE,359.95
20260518,2383,台光電,TWSE,358.474
20260518,3443,創意,TWSE,354.017
20260518,5608,四維航,TWSE,348.334
20260518,3437,榮創,TWSE,348.0
20260518,00733,富邦臺灣中小,TWSE,347.999
20260518,9946,三發地產,TWSE,343.017
20260518,3665,貿聯-KY,TWSE,342.499
20260518,3591,艾笛森,TWSE,341.819
20260518,3533,嘉澤,TWSE,341.349
20260518,3138,耀登,TWSE,340.246
20260518,6525,捷敏-KY,TWSE,338.144
20260518,8249,菱光,TWSE,337.735
20260518,00882,中信中國高股息,TWSE,337.608
20260518,009801,中信美國創新科技,TWSE,331.046
20260518,4564,元翎,TWSE,328.639
20260518,00971,野村美國研發龍頭,TWSE,321.739
20260518,009818,華南永昌NASDAQxT,TWSE,316.673
20260518,3673,TPK-KY,TWSE,304.883
20260518,1808,潤隆,TWSE,302.738
20260518,2905,三商,TWSE,295.853
20260518,3037,欣興,TWSE,290.189
20260518,3051,力特,TWSE,286.28
20260518,4967,十銓,TWSE,282.904
20260518,2328,廣宇,TWSE,261.297
20260518,1709,和益,TWSE,258.0
20260518,2427,三商電,TWSE,255.0
20260518,00941,中信上游半導體,TWSE,253.992
20260518,9914,美利達,TWSE,246.766
20260518,1310,台苯,TWSE,244.524
20260518,4961,天鈺,TWSE,238.312
20260518,3518,柏騰,TWSE,236.017
20260518,6944,兆聯實業,TWSE,230.835
20260518,2442,新美齊,TWSE,222.99
20260518,2357,華碩,TWSE,218.734
20260518,009803,玉山市值動能50,TWSE,218.244
20260518,2605,新興,TWSE,215.107
20260518,2243,宏旭-KY,TWSE,211.0
20260518,00904,新光臺灣半導體30,TWSE,208.255
20260518,2428,興勤,TWSE,207.386
20260518,3044,健鼎,TWSE,207.096
20260518,4164,承業醫,TWSE,203.0
20260518,6831,邁科,TWSE,201.807
20260518,6719,力智,TWSE,200.889
20260518,3013,晟銘電,TWSE,199.688
20260518,2489,瑞軒,TWSE,199.617
20260518,2338,光罩,TWSE,198.2
20260518,2440,太空梭,TWSE,197.058
20260518,6668,中揚光,TWSE,193.046
20260518,2838,聯邦銀,TWSE,190.914
20260518,2402,毅嘉,TWSE,189.262
20260518,009819,中信數據及電力,TWSE,186.492
20260518,009810,玉山全球藍籌100,TWSE,186.375
20260518,009817,國泰日本不動產,TWSE,185.833
20260518,2465,麗臺,TWSE,183.911
20260518,1609,大亞,TWSE,183.361
20260518,1455,集盛,TWSE,181.852
20260518,6224,聚鼎,TWSE,179.784
20260518,6189,豐藝,TWSE,174.622
20260518,3346,麗清,TWSE,172.0
20260518,1587,吉茂,TWSE,170.584
20260518,00916,國泰全球品牌50,TWSE,170.189
20260518,6133,金橋,TWSE,165.0
20260518,2889,國票金,TWSE,157.101
20260518,00962,台新AI優息動能,TWSE,157.094
20260518,2850,新產,TWSE,156.594
20260518,6715,嘉基,TWSE,156.364
20260518,3022,威強電,TWSE,156.26
20260518,6592,和潤企業,TWSE,156.07
20260518,2461,光群雷,TWSE,155.0
20260518,2486,一詮,TWSE,154.965
20260518,6531,愛普*,TWSE,154.728
20260518,6139,亞翔,TWSE,154.196
20260518,2520,冠德,TWSE,152.14
20260518,6862,三集瑞-KY,TWSE,150.103
20260518,3669,圓展,TWSE,149.0
20260518,7750,新代,TWSE,146.383
20260518,3050,鈺德,TWSE,143.0
20260518,00926,凱基全球菁英55,TWSE,139.835
20260518,4562,穎漢,TWSE,139.153
20260518,00896,中信綠能及電動車,TWSE,138.34
20260518,2483,百容,TWSE,138.0
20260518,1597,直得,TWSE,137.0
20260518,4949,有成精密,TWSE,136.991
20260518,5434,崇越,TWSE,133.631
20260518,3588,通嘉,TWSE,133.414
20260518,6799,來頡,TWSE,132.013
20260518,00921,兆豐龍頭等權重,TWSE,127.509
20260518,2233,宇隆,TWSE,127.054
20260518,2601,益航,TWSE,127.0
20260518,6108,競國,TWSE,125.725
20260518,00903,富邦元宇宙,TWSE,124.234
20260518,2816,旺旺保,TWSE,124.01
20260518,00943,兆豐電子高息等權,TWSE,123.935
20260518,6456,GIS-KY,TWSE,122.513
20260518,1471,首利,TWSE,121.0
20260518,3543,州巧,TWSE,119.491
20260518,1736,喬山,TWSE,118.015
20260518,1464,得力,TWSE,118.0
20260518,00701,國泰股利精選30,TWSE,117.669
20260518,3027,盛達,TWSE,116.057
20260518,8016,矽創,TWSE,115.604
20260518,1210,大成,TWSE,115.133
20260518,1444,力麗,TWSE,115.0
20260518,8488,吉源-KY,TWSE,115.0
20260518,3058,立德,TWSE,115.0
20260518,3592,瑞鼎,TWSE,114.142
20260518,2369,菱生,TWSE,113.933
20260518,2617,台航,TWSE,113.467
20260518,8210,勤誠,TWSE,112.825
20260518,6756,威鋒電子,TWSE,112.778
20260518,6835,圓裕,TWSE,112.0
20260518,3701,大眾控,TWSE,111.97
20260518,00913,兆豐台灣晶圓製造,TWSE,111.419
20260518,2597,潤弘,TWSE,109.107
20260518,5203,訊連,TWSE,108.85
20260518,6243,迅杰,TWSE,106.0
20260518,2611,志信,TWSE,106.0
20260518,1616,億泰,TWSE,105.356
20260518,00897,富邦基因免疫生技,TWSE,104.632
20260518,8104,錸寶,TWSE,103.925
20260518,4764,雙鍵,TWSE,103.89
20260518,2852,第一保,TWSE,103.794
20260518,00638,元大滬深300反1,TWSE,103.599
20260518,2493,揚博,TWSE,102.779
20260518,6477,安集,TWSE,102.0
20260518,1563,巧新,TWSE,101.0
20260518,00909,國泰數位支付服務,TWSE,100.945
20260518,2103,台橡,TWSE,100.758
20260518,6277,宏正,TWSE,99.733
20260518,2104,國際中橡,TWSE,99.329
20260518,2439,美律,TWSE,94.156
20260518,2360,致茂,TWSE,94.099
20260518,2491,吉祥全,TWSE,93.113
20260518,1436,華友聯,TWSE,92.848
20260518,2913,農林,TWSE,91.999
20260518,2462,良得電,TWSE,91.727
20260518,3060,銘異,TWSE,91.616
20260518,4927,泰鼎-KY,TWSE,91.4
20260518,6781,AES-KY,TWSE,91.392
20260518,2444,兆勁,TWSE,91.0
20260518,6226,光鼎,TWSE,90.013
20260518,7711,永擎,TWSE,88.484
20260518,2101,南港,TWSE,88.261
20260518,7749,意騰-KY,TWSE,87.529
20260518,8464,億豐,TWSE,87.275
20260518,5521,工信,TWSE,86.0
20260518,2032,新鋼,TWSE,86.0
20260518,00640,富邦日本正2,TWSE,84.971
20260518,2453,凌群,TWSE,83.0
20260518,9906,欣巴巴,TWSE,82.0
20260518,4755,三福化,TWSE,79.668
20260518,3686,達能,TWSE,78.988
20260518,1611,中電,TWSE,78.606
20260518,6670,復盛應用,TWSE,78.257
20260518,1540,喬福,TWSE,78.15
20260518,8045,達運光電,TWSE,75.931
20260518,6196,帆宣,TWSE,75.049
20260518,6598,ABC-KY,TWSE,75.0
20260518,3708,上緯投控,TWSE,74.333
20260518,3596,智易,TWSE,74.279
20260518,00954,中信日本半導體,TWSE,73.739
20260518,00875,國泰網路資安,TWSE,73.687
20260518,00938,凱基優選30,TWSE,73.636
20260518,2231,為升,TWSE,73.56
20260518,3607,谷崧,TWSE,73.0
20260518,0051,元大中型100,TWSE,72.446
20260518,3016,嘉晶,TWSE,72.373
20260518,8162,微矽電子-創,TWSE,72.093
20260518,9935,慶豐富,TWSE,72.0
20260518,3090,日電貿,TWSE,70.706
20260518,3550,聯穎,TWSE,70.348
20260518,2739,寒舍,TWSE,70.0
20260518,00728,第一金工業30,TWSE,69.775
20260518,6541,泰福-KY,TWSE,69.012
20260518,6937,天虹,TWSE,68.438
20260518,2387,精元,TWSE,68.346
20260518,5522,遠雄,TWSE,68.021
20260518,4968,立積,TWSE,67.073
20260518,5471,松翰,TWSE,66.839
20260518,4766,南寶,TWSE,65.393
20260518,6873,泓德能源,TWSE,64.212
20260518,4195,基米-創,TWSE,64.013
20260518,3002,歐格,TWSE,63.222
20260518,2832,台產,TWSE,63.023
20260518,00645,富邦日本,TWSE,62.16
20260518,6743,安普新,TWSE,62.0
20260518,00643,群益深証中小,TWSE,60.503
20260518,6472,保瑞,TWSE,60.385
20260518,5515,建國,TWSE,60.287
20260518,6657,華安,TWSE,59.929
20260518,009804,聯邦台精彩50,TWSE,58.779
20260518,1231,聯華食,TWSE,58.275
20260518,6796,晉弘,TWSE,58.0
20260518,8466,美吉吉-KY,TWSE,57.0
20260518,6235,華孚,TWSE,56.1
20260518,8473,山林水,TWSE,56.0
20260518,1108,幸福,TWSE,56.0
20260518,1466,聚隆,TWSE,56.0
20260518,5284,jpp-KY,TWSE,55.236
20260518,2438,翔耀,TWSE,55.0
20260518,6931,青松健康,TWSE,54.998
20260518,6216,居易,TWSE,54.783
20260518,6885,全福生技,TWSE,54.0
20260518,00717,富邦美國特別股,TWSE,54.0
20260518,1414,東和,TWSE,54.0
20260518,8131,福懋科,TWSE,53.932
20260518,3040,遠見,TWSE,53.0
20260518,1337,再生-KY,TWSE,53.0
20260518,1219,福壽,TWSE,53.0
20260518,6202,盛群,TWSE,52.385
20260518,4178,永笙-KY,TWSE,52.0
20260518,1529,樂事綠能,TWSE,52.0
20260518,3046,建碁,TWSE,52.0
20260518,7721,微程式,TWSE,50.0
20260518,2236,百達-KY,TWSE,49.241
20260518,2537,聯上發,TWSE,48.855
20260518,3532,台勝科,TWSE,48.066
20260518,1789,神隆,TWSE,47.0
20260518,6214,精誠,TWSE,46.385
20260518,1533,車王電,TWSE,45.633
20260518,2915,潤泰全,TWSE,45.0
20260518,1449,佳和,TWSE,43.999
20260518,9802,鈺齊-KY,TWSE,42.866
20260518,00952,凱基台灣AI50,TWSE,42.39
20260518,2509,全坤建,TWSE,42.0
20260518,2420,新巨,TWSE,41.35
20260518,6909,創控,TWSE,40.843
20260518,4133,亞諾法,TWSE,40.0
20260518,00655,國泰中國A50正2,TWSE,39.052
20260518,2536,宏普,TWSE,39.0
20260518,5244,弘凱,TWSE,39.0
20260518,4104,佳醫,TWSE,38.49
20260518,00654,富邦印度反1,TWSE,37.22
20260518,00647,元大S&P500正2,TWSE,37.122
20260518,2528,皇普,TWSE,37.0
20260518,00899,FT潔淨能源,TWSE,35.952
20260518,6689,伊雲谷,TWSE,35.691
20260518,00653,富邦印度正2,TWSE,34.705
20260518,00690,兆豐藍籌30,TWSE,34.655
20260518,6776,展碁國際,TWSE,34.0
20260518,2397,友通,TWSE,34.0
20260518,5607,遠雄港,TWSE,33.493
20260518,2762,世界健身-KY,TWSE,32.016
20260518,2415,錩新,TWSE,32.006
20260518,6515,穎崴,TWSE,31.853
20260518,7722,LINEPAY,TWSE,30.95
20260518,6415,矽力*-KY,TWSE,30.843
20260518,00972,野村日本動能高息,TWSE,30.631
20260518,3416,融程電,TWSE,30.191
20260518,020038,元大ESG配息N,TWSE,30.0
20260518,00683,期元大美元指正2,TWSE,28.89
20260518,5225,東科-KY,TWSE,28.719
20260518,7765,中華資安,TWSE,28.091
20260518,2748,雲品,TWSE,28.0
20260518,00901,永豐智能車供應鏈,TWSE,27.701
20260518,3015,全漢,TWSE,27.601
20260518,6742,澤米,TWSE,27.357
20260518,7822,倍利科,TWSE,27.282
20260518,9908,大台北,TWSE,27.0
20260518,00634,富邦上証反1,TWSE,27.0
20260518,00731,復華富時高息低波,TWSE,26.281
20260518,4930,燦星網,TWSE,26.2
20260518,6830,汎銓,TWSE,26.078
20260518,009809,富邦淨零ESG50,TWSE,25.747
20260518,3041,揚智,TWSE,25.25
20260518,2038,海光,TWSE,25.0
20260518,6585,鼎基,TWSE,24.844
20260518,00666,富邦恒生國企反1,TWSE,24.06
20260518,00905,FT臺灣Smart,TWSE,23.52
20260518,6806,森崴能源,TWSE,23.0
20260518,4169,泰宗,TWSE,23.0
20260518,7821,神數,TWSE,22.0
20260518,00707,期元大S&P日圓反1,TWSE,21.0
20260518,6177,達麗,TWSE,20.242
20260518,6792,詠業,TWSE,20.035
20260518,2506,太設,TWSE,20.0
20260518,006207,復華滬深,TWSE,19.9
20260518,2616,山隆,TWSE,19.748
20260518,1441,大東,TWSE,19.1
20260518,2425,承啟,TWSE,19.0
20260518,1446,宏和,TWSE,19.0
20260518,3257,虹冠電,TWSE,19.0
20260518,3311,閎暉,TWSE,18.271
20260518,00956,中信日經高股息,TWSE,17.217
20260518,2414,精技,TWSE,17.0
20260518,3054,立萬利,TWSE,17.0
20260518,2007,燁興,TWSE,17.0
20260518,2431,聯昌,TWSE,16.728
20260518,6698,旭暉應材,TWSE,16.392
20260518,8499,鼎炫-KY,TWSE,16.096
20260518,1201,味全,TWSE,16.046
20260518,3308,聯德,TWSE,16.024
20260518,1526,日馳,TWSE,16.0
20260518,00783,富邦中証500,TWSE,15.992
20260518,1339,昭輝,TWSE,15.561
20260518,6669,緯穎,TWSE,15.106
20260518,3447,展達,TWSE,15.0
20260518,4551,智伸科,TWSE,14.981
20260518,4572,駐龍,TWSE,14.948
20260518,6405,悅城,TWSE,14.676
20260518,00852,國泰美國道瓊正2,TWSE,14.6
20260518,2545,皇翔,TWSE,13.961
20260518,4566,時碩工業,TWSE,13.676
20260518,00682,期元大美元指數,TWSE,13.05
20260518,910861,神州-DR,TWSE,13.0
20260518,9918,欣天然,TWSE,13.0
20260518,2247,汎德永業,TWSE,12.999
20260518,2430,燦坤,TWSE,12.0
20260518,1453,大將,TWSE,12.0
20260518,1439,雋揚,TWSE,12.0
20260518,2608,嘉里大榮,TWSE,11.472
20260518,6192,巨路,TWSE,11.073
20260518,1590,亞德客-KY,TWSE,11.061
20260518,6957,裕慶-KY,TWSE,10.856
20260518,9940,信義,TWSE,10.451
20260518,6552,易華電,TWSE,10.0
20260518,020028,元大特選電動車N,TWSE,10.0
20260518,00684,期元大美元指反1,TWSE,10.0
20260518,2434,統懋,TWSE,10.0
20260518,2364,倫飛,TWSE,9.0
20260518,1541,錩泰,TWSE,9.0
20260518,3679,新至陞,TWSE,9.0
20260518,2030,彰源,TWSE,8.928
20260518,3030,德律,TWSE,8.399
20260518,4770,上品,TWSE,8.0
20260518,4590,富田-創,TWSE,7.992
20260518,1525,江申,TWSE,7.959
20260518,00656,國泰中國A50反1,TWSE,7.0
20260518,6969,成信實業*-創,TWSE,7.0
20260518,3043,科風,TWSE,7.0
20260518,1437,勤益控,TWSE,7.0
20260518,00710,復華彭博非投等債,TWSE,6.462
20260518,0053,元大電子,TWSE,6.033
20260518,01001,土銀富邦R1,TWSE,6.0
20260518,1342,八貫,TWSE,6.0
20260518,2432,倚天酷碁-創,TWSE,6.0
20260518,6606,建德工業,TWSE,5.0
20260518,6934,心誠鎂,TWSE,5.0
20260518,2945,三商家購,TWSE,5.0
20260518,3092,鴻碩,TWSE,4.998
20260518,006203,元大MSCI台灣,TWSE,4.632
20260518,5288,豐祥-KY,TWSE,4.072
20260518,3716,中化控股,TWSE,4.001
20260518,8443,阿瘦,TWSE,4.0
20260518,2538,基泰,TWSE,4.0
20260518,4119,旭富,TWSE,3.957
20260518,2062,橋椿,TWSE,3.876
20260518,2258,鴻華先進-創,TWSE,3.846
20260518,2480,敦陽科,TWSE,3.456
20260518,00703,台新MSCI中國,TWSE,3.096
20260518,5546,永固-KY,TWSE,3.0
20260518,020029,元大ESG高股息N,TWSE,3.0
20260518,4807,日成-KY,TWSE,2.953
20260518,3530,晶相光,TWSE,2.674
20260518,2228,劍麟,TWSE,2.456
20260518,2419,仲琦,TWSE,2.385
20260518,3617,碩天,TWSE,2.205
20260518,00714,群益道瓊美國地產,TWSE,2.082
20260518,00689,國泰20年美債反1,TWSE,2.01
20260518,2248,華勝-KY,TWSE,2.0
20260518,1438,三地開發,TWSE,2.0
20260518,2029,盛餘,TWSE,2.0
20260518,4935,茂林-KY,TWSE,2.0
20260518,8467,波力-KY,TWSE,2.0
20260518,1730,花仙子,TWSE,1.97
20260518,4441,振大環球,TWSE,1.938
20260518,4588,玖鼎電力,TWSE,1.853
20260518,6914,阜爾運通,TWSE,1.303
20260518,6908,宏碁遊戲-創,TWSE,1.0
20260518,8481,政伸,TWSE,1.0
20260518,7736,虎山,TWSE,1.0
20260518,3011,今皓,TWSE,1.0
20260518,3168,眾福科,TWSE,1.0
20260518,1473,台南,TWSE,1.0
20260518,020000,富邦特選蘋果N,TWSE,1.0
20260518,006204,永豐臺灣加權,TWSE,0.891
20260518,2613,中櫃,TWSE,0.799
20260518,9931,欣高,TWSE,0.739
20260518,5222,全訊,TWSE,0.094
20260518,7631,聚賢研發-創,TWSE,0.012
20260518,020037,元大金融高股息N,TWSE,0.0
20260518,8940,新天地,TWSE,0.0
20260518,2712,遠雄來,TWSE,0.0
20260518,00668,國泰美國道瓊+U,TWSE,0.0
20260518,00636,國泰中國A50+U,TWSE,0.0
20260518,020031,統一IC設計臺灣N,TWSE,0.0
20260518,1733,五鼎,TWSE,0.0
20260518,1776,展宇,TWSE,0.0
20260518,1470,大統新創,TWSE,-0.002
20260518,1516,川飛,TWSE,-0.047
20260518,1527,鑽全,TWSE,-0.049
20260518,00737,國泰AI機器人,TWSE,-0.058
20260518,2321,東訊,TWSE,-0.075
20260518,6754,匯僑設計,TWSE,-0.578
20260518,5292,華懋,TWSE,-0.889
20260518,00851,台新全球AI,TWSE,-0.971
20260518,00736,國泰新興市場,TWSE,-1.0
20260518,1537,廣隆,TWSE,-1.0
20260518,1512,瑞利,TWSE,-1.0
20260518,2028,威致,TWSE,-1.0
20260518,2024,志聯,TWSE,-1.0
20260518,020036,元大金融配息N,TWSE,-1.0
20260518,4440,宜新實業,TWSE,-1.0
20260518,4771,望隼,TWSE,-1.0
20260518,3652,精聯,TWSE,-1.0
20260518,6887,寶綠特-KY,TWSE,-1.0
20260518,6666,羅麗芬-KY,TWSE,-1.0
20260518,6655,科定,TWSE,-1.0
20260518,6283,淳安,TWSE,-1.0
20260518,1806,冠軍,TWSE,-1.0
20260518,00775,新光投等債15+,TWSE,-1.054
20260518,00702,國泰標普低波高息,TWSE,-1.249
20260518,6438,迅得,TWSE,-1.328
20260518,6955,邦睿生技-創,TWSE,-2.0
20260518,6988,威力暘-創,TWSE,-2.0
20260518,6794,向榮生技,TWSE,-2.0
20260518,8482,商億-KY,TWSE,-2.0
20260518,7740,熙特爾-創,TWSE,-2.0
20260518,4439,冠星-KY,TWSE,-2.0
20260518,2496,卓越,TWSE,-2.0
20260518,1805,寶徠,TWSE,-2.0
20260518,6952,大武山,TWSE,-2.0
20260518,0057,富邦摩台,TWSE,-2.14
20260518,2421,建準,TWSE,-2.902
20260518,1423,利華,TWSE,-3.0
20260518,1535,中宇,TWSE,-3.0
20260518,00660,元大歐洲50,TWSE,-3.0
20260518,8487,愛爾達-創,TWSE,-3.0
20260518,910322,康師傅-DR,TWSE,-3.0
20260518,9942,茂順,TWSE,-3.0
20260518,6936,永鴻生技,TWSE,-3.0
20260518,6916,華凌,TWSE,-3.0
20260518,6641,基士德-KY,TWSE,-3.0
20260518,020030,統一智慧電動車N,TWSE,-3.0
20260518,6695,芯鼎,TWSE,-3.025
20260518,00711,復華彭博新興債,TWSE,-3.134
20260518,1617,榮星,TWSE,-3.758
20260518,2939,永邑-KY,TWSE,-3.999
20260518,4581,光隆精密-KY,TWSE,-4.0
20260518,8367,建新國際,TWSE,-4.0
20260518,7732,金興精密,TWSE,-4.0
20260518,2012,春雨,TWSE,-4.0
20260518,1521,大億,TWSE,-4.0
20260518,1235,興泰,TWSE,-4.0
20260518,6771,平和環保-創,TWSE,-4.0
20260518,2380,虹光,TWSE,-4.0
20260518,9929,秋雨,TWSE,-4.0
20260518,6807,峰源-KY,TWSE,-4.0
20260518,00657,國泰日經225,TWSE,-4.138
20260518,6197,佳必琪,TWSE,-4.419
20260518,00709,富邦歐洲,TWSE,-4.574
20260518,6671,三能-KY,TWSE,-4.63
20260518,2482,連宇,TWSE,-4.811
20260518,6902,GOGOLOOK,TWSE,-4.99
20260518,2910,統領,TWSE,-4.999
20260518,4560,強信-KY,TWSE,-5.0
20260518,4994,傳奇,TWSE,-5.0
20260518,9912,偉聯,TWSE,-5.0
20260518,2254,巨鎧精密-創,TWSE,-5.0
20260518,1530,亞崴,TWSE,-5.0
20260518,1626,艾美特-KY,TWSE,-5.0
20260518,1413,宏洲,TWSE,-5.0
20260518,6581,鋼聯,TWSE,-5.0
20260518,1410,南染,TWSE,-5.025
20260518,00771,元大US高息特別股,TWSE,-5.059
20260518,8072,陞泰,TWSE,-5.072
20260518,2612,中航,TWSE,-5.095
20260518,6225,天瀚,TWSE,-5.368
20260518,9944,新麗,TWSE,-6.0
20260518,2239,英利-KY,TWSE,-6.0
20260518,1324,地球,TWSE,-6.0
20260518,1539,巨庭,TWSE,-6.0
20260518,2025,千興,TWSE,-6.0
20260518,1817,凱撒衛,TWSE,-6.0
20260518,1236,宏亞,TWSE,-6.0
20260518,1233,天仁,TWSE,-6.0
20260518,1463,強盛新,TWSE,-6.0
20260518,2250,IKKA-KY,TWSE,-6.01
20260518,00865,國泰US短期公債,TWSE,-6.065
20260518,6951,青新-創,TWSE,-6.983
20260518,2033,佳大,TWSE,-7.0
20260518,1472,三洋實業,TWSE,-7.0
20260518,4999,鑫禾,TWSE,-7.0
20260518,2468,華經,TWSE,-7.036
20260518,3130,一零四,TWSE,-7.999
20260518,2488,漢平,TWSE,-8.0
20260518,6965,中傑-KY,TWSE,-8.0
20260518,1465,偉全,TWSE,-8.0
20260518,1220,台榮,TWSE,-8.0
20260518,020032,元大綠能N,TWSE,-8.0
20260518,4106,雃博,TWSE,-8.0
20260518,6183,關貿,TWSE,-8.095
20260518,5234,達興材料,TWSE,-8.434
20260518,7730,暉盛-創,TWSE,-8.784
20260518,1418,東華,TWSE,-8.998
20260518,2702,華園,TWSE,-9.0
20260518,6582,申豐,TWSE,-9.0
20260518,6918,愛派司,TWSE,-9.0
20260518,6838,台新藥,TWSE,-9.0
20260518,9926,新海,TWSE,-9.0
20260518,8476,台境*,TWSE,-9.0
20260518,4190,佐登-KY,TWSE,-9.0
20260518,2901,欣欣,TWSE,-9.0
20260518,2008,高興昌,TWSE,-9.0
20260518,2516,新建,TWSE,-9.0
20260518,2373,震旦行,TWSE,-9.0
20260518,00762,元大全球AI,TWSE,-9.429
20260518,9937,全國,TWSE,-9.58
20260518,2471,資通,TWSE,-9.601
20260518,1725,元禎,TWSE,-9.985
20260518,1456,怡華,TWSE,-10.0
20260518,020020,元大台股領航N,TWSE,-10.0
20260518,6142,友勁,TWSE,-10.0
20260518,6674,鋐寶科技,TWSE,-10.0
20260518,1315,達新,TWSE,-10.0
20260518,6933,AMAX-KY,TWSE,-10.065
20260518,6504,南六,TWSE,-11.0
20260518,3150,鈺寶-創,TWSE,-11.0
20260518,1726,永記,TWSE,-11.0
20260518,1783,和康生,TWSE,-11.0
20260518,1256,鮮活果汁-KY,TWSE,-11.222
20260518,00674,期元大S&P黃金反1,TWSE,-11.352
20260518,6416,瑞祺電通,TWSE,-11.947
20260518,8201,無敵,TWSE,-12.0
20260518,4426,利勤,TWSE,-12.0
20260518,1203,味王,TWSE,-12.0
20260518,1468,昶和,TWSE,-12.0
20260518,1454,台富,TWSE,-12.0
20260518,1443,立益物流,TWSE,-12.0
20260518,1760,寶齡富錦,TWSE,-12.0
20260518,00739,元大MSCI A股,TWSE,-12.252
20260518,2227,裕日車,TWSE,-12.265
20260518,1558,伸興,TWSE,-12.397
20260518,2114,鑫永銓,TWSE,-12.978
20260518,1459,聯發,TWSE,-13.0
20260518,7768,頌勝科技,TWSE,-13.0
20260518,1707,葡萄王,TWSE,-13.411
20260518,2022,聚亨,TWSE,-13.476
20260518,00681,元大美債20反1,TWSE,-13.86
20260518,1475,業旺,TWSE,-14.0
20260518,1445,大宇,TWSE,-14.0
20260518,6431,光麗-KY,TWSE,-14.0
20260518,6645,金萬林-創,TWSE,-14.0
20260518,5531,鄉林,TWSE,-14.0
20260518,3557,嘉威,TWSE,-14.0
20260518,9943,好樂迪,TWSE,-14.0
20260518,2477,美隆電,TWSE,-14.0
20260518,3622,洋華,TWSE,-14.844
20260518,006206,元大上證50,TWSE,-14.9
20260518,3164,景岳,TWSE,-14.93
20260518,3029,零壹,TWSE,-14.938
20260518,2908,特力,TWSE,-14.984
20260518,6924,榮惠-KY創,TWSE,-15.0
20260518,7791,皇家可口,TWSE,-15.0
20260518,6573,虹揚-KY,TWSE,-15.0
20260518,1442,名軒,TWSE,-15.0
20260518,4555,氣立,TWSE,-15.173
20260518,6426,統新,TWSE,-15.262
20260518,8462,柏文,TWSE,-15.311
20260518,1598,岱宇,TWSE,-15.6
20260518,7795,長廣,TWSE,-15.726
20260518,4438,廣越,TWSE,-15.963
20260518,8411,福貞-KY,TWSE,-16.0
20260518,6861,睿生光電,TWSE,-16.0
20260518,1506,正道,TWSE,-16.0
20260518,2115,六暉-KY,TWSE,-16.0
20260518,2642,宅配通,TWSE,-16.0
20260518,911868,同方友友-DR,TWSE,-16.0
20260518,2013,中鋼構,TWSE,-16.466
20260518,1752,南光,TWSE,-17.0
20260518,2466,冠西電,TWSE,-17.0
20260518,2348,海悅,TWSE,-17.234
20260518,6591,動力-KY,TWSE,-17.258
20260518,00678,群益那斯達克生技,TWSE,-17.398
20260518,2539,櫻花建,TWSE,-17.972
20260518,2904,匯僑,TWSE,-18.0
20260518,1217,愛之味,TWSE,-18.0
20260518,2707,晶華,TWSE,-18.0
20260518,6805,富世達,TWSE,-18.117
20260518,6949,沛爾生醫-創,TWSE,-18.308
20260518,1218,泰山,TWSE,-18.384
20260518,1762,中化生,TWSE,-18.967
20260518,2450,神腦,TWSE,-19.0
20260518,8222,寶一,TWSE,-19.0
20260518,3494,誠研,TWSE,-19.0
20260518,1531,高林股,TWSE,-19.0
20260518,1723,中碳,TWSE,-19.051
20260518,2059,川湖,TWSE,-19.688
20260518,3229,晟鈦,TWSE,-20.0
20260518,1321,大洋,TWSE,-20.0
20260518,1615,大山,TWSE,-20.018
20260518,1623,大東電,TWSE,-20.166
20260518,8110,華東,TWSE,-20.859
20260518,00908,富邦入息REITs+,TWSE,-20.932
20260518,7823,奧義賽博-KY創,TWSE,-20.965
20260518,2459,敦吉,TWSE,-21.0
20260518,6184,大豐電,TWSE,-21.0
20260518,8442,威宏-KY,TWSE,-21.0
20260518,7760,享溫馨,TWSE,-21.0
20260518,6928,攸泰科技,TWSE,-21.0
20260518,6281,全國電,TWSE,-21.0
20260518,1560,中砂,TWSE,-21.082
20260518,6120,達運,TWSE,-21.406
20260518,9927,泰銘,TWSE,-22.0
20260518,1906,寶隆,TWSE,-22.69
20260518,5519,隆大,TWSE,-22.907
20260518,5538,東明-KY,TWSE,-23.0
20260518,1737,臺鹽,TWSE,-23.0
20260518,1474,弘裕,TWSE,-23.0
20260518,5283,禾聯碩,TWSE,-23.0
20260518,2546,根基,TWSE,-24.0
20260518,6921,嘉雨思-創,TWSE,-24.1
20260518,6230,尼得科超眾,TWSE,-24.498
20260518,4952,凌通,TWSE,-24.81
20260518,1232,大統益,TWSE,-24.946
20260518,5907,大洋-KY,TWSE,-25.0
20260518,1338,廣華-KY,TWSE,-25.0
20260518,3705,永信,TWSE,-25.05
20260518,4942,嘉彰,TWSE,-25.154
20260518,3535,晶彩科,TWSE,-25.959
20260518,1713,國化,TWSE,-25.977
20260518,5007,三星,TWSE,-26.0
20260518,7705,三商餐飲,TWSE,-26.0
20260518,1583,程泰,TWSE,-26.211
20260518,6533,晶心科,TWSE,-26.93
20260518,3296,勝德,TWSE,-27.0
20260518,1417,嘉裕,TWSE,-27.0
20260518,1524,耿鼎,TWSE,-27.0
20260518,4557,永新-KY,TWSE,-27.72
20260518,2015,豐興,TWSE,-27.742
20260518,00651,復華香港反1,TWSE,-27.95
20260518,6658,聯策,TWSE,-28.0
20260518,1323,永裕,TWSE,-28.0
20260518,3515,華擎,TWSE,-28.166
20260518,2460,建通,TWSE,-28.974
20260518,020034,元大IC設計N,TWSE,-29.0
20260518,1452,宏益,TWSE,-30.0
20260518,6201,亞弘電,TWSE,-30.0
20260518,1731,美吾華,TWSE,-30.0
20260518,1314,中石化,TWSE,-30.265
20260518,1451,年興,TWSE,-31.0
20260518,2722,夏都,TWSE,-31.0
20260518,6464,台數科,TWSE,-31.0
20260518,8429,金麗-KY,TWSE,-31.0
20260518,3321,同泰,TWSE,-31.0
20260518,2929,淘帝-KY,TWSE,-31.0
20260518,1618,合機,TWSE,-31.087
20260518,3583,辛耘,TWSE,-31.289
20260518,2607,榮運,TWSE,-31.914
20260518,3266,昇陽,TWSE,-32.0
20260518,6128,上福,TWSE,-32.113
20260518,6164,華興,TWSE,-33.0
20260518,2433,互盛電,TWSE,-33.0
20260518,3057,喬鼎,TWSE,-33.0
20260518,2727,王品,TWSE,-33.532
20260518,9902,台火,TWSE,-34.034
20260518,3025,星通,TWSE,-34.421
20260518,2017,官田鋼,TWSE,-34.954
20260518,3419,譁裕,TWSE,-35.0
20260518,3432,台端,TWSE,-35.0
20260518,4545,銘鈺,TWSE,-35.0
20260518,2362,藍天,TWSE,-35.61
20260518,7786,東方風能,TWSE,-35.926
20260518,4148,全宇生技-KY,TWSE,-36.0
20260518,2109,華豐,TWSE,-36.0
20260518,6958,日盛台駿,TWSE,-36.0
20260518,1457,宜進,TWSE,-36.0
20260518,6625,必應,TWSE,-36.952
20260518,8463,潤泰材,TWSE,-37.0
20260518,6614,資拓宏宇,TWSE,-38.112
20260518,6863,永道-KY,TWSE,-38.652
20260518,0061,元大寶滬深,TWSE,-39.151
20260518,1604,聲寶,TWSE,-40.0
20260518,1568,倉佑,TWSE,-40.0
20260518,9905,大華,TWSE,-40.0
20260518,2527,宏璟,TWSE,-41.586
20260518,02001,富邦蘋果反一N,TWSE,-42.0
20260518,6906,現觀科,TWSE,-42.065
20260518,1718,中纖,TWSE,-42.985
20260518,020039,元大加權N,TWSE,-43.0
20260518,7610,聯友金屬-創,TWSE,-43.745
20260518,2701,萬企,TWSE,-44.0
20260518,1710,東聯,TWSE,-44.451
20260518,1614,三洋電,TWSE,-45.0
20260518,5525,順天,TWSE,-45.0
20260518,6869,雲豹能源,TWSE,-45.189
20260518,4552,力達-KY,TWSE,-46.0
20260518,1467,南緯,TWSE,-46.0
20260518,2849,安泰銀,TWSE,-46.282
20260518,2424,隴華,TWSE,-46.446
20260518,1419,新紡,TWSE,-46.55
20260518,2923,鼎固-KY,TWSE,-47.448
20260518,2891,中信金丙特,TWSE,-48.0
20260518,00876,元大全球5G,TWSE,-48.338
20260518,3038,全台,TWSE,-48.831
20260518,4536,拓凱,TWSE,-49.017
20260518,2331,精英,TWSE,-49.679
20260518,9924,福興,TWSE,-50.533
20260518,4904,遠傳,TWSE,-50.729
20260518,9934,成霖,TWSE,-51.0
20260518,1416,廣豐,TWSE,-51.0
20260518,5258,虹堡,TWSE,-51.402
20260518,5533,皇鼎,TWSE,-52.0
20260518,8341,日友,TWSE,-52.012
20260518,4583,台灣精銳,TWSE,-52.622
20260518,6165,浪凡,TWSE,-53.0
20260518,9955,佳龍,TWSE,-53.035
20260518,7799,禾榮科,TWSE,-53.058
20260518,6605,帝寶,TWSE,-53.281
20260518,1325,恆大,TWSE,-54.0
20260518,00861,元大全球未來通訊,TWSE,-54.001
20260518,8454,富邦媒,TWSE,-54.557
20260518,3004,豐達科,TWSE,-54.994
20260518,6136,富爾特,TWSE,-55.0
20260518,6722,輝創,TWSE,-55.0
20260518,2108,南帝,TWSE,-55.078
20260518,2511,太子,TWSE,-55.742
20260518,00912,中信臺灣智慧50,TWSE,-55.757
20260518,00924,復華S&P500成長,TWSE,-56.437
20260518,3003,健和興,TWSE,-57.75
20260518,9103,美德醫療-DR,TWSE,-58.0
20260518,2405,輔信,TWSE,-58.0
20260518,6115,鎰勝,TWSE,-58.09
20260518,2524,京城,TWSE,-60.0
20260518,4569,六方科-KY,TWSE,-60.064
20260518,912000,晨訊科-DR,TWSE,-61.0
20260518,2705,六福,TWSE,-62.0
20260518,1522,堤維西,TWSE,-62.992
20260518,6112,邁達特,TWSE,-63.475
20260518,2514,龍邦,TWSE,-64.129
20260518,2467,志聖,TWSE,-65.404
20260518,4736,泰博,TWSE,-65.648
20260518,6923,中台,TWSE,-65.819
20260518,2308,台達電,TWSE,-65.912
20260518,6901,鑽石投資,TWSE,-67.0
20260518,2020,美亞,TWSE,-67.997
20260518,2704,國賓,TWSE,-68.0
20260518,5706,鳳凰,TWSE,-68.0
20260518,3209,全科,TWSE,-68.452
20260518,6491,晶碩,TWSE,-69.482
20260518,1702,南僑,TWSE,-71.179
20260518,00652,富邦印度,TWSE,-71.571
20260518,9911,櫻花,TWSE,-72.315
20260518,2906,高林,TWSE,-73.0
20260518,2630,亞航,TWSE,-73.629
20260518,4737,華廣,TWSE,-74.0
20260518,00661,元大日經225,TWSE,-74.396
20260518,8213,志超,TWSE,-75.563
20260518,1734,杏輝,TWSE,-76.51
20260518,4108,懷特,TWSE,-77.0
20260518,6890,來億-KY,TWSE,-77.125
20260518,4976,佳凌,TWSE,-78.073
20260518,1517,利奇,TWSE,-79.181
20260518,5215,科嘉-KY,TWSE,-79.835
20260518,1735,日勝化,TWSE,-81.064
20260518,1720,生達,TWSE,-81.702
20260518,6534,正瀚-創,TWSE,-82.099
20260518,00986,主動台新龍頭成長,TWSE,-82.103
20260518,1307,三芳,TWSE,-82.918
20260518,3167,大量,TWSE,-83.146
20260518,1234,黑松,TWSE,-83.879
20260518,1340,勝悅-KY,TWSE,-84.0
20260518,00730,富邦臺灣優質高息,TWSE,-84.516
20260518,8271,宇瞻,TWSE,-85.727
20260518,3380,明泰,TWSE,-91.0
20260518,2706,第一店,TWSE,-92.0
20260518,6691,洋基工程,TWSE,-92.028
20260518,1432,大魯閣,TWSE,-95.0
20260518,0055,元大MSCI金融,TWSE,-95.361
20260518,1903,士紙,TWSE,-97.0
20260518,3032,偉訓,TWSE,-97.751
20260518,3014,聯陽,TWSE,-98.75
20260518,9925,新保,TWSE,-99.0
20260518,4137,麗豐-KY,TWSE,-99.926
20260518,7780,大研生醫*,TWSE,-101.167
20260518,1612,宏泰,TWSE,-101.467
20260518,2911,麗嬰房,TWSE,-104.0
20260518,3021,鴻名,TWSE,-104.0
20260518,6409,旭隼,TWSE,-104.171
20260518,1732,毛寶,TWSE,-105.0
20260518,8404,百和興業-KY,TWSE,-106.9
20260518,8478,東哥遊艇,TWSE,-106.958
20260518,2106,建大,TWSE,-108.0
20260518,9930,中聯資源,TWSE,-110.519
20260518,1515,力山,TWSE,-113.0
20260518,6272,驊陞,TWSE,-114.0
20260518,6526,達發,TWSE,-114.372
20260518,1532,勤美,TWSE,-114.674
20260518,2534,宏盛,TWSE,-115.0
20260518,1225,福懋油,TWSE,-118.0
20260518,2505,國揚,TWSE,-119.0
20260518,2107,厚生,TWSE,-119.0
20260518,6854,錼創科技-KY創,TWSE,-119.364
20260518,4576,大銀微系統,TWSE,-119.444
20260518,6442,光聖,TWSE,-120.453
20260518,2723,美食-KY,TWSE,-121.366
20260518,1110,東泥,TWSE,-122.0
20260518,6141,柏承,TWSE,-122.003
20260518,2031,新光鋼,TWSE,-124.514
20260518,1603,華電,TWSE,-125.04
20260518,3312,弘憶股,TWSE,-128.0
20260518,3356,奇偶,TWSE,-129.095
20260518,1104,環泥,TWSE,-129.9
20260518,4912,聯德控股-KY,TWSE,-130.617
20260518,6024,群益期,TWSE,-130.931
20260518,4155,訊映,TWSE,-132.0
20260518,8021,尖點,TWSE,-136.458
20260518,6443,元晶,TWSE,-137.926
20260518,9945,潤泰新,TWSE,-138.181
20260518,6782,視陽,TWSE,-140.169
20260518,1786,科妍,TWSE,-141.205
20260518,3052,夆典,TWSE,-143.628
20260518,5306,桂盟,TWSE,-144.0
20260518,009808,華南永昌優選50,TWSE,-145.423
20260518,00917,中信特選金融,TWSE,-145.837
20260518,8011,台通,TWSE,-146.131
20260518,8114,振樺電,TWSE,-146.627
20260518,00706,期元大S&P日圓正2,TWSE,-147.35
20260518,8103,瀚荃,TWSE,-147.991
20260518,2606,裕民,TWSE,-148.179
20260518,3653,健策,TWSE,-148.281
20260518,00911,兆豐洲際半導體,TWSE,-150.003
20260518,2423,固緯,TWSE,-151.992
20260518,1229,聯華,TWSE,-153.64
20260518,7769,鴻勁,TWSE,-154.74
20260518,3563,牧德,TWSE,-155.52
20260518,6117,迎廣,TWSE,-155.932
20260518,3504,揚明光,TWSE,-156.013
20260518,2497,怡利電,TWSE,-161.923
20260518,3528,安馳,TWSE,-162.905
20260518,00894,中信小資高價30,TWSE,-163.609
20260518,9958,世紀鋼,TWSE,-164.156
20260518,1109,信大,TWSE,-165.0
20260518,3010,華立,TWSE,-168.058
20260518,2211,長榮鋼,TWSE,-169.354
20260518,00700,富邦恒生國企,TWSE,-169.775
20260518,6412,群電,TWSE,-170.454
20260518,9105,泰金寶-DR,TWSE,-173.687
20260518,2069,運錩,TWSE,-175.997
20260518,1712,興農,TWSE,-180.694
20260518,00893,國泰智能電動車,TWSE,-181.06
20260518,0052,富邦科技,TWSE,-181.14
20260518,2395,研華,TWSE,-183.999
20260518,9919,康那香,TWSE,-194.0
20260518,2207,和泰車,TWSE,-194.739
20260518,00907,永豐優息存股,TWSE,-200.222
20260518,2241,艾姆勒,TWSE,-201.17
20260518,2006,東和鋼鐵,TWSE,-202.325
20260518,1103,嘉泥,TWSE,-203.0
20260518,6790,永豐實,TWSE,-204.996
20260518,8046,南電,TWSE,-208.181
20260518,3501,維熹,TWSE,-212.384
20260518,00692,富邦公司治理,TWSE,-214.87
20260518,6558,興能高,TWSE,-217.0
20260518,3661,世芯-KY,TWSE,-217.197
20260518,1308,亞聚,TWSE,-222.21
20260518,1905,華紙,TWSE,-222.839
20260518,2429,銘旺科,TWSE,-223.925
20260518,1460,宏遠,TWSE,-224.0
20260518,00892,富邦台灣半導體,TWSE,-224.525
20260518,5534,長虹,TWSE,-226.94
20260518,5285,界霖,TWSE,-231.0
20260518,6757,台灣虎航,TWSE,-231.774
20260518,2102,泰豐,TWSE,-234.0
20260518,5243,乙盛-KY,TWSE,-241.426
20260518,2836,高雄銀,TWSE,-243.0
20260518,8374,羅昇,TWSE,-243.151
20260518,6672,騰輝電子-KY,TWSE,-243.508
20260518,00951,台新日本半導體,TWSE,-246.617
20260518,00850,元大臺灣ESG永續,TWSE,-251.017
20260518,2731,雄獅,TWSE,-252.881
20260518,00898,國泰基因免疫革命,TWSE,-254.712
20260518,9938,百和,TWSE,-263.995
20260518,2345,智邦,TWSE,-264.098
20260518,5484,慧友,TWSE,-267.365
20260518,9910,豐泰,TWSE,-270.597
20260518,6153,嘉聯益,TWSE,-272.157
20260518,00984,主動聯博全球非投,TWSE,-275.884
20260518,2753,八方雲集,TWSE,-276.168
20260518,8422,可寧衛*,TWSE,-289.095
20260518,2530,華建,TWSE,-290.0
20260518,8438,昶昕,TWSE,-293.336
20260518,00633,富邦上証正2,TWSE,-295.103
20260518,6919,康霈*,TWSE,-296.11
20260518,6579,研揚,TWSE,-307.507
20260518,2645,長榮航太,TWSE,-308.458
20260518,4414,如興,TWSE,-314.0
20260518,2501,國建,TWSE,-314.523
20260518,00735,國泰臺韓科技,TWSE,-318.748
20260518,2912,統一超,TWSE,-318.75
20260518,6768,志強-KY,TWSE,-321.333
20260518,2206,三陽工業,TWSE,-321.716
20260518,2347,聯強,TWSE,-333.399
20260518,4989,榮科,TWSE,-336.748
20260518,1215,卜蜂,TWSE,-341.577
20260518,2535,達欣工,TWSE,-343.057
20260518,2492,華新科,TWSE,-343.698
20260518,2614,東森,TWSE,-352.0
20260518,9917,中保科,TWSE,-353.126
20260518,00675,富邦臺灣加權正2,TWSE,-356.678
20260518,2072,世紀風電,TWSE,-358.0
20260518,1476,儒鴻,TWSE,-361.898
20260518,3703,欣陸,TWSE,-365.701
20260518,1434,福懋,TWSE,-366.324
20260518,5269,祥碩,TWSE,-367.373
20260518,3048,益登,TWSE,-373.851
20260518,2352,佳世達,TWSE,-376.146
20260518,1477,聚陽,TWSE,-387.981
20260518,2417,圓剛,TWSE,-388.021
20260518,7788,松川精密,TWSE,-389.828
20260518,2547,日勝生,TWSE,-392.607
20260518,3135,凌航,TWSE,-400.0
20260518,2388,威盛,TWSE,-400.281
20260518,8215,明基材,TWSE,-402.798
20260518,2636,台驊控股,TWSE,-404.131
20260518,1319,東陽,TWSE,-408.393
20260518,2543,皇昌,TWSE,-410.45
20260518,2010,春源,TWSE,-411.0
20260518,2009,第一銅,TWSE,-417.125
20260518,6206,飛捷,TWSE,-422.368
20260518,1313,聯成,TWSE,-427.313
20260518,8261,富鼎,TWSE,-429.478
20260518,1440,南紡,TWSE,-438.947
20260518,00910,第一金太空衛星,TWSE,-441.091
20260518,1227,佳格,TWSE,-442.56
20260518,4739,康普,TWSE,-446.855
20260518,00763,期街口道瓊銅,TWSE,-467.98
20260518,8105,凌巨,TWSE,-469.0
20260518,9907,統一實,TWSE,-474.058
20260518,4585,達明,TWSE,-477.837
20260518,3338,泰碩,TWSE,-478.637
20260518,6994,富威電力,TWSE,-485.805
20260518,3055,蔚華科,TWSE,-487.821
20260518,3406,玉晶光,TWSE,-487.847
20260518,00920,富邦ESG綠色電力,TWSE,-490.53
20260518,4763,材料*-KY,TWSE,-498.17
20260518,1810,和成,TWSE,-507.0
20260518,5469,瀚宇博,TWSE,-508.821
20260518,2302,麗正,TWSE,-509.98
20260518,1608,華榮,TWSE,-512.705
20260518,1708,東鹼,TWSE,-527.547
20260518,1305,華夏,TWSE,-531.93
20260518,6209,今國光,TWSE,-541.617
20260518,6191,精成科,TWSE,-545.747
20260518,1721,三晃,TWSE,-556.938
20260518,3017,奇鋐,TWSE,-566.101
20260518,2454,聯發科,TWSE,-570.169
20260518,1503,士電,TWSE,-585.63
20260518,1773,勝一,TWSE,-594.788
20260518,1519,華城,TWSE,-601.19
20260518,2451,創見,TWSE,-602.853
20260518,00685,群益臺灣加權正2,TWSE,-609.998
20260518,00708,期元大S&P黃金正2,TWSE,-612.683
20260518,6176,瑞儀,TWSE,-619.535
20260518,2478,大毅,TWSE,-627.094
20260518,6753,龍德造船,TWSE,-639.162
20260518,9939,宏全,TWSE,-641.658
20260518,00669,國泰美國道瓊反1,TWSE,-643.923
20260518,3714,富采,TWSE,-646.567
20260518,3413,京鼎,TWSE,-667.789
20260518,2354,鴻準,TWSE,-677.825
20260518,009805,新光美國電力基建,TWSE,-693.873
20260518,2014,中鴻,TWSE,-714.0
20260518,6834,天二科技,TWSE,-718.406
20260518,4526,東台,TWSE,-731.506
20260518,2034,允強,TWSE,-732.608
20260518,1795,美時,TWSE,-735.17
20260518,4722,國精化,TWSE,-749.054
20260518,1907,永豐餘,TWSE,-772.001
20260518,4720,德淵,TWSE,-788.71
20260518,4746,台耀,TWSE,-798.195
20260518,3694,海華,TWSE,-801.902
20260518,2820,華票,TWSE,-820.137
20260518,6257,矽格,TWSE,-823.036
20260518,00646,元大S&P500,TWSE,-828.696
20260518,2548,華固,TWSE,-831.839
20260518,6269,台郡,TWSE,-852.576
20260518,2204,中華,TWSE,-870.2
20260518,1312,國喬,TWSE,-871.034
20260518,2504,國產,TWSE,-880.996
20260518,6789,采鈺,TWSE,-884.936
20260518,5388,中磊,TWSE,-914.464
20260518,2392,正崴,TWSE,-920.541
20260518,2023,燁輝,TWSE,-927.0
20260518,2356,英業達,TWSE,-929.995
20260518,6550,北極星藥業-KY,TWSE,-931.0
20260518,2515,中工,TWSE,-934.911
20260518,3450,聯鈞,TWSE,-949.18
20260518,3005,神基,TWSE,-956.824
20260518,4958,臻鼎-KY,TWSE,-967.994
20260518,00983,主動富邦複合收益,TWSE,-974.0
20260518,2323,中環,TWSE,-1012.85
20260518,6446,藥華藥,TWSE,-1021.477
20260518,4915,致伸,TWSE,-1025.073
20260518,3305,昇貿,TWSE,-1052.926
20260518,1909,榮成,TWSE,-1085.0
20260518,00963,中信全球高股息,TWSE,-1096.001
20260518,2903,遠百,TWSE,-1097.0
20260518,1514,亞力,TWSE,-1108.245
20260518,2316,楠梓電,TWSE,-1115.363
20260518,3715,定穎投控,TWSE,-1120.993
20260518,1536,和大,TWSE,-1127.788
20260518,00964,中信亞太高股息,TWSE,-1134.032
20260518,00935,野村臺灣新科技50,TWSE,-1146.73
20260518,3645,達邁,TWSE,-1158.596
20260518,2365,昆盈,TWSE,-1177.663
20260518,4977,眾達-KY,TWSE,-1180.826
20260518,2412,中華電,TWSE,-1202.387
20260518,2610,華航,TWSE,-1204.073
20260518,8039,台虹,TWSE,-1223.758
20260518,00830,國泰費城半導體,TWSE,-1252.669
20260518,8150,南茂,TWSE,-1283.721
20260518,2385,群光,TWSE,-1288.47
20260518,9921,巨大,TWSE,-1297.965
20260518,2301,光寶科,TWSE,-1318.358
20260518,00650,復華香港正2,TWSE,-1417.739
20260518,1727,中華化,TWSE,-1446.867
20260518,9933,中鼎,TWSE,-1472.218
20260518,1309,台達化,TWSE,-1487.504
20260518,2201,裕隆,TWSE,-1502.426
20260518,2393,億光,TWSE,-1504.38
20260518,1216,統一,TWSE,-1508.459
20260518,8033,雷虎,TWSE,-1509.855
20260518,1513,中興電,TWSE,-1511.967
20260518,2359,所羅門,TWSE,-1524.838
20260518,6589,台康生技,TWSE,-1536.026
20260518,2634,漢翔,TWSE,-1566.631
20260518,6278,台表科,TWSE,-1615.914
20260518,00663,國泰臺灣加權正2,TWSE,-1670.281
20260518,6215,和椿,TWSE,-1768.576
20260518,2375,凱美,TWSE,-1784.18
20260518,6239,力成,TWSE,-1834.154
20260518,2474,可成,TWSE,-1855.306
20260518,3706,神達,TWSE,-1928.969
20260518,1301,台塑,TWSE,-1948.216
20260518,1904,正隆,TWSE,-1957.924
20260518,2049,上銀,TWSE,-1971.216
20260518,3036,文曄,TWSE,-1975.69
20260518,2208,台船,TWSE,-2039.317
20260518,1504,東元,TWSE,-2040.933
20260518,2646,星宇航空,TWSE,-2085.287
20260518,1409,新纖,TWSE,-2190.792
20260518,00934,中信成長高股息,TWSE,-2207.959
20260518,00648,元大S&P500反1,TWSE,-2236.9
20260518,6505,台塑化,TWSE,-2317.56
20260518,2618,長榮航,TWSE,-2365.538
20260518,9904,寶成,TWSE,-2505.243
20260518,2855,統一證,TWSE,-2538.459
20260518,8070,長華*,TWSE,-2545.505
20260518,1605,華新,TWSE,-2572.017
20260518,2330,台積電,TWSE,-2572.029
20260518,3059,華晶科,TWSE,-2696.179
20260518,8163,達方,TWSE,-2702.123
20260518,2890,永豐金,TWSE,-2799.581
20260518,00671,富邦NASDAQ反1,TWSE,-2811.9
20260518,2371,大同,TWSE,-3006.374
20260518,8926,台汽電,TWSE,-3080.609
20260518,2464,盟立,TWSE,-3082.974
20260518,4938,和碩,TWSE,-3168.841
20260518,4906,正文,TWSE,-3169.109
20260518,6116,彩晶,TWSE,-3262.412
20260518,3149,正達,TWSE,-3367.239
20260518,2498,宏達電,TWSE,-3519.843
20260518,2885,元大金,TWSE,-3543.915
20260518,2105,正新,TWSE,-3597.091
20260518,1102,亞泥,TWSE,-3601.595
20260518,2633,台灣高鐵,TWSE,-3793.489
20260518,2897,王道銀行,TWSE,-3813.188
20260518,3006,晶豪科,TWSE,-3908.332
20260518,2441,超豐,TWSE,-3980.138
20260518,3033,威健,TWSE,-3992.027
20260518,2377,微星,TWSE,-4027.465
20260518,2880,華南金,TWSE,-4120.555
20260518,2374,佳能,TWSE,-4199.015
20260518,2329,華泰,TWSE,-4353.607
20260518,2845,遠東銀,TWSE,-4591.85
20260518,6005,群益證,TWSE,-4886.982
20260518,2449,京元電子,TWSE,-5058.43
20260518,2881,富邦金,TWSE,-5311.345
20260518,00738,期元大道瓊白銀,TWSE,-5407.469
20260518,00961,FT臺灣永續高息,TWSE,-5460.049
20260518,4540,全球傳動,TWSE,-5825.913
20260518,3711,日月光投控,TWSE,-5830.786
20260518,2882,國泰金,TWSE,-6331.129
20260518,3231,緯創,TWSE,-6431.177
20260518,2002,中鋼,TWSE,-6591.078
20260518,2884,玉山金,TWSE,-6633.083
20260518,2834,臺企銀,TWSE,-6716.384
20260518,2408,南亞科,TWSE,-7167.551
20260518,00688,國泰20年美債正2,TWSE,-7178.444
20260518,5880,合庫金,TWSE,-7367.304
20260518,00980,主動野村臺灣優選,TWSE,-7402.592
20260518,1326,台化,TWSE,-7549.531
20260518,2337,旺宏,TWSE,-7857.576
20260518,00991,主動復華未來50,TWSE,-7870.329
20260518,00712,復華富時不動產,TWSE,-7961.291
20260518,2353,宏碁,TWSE,-7983.853
20260518,1802,台玻,TWSE,-8515.087
20260518,00665,富邦恒生國企正2,TWSE,-8581.835
20260518,2382,廣達,TWSE,-8678.919
20260518,1402,遠東新,TWSE,-8722.249
20260518,2801,彰銀,TWSE,-9471.753
20260518,2603,長榮,TWSE,-10713.187
20260518,1717,長興,TWSE,-10889.566
20260518,2892,第一金,TWSE,-10974.761
20260518,2344,華邦電,TWSE,-11962.552
20260518,1303,南亞,TWSE,-13013.603
20260518,2324,仁寶,TWSE,-15104.798
20260518,1101,台泥,TWSE,-16853.558
20260518,00981,主動統一台股增長,TWSE,-17370.165
20260518,6770,力積電,TWSE,-17891.174
20260518,2887,台新新光金,TWSE,-19205.427
20260518,00999,主動野村臺灣高息,TWSE,-20034.296
20260518,3481,群創,TWSE,-20234.462
20260518,00673,期元大S&P原油反1,TWSE,-23985.591
20260518,2303,聯電,TWSE,-24732.79
20260518,2883,凱基金,TWSE,-33205.682
20260518,00982,主動群益台灣強棒,TWSE,-36878.446
20260518,00988,主動統一全球創新,TWSE,-36883.889
20260518,009816,凱基台灣TOP50,TWSE,-39891.966
20260518,00631,元大台灣50正2,TWSE,-52770.483
20260518,00891,中信關鍵半導體,TWSE,-55579.607
20260518,00878,國泰永續高股息,TWSE,-56168.239
20260518,0050,元大台灣50,TWSE,-58884.481
20260518,00403,主動統一升級50,TWSE,-868134.263
20260518,006201,元大富櫃50,TPEX,222.06
20260518,00679,元大美債20年,TPEX,16555.963
20260518,00687,國泰20年美債+櫃U,TPEX,-1.0
20260518,00694,富邦美債1-3,TPEX,65.409
20260518,00695,富邦美債7-10,TPEX,-5.488
20260518,00696,富邦美債20年,TPEX,676.549
20260518,00697,元大美債7-10,TPEX,-89.524
20260518,00719,元大美債1-3,TPEX,1138.508
20260518,00720,元大投資級公司債,TPEX,3216.335
20260518,00722,群益投資級電信債,TPEX,-70.813
20260518,00723,群益投資級科技債,TPEX,-0.532
20260518,00724,群益投資級金融債,TPEX,-176.303
20260518,00725,國泰投資級公司債,TPEX,2377.273
20260518,00726,國泰新興投等債,TPEX,19.522
20260518,00727,國泰優選非投等債,TPEX,-8.382
20260518,00734,台新JPM新興債,TPEX,-0.065
20260518,00740,富邦全球投等債,TPEX,-295.702
20260518,00741,富邦全球非投等債,TPEX,-2.974
20260518,00746,富邦A級公司債,TPEX,-135.242
20260518,00749,凱基新興債10+,TPEX,0.0
20260518,00750,凱基科技債10+,TPEX,0.0
20260518,00751,元大AAA至A公司債,TPEX,2731.936
20260518,00754,群益AAA-AA公司債,TPEX,-11.002
20260518,00755,群益投資級公用債,TPEX,-2.14
20260518,00756,群益投等新興公債,TPEX,-123.0
20260518,00758,復華能源債,TPEX,-0.17
20260518,00759,復華製藥債,TPEX,-0.023
20260518,00760,復華新興企業債,TPEX,4.703
20260518,00761,國泰A級公司債,TPEX,-65.212
20260518,00764,群益25年美債,TPEX,-1515.004
20260518,00768,復華20年美債,TPEX,-166.107
20260518,00772,中信高評級公司債,TPEX,1554.638
20260518,00773,中信優先金融債,TPEX,854.117
20260518,00777,凱基AAA至A公司債,TPEX,42.0
20260518,00778,凱基金融債20+,TPEX,-6.0
20260518,00779,凱基美債25+,TPEX,2.0
20260518,00780,國泰A級金融債,TPEX,1.998
20260518,00781,國泰A級科技債,TPEX,-88.315
20260518,00782,國泰A級公用債,TPEX,-31.894
20260518,00785,富邦金融投等債,TPEX,-3.3
20260518,00786,元大10年IG銀行債,TPEX,45.968
20260518,00787,元大10年IG醫療債,TPEX,30.84
20260518,00788,元大10年IG電能債,TPEX,73.551
20260518,00789,復華公司債A3,TPEX,-0.15
20260518,00791,復華信用債1-5,TPEX,0.0
20260518,00792,群益A級公司債,TPEX,-1.0
20260518,00793,群益AAA-A醫療債,TPEX,2.121
20260518,00795,中信美國公債20年,TPEX,5590.896
20260518,00799,國泰A級醫療債,TPEX,31.456
20260518,00834,第一金金融債10+,TPEX,-3.0
20260518,00836,永豐10年A公司債,TPEX,33.9
20260518,00840,凱基IG精選15+,TPEX,0.0
20260518,00841,凱基AAA-AA公司債,TPEX,0.0
20260518,00842,台新美元銀行債,TPEX,-178.171
20260518,00844,新光15年IG金融債,TPEX,2.0
20260518,00845,富邦新興投等債,TPEX,-1.002
20260518,00846,富邦歐洲銀行債,TPEX,0.0
20260518,00847,中信美國市政債,TPEX,10.919
20260518,00848,中信新興亞洲債,TPEX,3.989
20260518,00849,中信EM主權債0-5,TPEX,-1.41
20260518,00853,統一美債10年Aa-A,TPEX,253.151
20260518,00856,永豐1-3年美公債,TPEX,9.0
20260518,00857,永豐20年美公債,TPEX,1421.077
20260518,00858,永豐美國500大,TPEX,317.023
20260518,00859,群益0-1年美債,TPEX,283.445
20260518,00860,群益1-5Y投資級債,TPEX,-1.0
20260518,00862,中信投資級公司債,TPEX,27.435
20260518,00863,中信全球電信債,TPEX,0.993
20260518,00864,中信美國公債0-1,TPEX,379.0
20260518,00867,新光A-BBB電信債,TPEX,28.788
20260518,00870,元大15年EM主權債,TPEX,-0.127
20260518,00877,復華中國5G,TPEX,306.05
20260518,00884,中信低碳新興債,TPEX,-1.453
20260518,00886,永豐美國科技,TPEX,1.55
20260518,00887,永豐中國科技50大,TPEX,3574.197
20260518,00888,永豐台灣ESG,TPEX,1551.814
20260518,00890,凱基ESG BBB債15+,TPEX,-1.0
20260518,00928,中信上櫃ESG 30,TPEX,-78.039
20260518,00931,統一美債20年,TPEX,662.298
20260518,00933,國泰10Y+金融債,TPEX,6483.746
20260518,00937,群益ESG投等債20+,TPEX,16132.686
20260518,00942,台新美A公司債20+,TPEX,-2291.771
20260518,00948,中信優息投資級債,TPEX,2688.819
20260518,00950,凱基A級公司債,TPEX,731.951
20260518,00955,中信日本商社,TPEX,4029.558
20260518,00957,兆豐US優選投等債,TPEX,377.192
20260518,00958,永豐ESG銀行債15+,TPEX,-844.837
20260518,00959,大華投等美債15Y+,TPEX,1020.88
20260518,00966,統一ESG投等債15+,TPEX,155.041
20260518,00967,元大優息美債,TPEX,522.947
20260518,00968,元大優息投等債,TPEX,1165.745
20260518,00969,元大零息超長美債,TPEX,-112.848
20260518,00970,新光BBB投等債20+,TPEX,806.617
20260518,009806,台新標普500,TPEX,62.136
20260518,009807,台新標普科技精選,TPEX,136.263
20260518,00980,平衡凱基美國TOP,TPEX,159.259
20260518,009814,富邦標普500,TPEX,620.777
20260518,009815,大華美國MAG7+,TPEX,3056.572
20260518,00981,主動中信非投等債,TPEX,3105.771
20260518,00982,FT投資級債20+,TPEX,-2.744
20260518,00983,大華優利美公債20,TPEX,224.711
20260518,00984,大華優利美A債15,TPEX,2754.793
20260518,00985,主動貝萊德優投等,TPEX,-132.169
20260518,00986,主動復華金融債息,TPEX,1370.574
20260518,00987,野村10+澳洲公債,TPEX,253.384
20260518,00988,玉山嚴選非投債,TPEX,-535.26
20260518,00989,台新美國非投等債,TPEX,158.0
20260518,00998,主動復華金融股息,TPEX,-34.208
20260518,020001,富邦存股雙十N,TPEX,2.0
20260518,020025,統一亞洲半導體N,TPEX,51.0
20260518,020027,元大上櫃ESG成長N,TPEX,-54.0
20260518,020033,統一恒生科期N,TPEX,20.0
20260518,020035,元大上櫃ESG高息N,TPEX,3.0
20260518,020041,兆豐半導體氣候N,TPEX,-7.0
20260518,1240,茂生農經,TPEX,-1.0
20260518,1259,安心,TPEX,9.0
20260518,1264,德麥,TPEX,-20.0
20260518,1268,漢來美食,TPEX,8.0
20260518,1294,漢田生技,TPEX,0.0
20260518,1295,生合,TPEX,30.315
20260518,1336,台翰,TPEX,-4.0
20260518,1565,精華,TPEX,9.54
20260518,1569,濱川,TPEX,-22.56
20260518,1570,力肯,TPEX,6.0
20260518,1580,新麥,TPEX,-9.0
20260518,1584,精剛,TPEX,12.999
20260518,1586,和勤,TPEX,-22.0
20260518,1591,駿吉-KY,TPEX,108.005
20260518,1593,祺驊,TPEX,-8.96
20260518,1595,川寶,TPEX,60.488
20260518,1599,宏佳騰,TPEX,0.0
20260518,1777,生泰,TPEX,0.0
20260518,1781,合世,TPEX,3.997
20260518,1784,訊聯,TPEX,44.124
20260518,1785,光洋科,TPEX,-1043.77
20260518,1788,杏昌,TPEX,-1.0
20260518,1796,金穎生技,TPEX,-6.018
20260518,1799,易威,TPEX,-6.0
20260518,1813,寶利徠,TPEX,-3.0
20260518,1815,富喬,TPEX,-115.252
20260518,2035,唐榮,TPEX,-5.984
20260518,2061,風青,TPEX,56.0
20260518,2063,世鎧,TPEX,-5.0
20260518,2065,世豐,TPEX,7.028
20260518,2066,世德,TPEX,-4.019
20260518,2067,嘉鋼,TPEX,-1.0
20260518,2070,精湛,TPEX,34.0
20260518,2221,大甲,TPEX,-27.29
20260518,2230,泰茂,TPEX,4.94
20260518,2596,綠意,TPEX,27.0
20260518,2640,大車隊,TPEX,7.0
20260518,2641,正德,TPEX,184.805
20260518,2643,捷迅,TPEX,-2.0
20260518,2718,全心投控,TPEX,12.0
20260518,2719,燦星旅,TPEX,-1.0
20260518,2726,雅茗-KY,TPEX,-4.0
20260518,2729,瓦城,TPEX,-21.99
20260518,2732,六角,TPEX,2.0
20260518,2734,易飛網,TPEX,-30.108
20260518,2736,富野,TPEX,-16.0
20260518,2743,山富,TPEX,9.853
20260518,2745,五福,TPEX,36.0
20260518,2752,豆府,TPEX,1.0
20260518,2755,揚秦,TPEX,6.962
20260518,2756,聯發國際,TPEX,2.0
20260518,2916,滿心,TPEX,-19.0
20260518,2941,米斯特,TPEX,0.0
20260518,2947,振宇五金,TPEX,-1.0
20260518,3066,李洲,TPEX,-75.557
20260518,3071,協禧,TPEX,70.0
20260518,3073,天方能源,TPEX,-108.0
20260518,3078,僑威,TPEX,-377.119
20260518,3081,聯亞,TPEX,155.285
20260518,3083,網龍,TPEX,-27.22
20260518,3085,新零售,TPEX,-0.223
20260518,3086,華義*,TPEX,-16.274
20260518,3088,艾訊,TPEX,-167.91
20260518,3093,港建*,TPEX,16.0
20260518,3095,及成,TPEX,4.0
20260518,3105,穩懋,TPEX,-322.859
20260518,3114,好德,TPEX,-5.0
20260518,3118,進階,TPEX,0.0
20260518,3122,笙泉,TPEX,39.0
20260518,3128,昇銳,TPEX,13.184
20260518,3131,弘塑,TPEX,-11.13
20260518,3141,晶宏,TPEX,-312.953
20260518,3147,大綜,TPEX,157.535
20260518,3152,璟德,TPEX,191.873
20260518,3162,精確,TPEX,-165.14
20260518,3163,波若威,TPEX,-288.84
20260518,3169,亞信,TPEX,79.625
20260518,3171,炎洲流通,TPEX,-4.0
20260518,3176,基亞,TPEX,391.868
20260518,3178,公準,TPEX,98.107
20260518,3188,鑫龍騰,TPEX,-22.342
20260518,3191,雲嘉南,TPEX,1.0
20260518,3205,佰研,TPEX,34.0
20260518,3206,志豐,TPEX,-4.0
20260518,3207,耀勝,TPEX,78.698
20260518,3211,順達,TPEX,36.202
20260518,3213,茂訊,TPEX,14.228
20260518,3217,優群,TPEX,57.321
20260518,3218,大學光,TPEX,-35.126
20260518,3219,倚強科,TPEX,-19.367
20260518,3221,台嘉碩,TPEX,1181.118
20260518,3224,三顧,TPEX,84.0
20260518,3226,龍鋒,TPEX,-1.0
20260518,3227,原相,TPEX,97.745
20260518,3228,金麗科,TPEX,-9.699
20260518,3230,錦明,TPEX,-55.443
20260518,3232,昱捷,TPEX,0.0
20260518,3234,光環,TPEX,278.635
20260518,3236,千如,TPEX,287.723
20260518,3252,海灣,TPEX,-2.0
20260518,3259,鑫創,TPEX,-3.0
20260518,3260,威剛,TPEX,-186.93
20260518,3264,欣銓,TPEX,529.909
20260518,3265,台星科,TPEX,9.849
20260518,3268,海德威,TPEX,1.935
20260518,3272,東碩,TPEX,-8.0
20260518,3276,宇環,TPEX,-17.0
20260518,3284,太普高,TPEX,83.894
20260518,3285,微端,TPEX,0.0
20260518,3287,廣寰科,TPEX,12.0
20260518,3289,宜特,TPEX,523.502
20260518,3290,東浦,TPEX,218.752
20260518,3293,鈊象,TPEX,27.174
20260518,3294,英濟,TPEX,-1969.389
20260518,3297,杭特,TPEX,2.189
20260518,3303,岱稜,TPEX,-5.144
20260518,3306,鼎天,TPEX,17.678
20260518,3310,佳穎,TPEX,2.0
20260518,3313,斐成,TPEX,22.319
20260518,3317,尼克森,TPEX,-302.791
20260518,3322,建舜電,TPEX,-72.0
20260518,3323,加百裕,TPEX,150.651
20260518,3324,雙鴻,TPEX,-482.875
20260518,3325,旭品,TPEX,45.375
20260518,3332,幸康,TPEX,-8.0
20260518,3339,泰谷,TPEX,585.495
20260518,3349,寶德,TPEX,48.0
20260518,3354,律勝,TPEX,39.0
20260518,3357,臺慶科,TPEX,-1373.897
20260518,3360,尚立,TPEX,46.126
20260518,3362,先進光,TPEX,-70.99
20260518,3363,上詮,TPEX,-242.344
20260518,3372,典範,TPEX,141.985
20260518,3373,熱映,TPEX,1.418
20260518,3374,精材,TPEX,-6078.7
20260518,3379,彬台,TPEX,-238.161
20260518,3388,崇越電,TPEX,-125.687
20260518,3390,旭軟,TPEX,10.226
20260518,3402,漢科,TPEX,45.501
20260518,3430,奇鈦科,TPEX,-202.574
20260518,3434,哲固,TPEX,-4.897
20260518,3438,類比科,TPEX,12.229
20260518,3441,聯一光,TPEX,-35.0
20260518,3444,利機,TPEX,180.827
20260518,3455,由田,TPEX,71.716
20260518,3465,進泰電子,TPEX,25.0
20260518,3466,德晉,TPEX,21.9
20260518,3467,台灣精材,TPEX,20.0
20260518,3479,安勤,TPEX,-10.8
20260518,3483,力致,TPEX,-24.93
20260518,3484,崧騰,TPEX,28.388
20260518,3485,敘豐,TPEX,4.0
20260518,3489,森寶,TPEX,-31.0
20260518,3490,單井,TPEX,-814.962
20260518,3491,昇達科,TPEX,-150.045
20260518,3492,長盛,TPEX,-6.0
20260518,3498,陽程,TPEX,357.832
20260518,3499,環天科,TPEX,0.0
20260518,3508,位速,TPEX,5.891
20260518,3511,矽瑪,TPEX,32.0
20260518,3512,皇龍,TPEX,-24.0
20260518,3516,亞帝歐,TPEX,21.0
20260518,3520,華盈,TPEX,-8.0
20260518,3521,台鋼建設,TPEX,-9.0
20260518,3522,御嵿,TPEX,-16.0
20260518,3523,迎輝,TPEX,-1.0
20260518,3526,凡甲,TPEX,166.625
20260518,3527,聚積,TPEX,-42.0
20260518,3529,力旺,TPEX,-41.64
20260518,3537,堡達,TPEX,70.977
20260518,3540,曜越,TPEX,6.857
20260518,3541,西柏,TPEX,-8.0
20260518,3546,宇峻,TPEX,48.896
20260518,3548,兆利,TPEX,38.428
20260518,3551,世禾,TPEX,25.959
20260518,3552,同致,TPEX,37.08
20260518,3555,博士旺,TPEX,56.023
20260518,3556,禾瑞亞,TPEX,176.021
20260518,3558,神準,TPEX,-186.563
20260518,3564,其陽,TPEX,-5.302
20260518,3567,逸昌,TPEX,13.0
20260518,3570,大塚,TPEX,4.0
20260518,3577,泓格,TPEX,27.837
20260518,3580,友威科,TPEX,-514.904
20260518,3581,博磊,TPEX,0.206
20260518,3587,閎康,TPEX,424.349
20260518,3594,磐儀,TPEX,90.939
20260518,3597,映興,TPEX,5.0
20260518,3609,三一東林,TPEX,15.0
20260518,3611,鼎翰,TPEX,-4.0
20260518,3615,安可,TPEX,533.966
20260518,3623,富晶通,TPEX,3.0
20260518,3624,光頡,TPEX,-495.52
20260518,3625,西勝,TPEX,87.746
20260518,3628,盈正,TPEX,11.186
20260518,3630,新鉅科,TPEX,-68.619
20260518,3631,晟楠,TPEX,30.0
20260518,3663,鑫科,TPEX,1582.65
20260518,3666,光耀,TPEX,-26.0
20260518,3672,康聯訊,TPEX,-3.995
20260518,3675,德微,TPEX,446.607
20260518,3680,家登,TPEX,56.646
20260518,3684,榮昌,TPEX,13.649
20260518,3685,元創精密,TPEX,23.0
20260518,3687,歐買尬,TPEX,26.148
20260518,3689,湧德,TPEX,-151.401
20260518,3691,碩禾,TPEX,593.937
20260518,3693,營邦,TPEX,-7.79
20260518,3707,漢磊,TPEX,-1861.088
20260518,3709,鑫聯大投控,TPEX,499.94
20260518,3710,連展投控,TPEX,-38.992
20260518,3713,新晶投控,TPEX,-7.0
20260518,4102,永日,TPEX,-14.0
20260518,4105,東洋,TPEX,-83.111
20260518,4107,邦特,TPEX,35.0
20260518,4109,加捷生醫,TPEX,77.016
20260518,4111,濟生,TPEX,15.0
20260518,4113,聯上,TPEX,23.0
20260518,4114,健喬,TPEX,-85.0
20260518,4116,明基醫,TPEX,-9.0
20260518,4121,優盛,TPEX,16.0
20260518,4123,晟德,TPEX,-676.503
20260518,4126,太醫,TPEX,2.0
20260518,4127,天良,TPEX,121.241
20260518,4128,中天,TPEX,402.43
20260518,4129,聯合,TPEX,-8.523
20260518,4130,健亞,TPEX,8.975
20260518,4131,浩泰,TPEX,-2.0
20260518,4138,曜亞,TPEX,-2.0
20260518,4139,馬光-KY,TPEX,-1.0
20260518,4147,中裕,TPEX,-195.314
20260518,4153,鈺緯,TPEX,7.0
20260518,4154,樂威科-KY,TPEX,5.0
20260518,4157,太景*-KY,TPEX,194.128
20260518,4160,訊聯基因,TPEX,14.0
20260518,4161,聿新科,TPEX,1.0
20260518,4162,智擎,TPEX,85.129
20260518,4163,鐿鈦,TPEX,9.0
20260518,4166,友霖,TPEX,-19.0
20260518,4167,松瑞藥,TPEX,-42.615
20260518,4168,醣聯,TPEX,-396.102
20260518,4171,瑞基,TPEX,-19.995
20260518,4173,久裕,TPEX,7.0
20260518,4174,浩鼎,TPEX,32.0
20260518,4198,欣大健康,TPEX,1.0
20260518,4205,中華食,TPEX,-6.0
20260518,4207,環泰,TPEX,6.0
20260518,4303,信立,TPEX,105.521
20260518,4304,勝昱,TPEX,-1.0
20260518,4401,東隆興,TPEX,-22.0
20260518,4402,郡都開發,TPEX,0.001
20260518,4406,新昕纖,TPEX,-1.0
20260518,4416,三圓,TPEX,71.0
20260518,4417,金洲,TPEX,-14.0
20260518,4419,皇家美食,TPEX,-2.0
20260518,4420,光明,TPEX,1.775
20260518,4430,耀億,TPEX,1.0
20260518,4432,銘旺實,TPEX,-1.0
20260518,4433,興采,TPEX,0.0
20260518,4442,竣邦-KY,TPEX,-59.0
20260518,4502,健信,TPEX,3.0
20260518,4503,金雨,TPEX,-24.0
20260518,4506,崇友,TPEX,0.974
20260518,4510,高鋒,TPEX,-462.71
20260518,4513,福裕,TPEX,209.235
20260518,4523,永彰,TPEX,15.527
20260518,4527,方土霖,TPEX,-1.983
20260518,4528,江興鍛,TPEX,12.0
20260518,4530,宏易,TPEX,2.0
20260518,4533,協易機,TPEX,-947.249
20260518,4534,慶騰,TPEX,90.335
20260518,4538,大詠城,TPEX,0.0
20260518,4541,晟田,TPEX,-60.012
20260518,4542,科嶠,TPEX,-4.0
20260518,4543,萬在,TPEX,98.065
20260518,4549,桓達,TPEX,15.883
20260518,4550,長佳,TPEX,2.0
20260518,4554,橙的,TPEX,11.0
20260518,4556,旭然,TPEX,0.0
20260518,4558,寶緯,TPEX,-7.0
20260518,4561,健椿,TPEX,16.0
20260518,4563,百德,TPEX,34.908
20260518,4568,科際精密,TPEX,-2.0
20260518,4577,達航科技,TPEX,97.443
20260518,4580,捷流閥業,TPEX,-4.0
20260518,4584,君帆,TPEX,3.0
20260518,4702,中美實,TPEX,-19.0
20260518,4706,大恭,TPEX,-2.0
20260518,4707,磐亞,TPEX,-319.468
20260518,4711,永純,TPEX,-23.0
20260518,4714,永捷,TPEX,-15.0
20260518,4716,大立,TPEX,-192.326
20260518,4721,美琪瑪,TPEX,89.539
20260518,4726,永昕,TPEX,25.0
20260518,4729,熒茂,TPEX,163.886
20260518,4735,豪展,TPEX,-1.0
20260518,4741,泓瀚,TPEX,44.0
20260518,4743,合一,TPEX,-403.497
20260518,4744,皇將,TPEX,99.002
20260518,4745,合富-KY,TPEX,-48.0
20260518,4747,強生,TPEX,-2.0
20260518,4749,新應材,TPEX,-155.207
20260518,4754,國碳科,TPEX,-2.0
20260518,4760,勤凱,TPEX,-289.898
20260518,4768,晶呈科技,TPEX,258.778
20260518,4772,台特化,TPEX,-97.722
20260518,4806,桂田文創,TPEX,0.393
20260518,4903,聯光通,TPEX,230.799
20260518,4905,台聯電,TPEX,-2.0
20260518,4907,富宇,TPEX,-1.0
20260518,4908,前鼎,TPEX,-56.0
20260518,4909,新復興,TPEX,202.389
20260518,4911,德英,TPEX,-6.0
20260518,4923,力士,TPEX,31.08
20260518,4924,欣厚-KY,TPEX,-3.999
20260518,4931,新盛力,TPEX,-381.533
20260518,4933,友輝,TPEX,-5.018
20260518,4939,亞電,TPEX,316.95
20260518,4946,辣椒,TPEX,7.0
20260518,4951,精拓科,TPEX,6.298
20260518,4953,緯軟,TPEX,7.459
20260518,4966,譜瑞-KY,TPEX,97.088
20260518,4971,IET-KY,TPEX,53.041
20260518,4972,湯石照明,TPEX,-7.914
20260518,4973,廣穎,TPEX,219.53
20260518,4974,亞泰,TPEX,-20.001
20260518,4979,華星光,TPEX,44.645
20260518,4987,科誠,TPEX,-1.0
20260518,4991,環宇-KY,TPEX,350.917
20260518,4995,晶達,TPEX,-5.0
20260518,5009,榮剛,TPEX,-1805.531
20260518,5011,久陽,TPEX,58.0
20260518,5014,建錩,TPEX,90.0
20260518,5015,華祺,TPEX,2.0
20260518,5016,松和,TPEX,1.0
20260518,5201,凱衛,TPEX,-1.0
20260518,5202,力新,TPEX,33.341
20260518,5206,坤悅,TPEX,-6.0
20260518,5209,新鼎,TPEX,2.0
20260518,5210,寶碩,TPEX,6.0
20260518,5211,蒙恬,TPEX,2.0
20260518,5212,凌網,TPEX,4.0
20260518,5213,亞昕,TPEX,219.0
20260518,5220,萬達光電,TPEX,-12.0
20260518,5223,安力-KY,TPEX,-3.0
20260518,5227,立凱-KY,TPEX,-27.0
20260518,5228,鈺鎧,TPEX,34.0
20260518,5230,雷笛克光學,TPEX,-23.0
20260518,5236,凌陽創新,TPEX,31.287
20260518,5245,智晶,TPEX,-9.492
20260518,5251,天鉞電,TPEX,2.447
20260518,5263,智崴,TPEX,162.292
20260518,5272,笙科,TPEX,51.231
20260518,5274,信驊,TPEX,9.804
20260518,5276,達輝-KY,TPEX,5.0
20260518,5278,尚凡*,TPEX,-25.497
20260518,5287,數字,TPEX,-0.901
20260518,5289,宜鼎,TPEX,-673.683
20260518,5291,邑昇,TPEX,79.177
20260518,5299,杰力,TPEX,41.201
20260518,5301,寶得利,TPEX,-1.0
20260518,5302,太欣,TPEX,44.0
20260518,5309,系統電,TPEX,945.523
20260518,5312,寶島科,TPEX,-1.0
20260518,5314,世紀*,TPEX,-373.455
20260518,5315,光聯,TPEX,-13.366
20260518,5321,美而快,TPEX,182.412
20260518,5324,士開,TPEX,-5.999
20260518,5328,華容,TPEX,-1625.496
20260518,5340,建榮,TPEX,273.93
20260518,5344,立衛,TPEX,-8.0
20260518,5347,世界,TPEX,151508.476
20260518,5351,鈺創,TPEX,1555.653
20260518,5353,台林,TPEX,-4.301
20260518,5355,佳總,TPEX,-0.003
20260518,5356,協益,TPEX,-56.0
20260518,5364,力麗店,TPEX,-1.0
20260518,5371,中光電,TPEX,1031.736
20260518,5381,光譜,TPEX,-33.076
20260518,5386,青雲,TPEX,-1.386
20260518,5392,能率,TPEX,-577.386
20260518,5398,慕康生醫,TPEX,-4.844
20260518,5403,中菲,TPEX,86.0
20260518,5410,國眾,TPEX,218.058
20260518,5425,台半,TPEX,3352.597
20260518,5426,振發,TPEX,96.109
20260518,5432,新門,TPEX,-3.001
20260518,5438,東友,TPEX,-2.0
20260518,5439,高技,TPEX,-259.998
20260518,5443,均豪,TPEX,-1434.899
20260518,5450,南良,TPEX,-2.0
20260518,5452,佶優,TPEX,467.623
20260518,5455,昇益,TPEX,-1.0
20260518,5457,宣德,TPEX,-61.317
20260518,5460,同協,TPEX,-2.032
20260518,5464,霖宏,TPEX,132.0
20260518,5465,富驊,TPEX,3.0
20260518,5468,凱鈺,TPEX,1.0
20260518,5474,聰泰,TPEX,-20.725
20260518,5475,德宏,TPEX,431.735
20260518,5478,智冠,TPEX,81.699
20260518,5481,新華,TPEX,-11.0
20260518,5483,中美晶,TPEX,-70.57
20260518,5487,通泰,TPEX,4.0
20260518,5488,松普,TPEX,34.0
20260518,5489,彩富,TPEX,-12.0
20260518,5490,同亨,TPEX,19.02
20260518,5493,三聯,TPEX,-142.415
20260518,5498,凱崴,TPEX,752.888
20260518,5508,永信建,TPEX,170.14
20260518,5511,德昌,TPEX,5.0
20260518,5512,力麒,TPEX,103.377
20260518,5523,豐謙,TPEX,5.0
20260518,5529,鉅陞,TPEX,6.999
20260518,5530,龍巖,TPEX,-93.235
20260518,5536,聖暉*,TPEX,-29.997
20260518,5543,桓鼎-KY,TPEX,2.0
20260518,5548,安倉,TPEX,0.0
20260518,5603,陸海,TPEX,0.01
20260518,5604,中連,TPEX,5.0
20260518,5609,中菲行,TPEX,-9.0
20260518,5701,劍湖山,TPEX,0.002
20260518,5704,老爺知,TPEX,-4.0
20260518,5864,致和證,TPEX,-1578.5
20260518,5902,德記,TPEX,-1.907
20260518,5904,寶雅,TPEX,-6.636
20260518,5905,南仁湖,TPEX,-11.979
20260518,6015,宏遠證,TPEX,-413.0
20260518,6016,康和證,TPEX,-2074.0
20260518,6020,大展證,TPEX,3.0
20260518,6021,美好證,TPEX,-35.822
20260518,6023,元大期,TPEX,-21.0
20260518,6026,福邦證,TPEX,-610.0
20260518,6101,寬魚國際,TPEX,2.0
20260518,6103,合邦,TPEX,-1.0
20260518,6104,創惟,TPEX,-278.474
20260518,6109,亞元,TPEX,94.731
20260518,6111,光聚晶電,TPEX,-122.535
20260518,6113,亞矽,TPEX,60.0
20260518,6114,久威,TPEX,-2.0
20260518,6118,建達,TPEX,-57.0
20260518,6121,新普,TPEX,-56.212
20260518,6122,擎邦,TPEX,91.949
20260518,6123,上奇,TPEX,8.286
20260518,6124,業強,TPEX,8.01
20260518,6125,廣運,TPEX,-120.228
20260518,6126,信音,TPEX,335.038
20260518,6127,九豪,TPEX,4996.299
20260518,6129,普誠,TPEX,7.156
20260518,6130,上亞科技,TPEX,-12.012
20260518,6134,萬旭,TPEX,59.56
20260518,6138,茂達,TPEX,-180.999
20260518,6140,訊達,TPEX,-9.995
20260518,6143,振曜,TPEX,-210.824
20260518,6146,耕興,TPEX,65.068
20260518,6147,頎邦,TPEX,6555.043
20260518,6148,驊宏資,TPEX,46.0
20260518,6150,撼訊,TPEX,35.267
20260518,6151,晉倫,TPEX,-170.364
20260518,6154,順發,TPEX,-17.0
20260518,6156,松上,TPEX,127.66
20260518,6158,禾昌,TPEX,-10.0
20260518,6160,欣技,TPEX,-0.545
20260518,6161,捷波,TPEX,83.236
20260518,6163,華電網,TPEX,157.361
20260518,6167,久正,TPEX,13.03
20260518,6169,昱泉,TPEX,-2.0
20260518,6170,統振,TPEX,-16.0
20260518,6173,信昌電,TPEX,468.788
20260518,6174,安碁,TPEX,162.12
20260518,6175,立敦,TPEX,-3151.405
20260518,6179,亞通,TPEX,-372.057
20260518,6180,橘子,TPEX,-53.401
20260518,6182,合晶,TPEX,1167.518
20260518,6185,幃翔,TPEX,21.748
20260518,6186,新潤,TPEX,-44.955
20260518,6187,萬潤,TPEX,243.159
20260518,6188,廣明,TPEX,-216.67
20260518,6190,萬泰科,TPEX,867.877
20260518,6194,育富,TPEX,0.0
20260518,6195,詩肯,TPEX,1.0
20260518,6198,瑞築,TPEX,-2.0
20260518,6199,天品,TPEX,104.851
20260518,6203,海韻電,TPEX,-9.516
20260518,6204,艾華,TPEX,98.569
20260518,6207,雷科,TPEX,-91.081
20260518,6208,日揚,TPEX,55.98
20260518,6210,慶生,TPEX,0.0
20260518,6212,理銘,TPEX,1.0
20260518,6217,中探針,TPEX,-405.762
20260518,6218,豪勉,TPEX,-126.0
20260518,6219,富旺,TPEX,336.188
20260518,6220,岳豐,TPEX,12.38
20260518,6221,晉泰,TPEX,63.0
20260518,6223,旺矽,TPEX,50.2
20260518,6227,茂綸,TPEX,1096.631
20260518,6228,全譜,TPEX,1.0
20260518,6229,研通,TPEX,53.0
20260518,6231,系微,TPEX,38.394
20260518,6233,旺玖,TPEX,49.0
20260518,6234,高僑,TPEX,-158.955
20260518,6237,驊訊,TPEX,-352.689
20260518,6240,松崗,TPEX,-1.0
20260518,6241,鑫永洋,TPEX,-55.057
20260518,6242,立康,TPEX,2.0
20260518,6244,茂迪,TPEX,124.077
20260518,6245,立端,TPEX,-188.194
20260518,6246,臺龍,TPEX,1.0
20260518,6248,沛波,TPEX,1.0
20260518,6259,百徽,TPEX,27.975
20260518,6261,久元,TPEX,99.491
20260518,6263,普萊德,TPEX,8.0
20260518,6264,富裔,TPEX,4.0
20260518,6265,方土昶,TPEX,308.882
20260518,6266,泰詠,TPEX,40.618
20260518,6270,倍微,TPEX,89.0
20260518,6274,台燿,TPEX,271.817
20260518,6275,元山,TPEX,55.007
20260518,6276,安鈦克,TPEX,1.998
20260518,6279,胡連,TPEX,14.088
20260518,6284,佳邦,TPEX,336.12
20260518,6290,良維,TPEX,-685.74
20260518,6291,沛亨,TPEX,267.785
20260518,6292,迅德,TPEX,63.001
20260518,6294,智基,TPEX,1.018
20260518,6411,晶焱,TPEX,104.252
20260518,6417,韋僑,TPEX,-40.884
20260518,6418,詠昇,TPEX,17.0
20260518,6419,京晨科,TPEX,17.025
20260518,6423,億而得,TPEX,-7.96
20260518,6425,易發,TPEX,-99.823
20260518,6432,今展科,TPEX,-506.891
20260518,6435,大中,TPEX,-61.572
20260518,6441,廣錠,TPEX,-8.0
20260518,6461,益得,TPEX,36.4
20260518,6462,神盾,TPEX,589.693
20260518,6465,威潤,TPEX,-40.0
20260518,6469,大樹,TPEX,393.6
20260518,6470,宇智,TPEX,15.044
20260518,6474,華豫寧,TPEX,-2.0
20260518,6482,弘煜科,TPEX,-2.0
20260518,6485,點序,TPEX,409.277
20260518,6486,互動,TPEX,110.839
20260518,6488,環球晶,TPEX,-594.234
20260518,6492,生華科,TPEX,-43.914
20260518,6494,九齊,TPEX,-8.0
20260518,6498,久禾光,TPEX,-72.666
20260518,6499,益安,TPEX,209.769
20260518,6506,雙邦,TPEX,33.0
20260518,6508,惠光,TPEX,3.01
20260518,6509,聚和,TPEX,1518.517
20260518,6510,精測,TPEX,59.153
20260518,6516,勤崴國際,TPEX,5.0
20260518,6517,保勝光學,TPEX,35.345
20260518,6523,達爾膚,TPEX,-1.0
20260518,6527,明達醫,TPEX,3.0
20260518,6530,創威,TPEX,-30.494
20260518,6532,瑞耘,TPEX,-212.36
20260518,6535,順藥,TPEX,-19.114
20260518,6538,倉和,TPEX,67.108
20260518,6542,隆中,TPEX,0.018
20260518,6546,正基,TPEX,28.352
20260518,6547,高端疫苗,TPEX,767.761
20260518,6548,長科*,TPEX,-283.532
20260518,6560,欣普羅,TPEX,-2.0
20260518,6561,是方,TPEX,72.023
20260518,6568,宏觀,TPEX,59.789
20260518,6569,醫揚,TPEX,28.0
20260518,6570,維田,TPEX,13.0
20260518,6574,霈方,TPEX,-5.0
20260518,6576,逸達,TPEX,129.297
20260518,6577,勁豐,TPEX,0.0
20260518,6578,達邦蛋白,TPEX,-5.0
20260518,6584,南俊國際,TPEX,89.747
20260518,6588,東典光電,TPEX,-72.726
20260518,6590,普鴻,TPEX,1.0
20260518,6593,台灣銘板,TPEX,-11.0
20260518,6596,寬宏藝術,TPEX,2.893
20260518,6603,富強鑫,TPEX,-53.012
20260518,6609,瀧澤科,TPEX,148.472
20260518,6612,奈米醫材,TPEX,-3.0
20260518,6613,朋億*,TPEX,-78.074
20260518,6615,慧智,TPEX,2.0
20260518,6616,特昇-KY,TPEX,-5.0
20260518,6617,共信-KY,TPEX,3.12
20260518,6620,漢達,TPEX,142.574
20260518,6624,萬年清,TPEX,1.0
20260518,6629,泰金-KY,TPEX,-15.009
20260518,6637,醫影,TPEX,-1.0
20260518,6640,均華,TPEX,105.752
20260518,6642,富致,TPEX,-24.0
20260518,6643,M31,TPEX,-43.191
20260518,6649,台生材,TPEX,1.0
20260518,6651,全宇昕,TPEX,68.114
20260518,6654,天正國際,TPEX,0.0
20260518,6664,群翊,TPEX,57.043
20260518,6667,信紘科,TPEX,46.46
20260518,6679,鈺太,TPEX,50.727
20260518,6683,雍智科技,TPEX,56.556
20260518,6684,安格,TPEX,18.62
20260518,6690,安碁資訊,TPEX,0.05
20260518,6692,進能服,TPEX,1.0
20260518,6693,廣閎科,TPEX,-133.667
20260518,6697,東捷資訊,TPEX,6.0
20260518,6703,軒郁,TPEX,14.853
20260518,6708,天擎,TPEX,0.0
20260518,6712,長聖,TPEX,-25.488
20260518,6716,應廣,TPEX,-13.0
20260518,6720,久昌,TPEX,31.95
20260518,6725,矽科宏晟,TPEX,1.15
20260518,6727,亞泰金屬,TPEX,-404.973
20260518,6728,上洋,TPEX,-2.0
20260518,6732,昇佳電子,TPEX,21.458
20260518,6733,博晟生醫,TPEX,18.837
20260518,6735,美達科技,TPEX,11.237
20260518,6739,竹陞科技,TPEX,26.964
20260518,6741,91APP*-KY,TPEX,-323.834
20260518,6751,智聯服務,TPEX,-3.0
20260518,6752,叡揚,TPEX,19.0
20260518,6761,穩得,TPEX,22.313
20260518,6762,達亞,TPEX,11.0
20260518,6763,綠界科技*,TPEX,139.828
20260518,6767,台微醫,TPEX,-1.0
20260518,6785,昱展新藥,TPEX,18.878
20260518,6788,華景電,TPEX,38.008
20260518,6791,虎門科技,TPEX,-12.0
20260518,6803,崑鼎,TPEX,-11.0
20260518,6804,明係,TPEX,40.0
20260518,6811,宏碁資訊,TPEX,27.608
20260518,6821,聯寶,TPEX,59.0
20260518,6823,濾能,TPEX,-36.0
20260518,6829,千附精密,TPEX,-15.995
20260518,6840,東研信超,TPEX,-7.0
20260518,6841,長佳智能,TPEX,-1.01
20260518,6843,進典,TPEX,3.0
20260518,6846,綠茵,TPEX,-1.0
20260518,6859,伯特光,TPEX,-11.0
20260518,6865,偉康科技,TPEX,0.0
20260518,6870,騰雲,TPEX,9.044
20260518,6872,浩宇生醫,TPEX,-2.0
20260518,6874,倍力,TPEX,3.0
20260518,6875,國邑*,TPEX,-13.159
20260518,6877,鏵友益,TPEX,21.02
20260518,6884,海柏特,TPEX,-2.0
20260518,6894,衛司特,TPEX,-21.07
20260518,6895,宏碩系統,TPEX,0.318
20260518,6899,創為精密,TPEX,-6.0
20260518,6903,巨漢,TPEX,-36.508
20260518,6904,伯鑫,TPEX,1.0
20260518,6907,雅特力-KY,TPEX,55.21
20260518,6910,德鴻,TPEX,6.0
20260518,6913,鴻呈,TPEX,-51.411
20260518,6922,宸曜,TPEX,-36.144
20260518,6925,意藍,TPEX,13.0
20260518,6929,佑全,TPEX,-4.0
20260518,6953,家碩,TPEX,-43.604
20260518,6961,旅天下,TPEX,0.0
20260518,6967,汎瑋材料,TPEX,-3.0
20260518,6968,萬達寵物,TPEX,-4.0
20260518,6971,惠民實業,TPEX,-6.0
20260518,6982,大井泵浦,TPEX,-1.0
20260518,6996,力領科技,TPEX,24.581
20260518,7402,邑錡,TPEX,-255.995
20260518,7547,碩網,TPEX,6.0
20260518,7556,意德士,TPEX,-37.983
20260518,7642,昶瑞機電,TPEX,-1.115
20260518,7703,銳澤,TPEX,8.012
20260518,7704,明遠精密,TPEX,-60.04
20260518,7708,全家餐飲,TPEX,-1.0
20260518,7709,榮田,TPEX,55.386
20260518,7712,博盛半導體,TPEX,-71.581
20260518,7713,威力德生醫,TPEX,0.0
20260518,7714,創泓科技,TPEX,22.527
20260518,7715,裕山,TPEX,-4.0
20260518,7717,萊德光電-KY,TPEX,55.144
20260518,7718,友鋮,TPEX,-1.0
20260518,7723,築間,TPEX,93.0
20260518,7728,光焱科技,TPEX,11.0
20260518,7734,印能科技,TPEX,44.95
20260518,7738,東聯互動,TPEX,0.0
20260518,7744,崴寶,TPEX,-7.244
20260518,7751,竑騰,TPEX,31.898
20260518,7753,星亞,TPEX,1.0
20260518,7757,金色三麥,TPEX,4.0
20260518,7770,君曜,TPEX,-1.0
20260518,7772,耀穎,TPEX,128.0
20260518,7777,能率亞洲,TPEX,184.389
20260518,7782,光速火箭,TPEX,-1.0
20260518,7792,安葆,TPEX,6.305
20260518,7794,宏碁智新,TPEX,-15.0
20260518,7805,威聯通,TPEX,22.685
20260518,7810,捷創科技,TPEX,137.256
20260518,7811,民盛,TPEX,-9.0
20260518,7820,立盈,TPEX,-4.0
20260518,7828,創新服務,TPEX,20.402
20260518,7842,天能綠電,TPEX,0.0
20260518,8024,佑華,TPEX,3.0
20260518,8027,鈦昇,TPEX,146.205
20260518,8032,光菱,TPEX,30.001
20260518,8034,榮群,TPEX,-121.114
20260518,8038,長園科,TPEX,11.116
20260518,8040,九暘,TPEX,469.321
20260518,8042,金山電,TPEX,409.0
20260518,8043,蜜望實,TPEX,-1400.378
20260518,8044,網家,TPEX,35.306
20260518,8047,星雲,TPEX,-17.0
20260518,8048,德勝,TPEX,81.224
20260518,8049,晶采,TPEX,-5.919
20260518,8050,廣積,TPEX,129.178
20260518,8054,安國,TPEX,-105.007
20260518,8059,凱碩,TPEX,15.0
20260518,8064,東捷,TPEX,-509.029
20260518,8066,來思達,TPEX,-1.0
20260518,8068,全達,TPEX,-19.524
20260518,8069,元太,TPEX,1380.066
20260518,8071,能率網通,TPEX,210.027
20260518,8074,鉅橡,TPEX,190.49
20260518,8076,伍豐,TPEX,-183.094
20260518,8080,泰霖,TPEX,-1.0
20260518,8083,瑞穎,TPEX,-8.978
20260518,8084,巨虹,TPEX,-6.0
20260518,8085,福華,TPEX,65.998
20260518,8086,宏捷科,TPEX,-699.844
20260518,8087,麗升能源,TPEX,-7.0
20260518,8088,品安,TPEX,22.184
20260518,8089,康全電訊,TPEX,96.999
20260518,8091,翔名,TPEX,588.315
20260518,8092,建暐,TPEX,160.587
20260518,8096,擎亞,TPEX,9492.139
20260518,8097,常珵,TPEX,45.525
20260518,8099,大世科,TPEX,17.0
20260518,8102,傑霖科技,TPEX,-1.0
20260518,8107,大億金茂,TPEX,-11.002
20260518,8109,博大,TPEX,21.0
20260518,8111,立碁,TPEX,-102.921
20260518,8121,越峰,TPEX,227.0
20260518,8147,正淩,TPEX,107.412
20260518,8155,博智,TPEX,-73.523
20260518,8171,天宇,TPEX,76.794
20260518,8176,智捷,TPEX,-8.0
20260518,8182,加高,TPEX,59.953
20260518,8183,精星,TPEX,-31.697
20260518,8227,巨有科技,TPEX,10.002
20260518,8234,新漢,TPEX,-94.455
20260518,8240,華宏,TPEX,195.276
20260518,8255,朋程,TPEX,-65.111
20260518,8272,全景軟體,TPEX,2.0
20260518,8277,商丞,TPEX,-7.83
20260518,8289,泰藝,TPEX,104.0
20260518,8299,群聯,TPEX,-529.441
20260518,8349,恒耀,TPEX,-7.0
20260518,8354,冠好,TPEX,4.009
20260518,8358,金居,TPEX,1246.699
20260518,8383,千附,TPEX,-112.363
20260518,8390,金益鼎,TPEX,-303.509
20260518,8401,白紗科,TPEX,-21.0
20260518,8403,盛弘,TPEX,82.0
20260518,8409,商之器,TPEX,1.0
20260518,8410,森田,TPEX,-9.0
20260518,8415,大國鋼,TPEX,-88.001
20260518,8423,保綠-KY,TPEX,2.0
20260518,8424,惠普,TPEX,-2.0
20260518,8426,紅木-KY,TPEX,-7.0
20260518,8431,匯鑽科,TPEX,45.104
20260518,8432,東生華,TPEX,0.0
20260518,8433,弘帆,TPEX,2.0
20260518,8435,鉅邁,TPEX,-1.0
20260518,8436,大江,TPEX,-98.787
20260518,8437,大地-KY,TPEX,2.0
20260518,8440,綠電,TPEX,-6.0
20260518,8446,華研,TPEX,17.748
20260518,8455,大拓-KY,TPEX,8.0
20260518,8472,夠麻吉,TPEX,3.0
20260518,8477,創業家,TPEX,-6.0
20260518,8905,裕國,TPEX,1.0
20260518,8906,花王,TPEX,9.414
20260518,8908,欣雄,TPEX,23.0
20260518,8916,光隆,TPEX,-9.0
20260518,8917,欣泰,TPEX,5.0
20260518,8924,大田,TPEX,-24.99
20260518,8927,北基,TPEX,103.039
20260518,8928,鉅明,TPEX,-3.0
20260518,8929,富堡,TPEX,11.1
20260518,8930,青鋼,TPEX,-6.0
20260518,8931,大汽電,TPEX,-5.0
20260518,8932,智通*,TPEX,473.518
20260518,8933,愛地雅,TPEX,-13.283
20260518,8935,邦泰,TPEX,28.726
20260518,8936,國統,TPEX,-425.032
20260518,8937,合騏*,TPEX,9.0
20260518,8938,明安,TPEX,-39.663
20260518,8942,森鉅,TPEX,-6.797
20260518,9949,琉園,TPEX,0.1
20260518,9950,萬國通,TPEX,-41.0
20260518,9951,皇田,TPEX,-31.0
20260518,9960,邁達康,TPEX,-9.0
20260518,9962,有益,TPEX,-2.0
