date,stock_id,stock_name,market,open,high,low,close,volume,trading_value,source,source_file,ma5,ma20,ma60,ma120,ema23,return_1d,return_5d,return_20d,return_60d,return_120d,volume_ma20,volume_ratio,high_20,high_60,high_120,low_20,low_60,low_120,distance_to_ma20_pct,distance_to_ma60_pct,distance_to_ma120_pct,distance_to_ema23_pct,distance_to_high_20_pct,distance_to_high_60_pct,distance_to_high_120_pct,distance_to_low_60_pct,distance_to_low_120_pct
20250407,7069,均豪群益62購01,otc,1.15,1.28,1.14,1.28,896000.0,1083390.0,,data/daily_price/20250407.csv,,,,,,,,,,,,,,,,,,,,,,,,,,,
20250408,7069,均豪群益62購01,otc,1.15,1.28,1.14,1.28,896000.0,1083390.0,,data/daily_price/20250408.csv,,,,,,0.0,,,,,,,,,,,,,,,,,,,,,
20250409,7069,均豪群益62購01,otc,1.15,1.28,1.14,1.28,896000.0,1083390.0,,data/daily_price/20250409.csv,,,,,,0.0,,,,,,,,,,,,,,,,,,,,,
20250410,7069,均豪群益62購01,otc,1.15,1.28,1.14,1.28,896000.0,1083390.0,,data/daily_price/20250410.csv,,,,,,0.0,,,,,,,,,,,,,,,,,,,,,
20250414,7069,均豪群益62購01,otc,1.15,1.28,1.14,1.28,896000.0,1083390.0,,data/daily_price/20250414.csv,1.28,1.28,1.28,1.28,1.28,0.0,,,,,896000.0,1.0,1.28,1.28,1.28,1.14,1.14,1.14,0.0,0.0,0.0,0.0,0.0,0.0,0.0,12.2807,12.2807
20250415,7069,均豪群益62購01,otc,1.15,1.28,1.14,1.28,896000.0,1083390.0,,data/daily_price/20250415.csv,1.28,1.28,1.28,1.28,1.28,0.0,0.0,,,,896000.0,1.0,1.28,1.28,1.28,1.14,1.14,1.14,0.0,0.0,0.0,0.0,0.0,0.0,0.0,12.2807,12.2807
20250416,7069,均豪群益62購01,otc,1.15,1.28,1.14,1.28,896000.0,1083390.0,,data/daily_price/20250416.csv,1.28,1.28,1.28,1.28,1.28,0.0,0.0,,,,896000.0,1.0,1.28,1.28,1.28,1.14,1.14,1.14,0.0,0.0,0.0,0.0,0.0,0.0,0.0,12.2807,12.2807
20250417,7069,均豪群益62購01,otc,1.15,1.28,1.14,1.28,896000.0,1083390.0,,data/daily_price/20250417.csv,1.28,1.28,1.28,1.28,1.28,0.0,0.0,,,,896000.0,1.0,1.28,1.28,1.28,1.14,1.14,1.14,0.0,0.0,0.0,0.0,0.0,0.0,0.0,12.2807,12.2807
20250418,7069,均豪群益62購01,otc,1.15,1.28,1.14,1.28,896000.0,1083390.0,,data/daily_price/20250418.csv,1.28,1.28,1.28,1.28,1.28,0.0,0.0,,,,896000.0,1.0,1.28,1.28,1.28,1.14,1.14,1.14,0.0,0.0,0.0,0.0,0.0,0.0,0.0,12.2807,12.2807
20250421,7069,均豪群益62購01,otc,1.15,1.28,1.14,1.28,896000.0,1083390.0,,data/daily_price/20250421.csv,1.28,1.28,1.28,1.28,1.28,0.0,0.0,,,,896000.0,1.0,1.28,1.28,1.28,1.14,1.14,1.14,0.0,0.0,0.0,0.0,0.0,0.0,0.0,12.2807,12.2807
20250422,7069,均豪群益62購01,otc,1.15,1.28,1.14,1.28,896000.0,1083390.0,,data/daily_price/20250422.csv,1.28,1.28,1.28,1.28,1.28,0.0,0.0,,,,896000.0,1.0,1.28,1.28,1.28,1.14,1.14,1.14,0.0,0.0,0.0,0.0,0.0,0.0,0.0,12.2807,12.2807
20250423,7069,均豪群益62購01,otc,1.15,1.28,1.14,1.28,896000.0,1083390.0,,data/daily_price/20250423.csv,1.28,1.28,1.28,1.28,1.28,0.0,0.0,,,,896000.0,1.0,1.28,1.28,1.28,1.14,1.14,1.14,0.0,0.0,0.0,0.0,0.0,0.0,0.0,12.2807,12.2807
20250424,7069,均豪群益62購01,otc,1.15,1.28,1.14,1.28,896000.0,1083390.0,,data/daily_price/20250424.csv,1.28,1.28,1.28,1.28,1.28,0.0,0.0,,,,896000.0,1.0,1.28,1.28,1.28,1.14,1.14,1.14,0.0,0.0,0.0,0.0,0.0,0.0,0.0,12.2807,12.2807
20250425,7069,均豪群益62購01,otc,1.15,1.28,1.14,1.28,896000.0,1083390.0,,data/daily_price/20250425.csv,1.28,1.28,1.28,1.28,1.28,0.0,0.0,,,,896000.0,1.0,1.28,1.28,1.28,1.14,1.14,1.14,0.0,0.0,0.0,0.0,0.0,0.0,0.0,12.2807,12.2807
20250428,7069,均豪群益62購01,otc,1.15,1.28,1.14,1.28,896000.0,1083390.0,,data/daily_price/20250428.csv,1.28,1.28,1.28,1.28,1.28,0.0,0.0,,,,896000.0,1.0,1.28,1.28,1.28,1.14,1.14,1.14,0.0,0.0,0.0,0.0,0.0,0.0,0.0,12.2807,12.2807
20250429,7069,均豪群益62購01,otc,1.15,1.28,1.14,1.28,896000.0,1083390.0,,data/daily_price/20250429.csv,1.28,1.28,1.28,1.28,1.28,0.0,0.0,,,,896000.0,1.0,1.28,1.28,1.28,1.14,1.14,1.14,0.0,0.0,0.0,0.0,0.0,0.0,0.0,12.2807,12.2807
20250430,7069,均豪群益62購01,otc,1.15,1.28,1.14,1.28,896000.0,1083390.0,,data/daily_price/20250430.csv,1.28,1.28,1.28,1.28,1.28,0.0,0.0,,,,896000.0,1.0,1.28,1.28,1.28,1.14,1.14,1.14,0.0,0.0,0.0,0.0,0.0,0.0,0.0,12.2807,12.2807
20250502,7069,均豪群益62購01,otc,1.15,1.28,1.14,1.28,896000.0,1083390.0,,data/daily_price/20250502.csv,1.28,1.28,1.28,1.28,1.28,0.0,0.0,,,,896000.0,1.0,1.28,1.28,1.28,1.14,1.14,1.14,0.0,0.0,0.0,0.0,0.0,0.0,0.0,12.2807,12.2807
20250505,7069,均豪群益62購01,otc,1.15,1.28,1.14,1.28,896000.0,1083390.0,,data/daily_price/20250505.csv,1.28,1.28,1.28,1.28,1.28,0.0,0.0,,,,896000.0,1.0,1.28,1.28,1.28,1.14,1.14,1.14,0.0,0.0,0.0,0.0,0.0,0.0,0.0,12.2807,12.2807
20250506,7069,均豪群益62購01,otc,1.15,1.28,1.14,1.28,896000.0,1083390.0,,data/daily_price/20250506.csv,1.28,1.28,1.28,1.28,1.28,0.0,0.0,,,,896000.0,1.0,1.28,1.28,1.28,1.14,1.14,1.14,0.0,0.0,0.0,0.0,0.0,0.0,0.0,12.2807,12.2807
20250507,7069,均豪群益62購01,otc,1.15,1.28,1.14,1.28,896000.0,1083390.0,,data/daily_price/20250507.csv,1.28,1.28,1.28,1.28,1.28,0.0,0.0,0.0,,,896000.0,1.0,1.28,1.28,1.28,1.14,1.14,1.14,0.0,0.0,0.0,0.0,0.0,0.0,0.0,12.2807,12.2807
20250508,7069,均豪群益62購01,otc,1.15,1.28,1.14,1.28,896000.0,1083390.0,,data/daily_price/20250508.csv,1.28,1.28,1.28,1.28,1.28,0.0,0.0,0.0,,,896000.0,1.0,1.28,1.28,1.28,1.14,1.14,1.14,0.0,0.0,0.0,0.0,0.0,0.0,0.0,12.2807,12.2807
20250509,7069,均豪群益62購01,otc,1.15,1.28,1.14,1.28,896000.0,1083390.0,,data/daily_price/20250509.csv,1.28,1.28,1.28,1.28,1.28,0.0,0.0,0.0,,,896000.0,1.0,1.28,1.28,1.28,1.14,1.14,1.14,0.0,0.0,0.0,0.0,0.0,0.0,0.0,12.2807,12.2807
20250512,7069,均豪群益62購01,otc,1.15,1.28,1.14,1.28,896000.0,1083390.0,,data/daily_price/20250512.csv,1.28,1.28,1.28,1.28,1.28,0.0,0.0,0.0,,,896000.0,1.0,1.28,1.28,1.28,1.14,1.14,1.14,0.0,0.0,0.0,0.0,0.0,0.0,0.0,12.2807,12.2807
20250513,7069,均豪群益62購01,otc,1.15,1.28,1.14,1.28,896000.0,1083390.0,,data/daily_price/20250513.csv,1.28,1.28,1.28,1.28,1.28,0.0,0.0,0.0,,,896000.0,1.0,1.28,1.28,1.28,1.14,1.14,1.14,0.0,0.0,0.0,0.0,0.0,0.0,0.0,12.2807,12.2807
20250514,7069,均豪群益62購01,otc,1.15,1.28,1.14,1.28,896000.0,1083390.0,,data/daily_price/20250514.csv,1.28,1.28,1.28,1.28,1.28,0.0,0.0,0.0,,,896000.0,1.0,1.28,1.28,1.28,1.14,1.14,1.14,0.0,0.0,0.0,0.0,0.0,0.0,0.0,12.2807,12.2807
20250515,7069,均豪群益62購01,otc,1.15,1.28,1.14,1.28,896000.0,1083390.0,,data/daily_price/20250515.csv,1.28,1.28,1.28,1.28,1.28,0.0,0.0,0.0,,,896000.0,1.0,1.28,1.28,1.28,1.14,1.14,1.14,0.0,0.0,0.0,0.0,0.0,0.0,0.0,12.2807,12.2807
20250516,7069,均豪群益62購01,otc,1.15,1.28,1.14,1.28,896000.0,1083390.0,,data/daily_price/20250516.csv,1.28,1.28,1.28,1.28,1.28,0.0,0.0,0.0,,,896000.0,1.0,1.28,1.28,1.28,1.14,1.14,1.14,0.0,0.0,0.0,0.0,0.0,0.0,0.0,12.2807,12.2807
20250519,7069,均豪群益62購01,otc,1.15,1.28,1.14,1.28,896000.0,1083390.0,,data/daily_price/20250519.csv,1.28,1.28,1.28,1.28,1.28,0.0,0.0,0.0,,,896000.0,1.0,1.28,1.28,1.28,1.14,1.14,1.14,0.0,0.0,0.0,0.0,0.0,0.0,0.0,12.2807,12.2807
20250520,7069,均豪群益62購01,otc,1.15,1.28,1.14,1.28,896000.0,1083390.0,,data/daily_price/20250520.csv,1.28,1.28,1.28,1.28,1.28,0.0,0.0,0.0,,,896000.0,1.0,1.28,1.28,1.28,1.14,1.14,1.14,0.0,0.0,0.0,0.0,0.0,0.0,0.0,12.2807,12.2807
20250522,7069,均豪群益62購01,otc,1.15,1.28,1.14,1.28,896000.0,1083390.0,,data/daily_price/20250522.csv,1.28,1.28,1.28,1.28,1.28,0.0,0.0,0.0,,,896000.0,1.0,1.28,1.28,1.28,1.14,1.14,1.14,0.0,0.0,0.0,0.0,0.0,0.0,0.0,12.2807,12.2807
20250523,7069,均豪群益62購01,otc,1.15,1.28,1.14,1.28,896000.0,1083390.0,,data/daily_price/20250523.csv,1.28,1.28,1.28,1.28,1.28,0.0,0.0,0.0,,,896000.0,1.0,1.28,1.28,1.28,1.14,1.14,1.14,0.0,0.0,0.0,0.0,0.0,0.0,0.0,12.2807,12.2807
20250526,7069,均豪群益62購01,otc,1.15,1.28,1.14,1.28,896000.0,1083390.0,,data/daily_price/20250526.csv,1.28,1.28,1.28,1.28,1.28,0.0,0.0,0.0,,,896000.0,1.0,1.28,1.28,1.28,1.14,1.14,1.14,0.0,0.0,0.0,0.0,0.0,0.0,0.0,12.2807,12.2807
20250527,7069,均豪群益62購01,otc,1.15,1.28,1.14,1.28,896000.0,1083390.0,,data/daily_price/20250527.csv,1.28,1.28,1.28,1.28,1.28,0.0,0.0,0.0,,,896000.0,1.0,1.28,1.28,1.28,1.14,1.14,1.14,0.0,0.0,0.0,0.0,0.0,0.0,0.0,12.2807,12.2807
20250528,7069,均豪群益62購01,otc,1.15,1.28,1.14,1.28,896000.0,1083390.0,,data/daily_price/20250528.csv,1.28,1.28,1.28,1.28,1.28,0.0,0.0,0.0,,,896000.0,1.0,1.28,1.28,1.28,1.14,1.14,1.14,0.0,0.0,0.0,0.0,0.0,0.0,0.0,12.2807,12.2807
20250529,7069,均豪群益62購01,otc,1.15,1.28,1.14,1.28,896000.0,1083390.0,,data/daily_price/20250529.csv,1.28,1.28,1.28,1.28,1.28,0.0,0.0,0.0,,,896000.0,1.0,1.28,1.28,1.28,1.14,1.14,1.14,0.0,0.0,0.0,0.0,0.0,0.0,0.0,12.2807,12.2807
20250602,7069,均豪群益62購01,otc,1.15,1.28,1.14,1.28,896000.0,1083390.0,,data/daily_price/20250602.csv,1.28,1.28,1.28,1.28,1.28,0.0,0.0,0.0,,,896000.0,1.0,1.28,1.28,1.28,1.14,1.14,1.14,0.0,0.0,0.0,0.0,0.0,0.0,0.0,12.2807,12.2807
20250603,7069,均豪群益62購01,otc,1.15,1.28,1.14,1.28,896000.0,1083390.0,,data/daily_price/20250603.csv,1.28,1.28,1.28,1.28,1.28,0.0,0.0,0.0,,,896000.0,1.0,1.28,1.28,1.28,1.14,1.14,1.14,0.0,0.0,0.0,0.0,0.0,0.0,0.0,12.2807,12.2807
20250604,7069,均豪群益62購01,otc,1.15,1.28,1.14,1.28,896000.0,1083390.0,,data/daily_price/20250604.csv,1.28,1.28,1.28,1.28,1.28,0.0,0.0,0.0,,,896000.0,1.0,1.28,1.28,1.28,1.14,1.14,1.14,0.0,0.0,0.0,0.0,0.0,0.0,0.0,12.2807,12.2807
20250605,7069,均豪群益62購01,otc,1.15,1.28,1.14,1.28,896000.0,1083390.0,,data/daily_price/20250605.csv,1.28,1.28,1.28,1.28,1.28,0.0,0.0,0.0,,,896000.0,1.0,1.28,1.28,1.28,1.14,1.14,1.14,0.0,0.0,0.0,0.0,0.0,0.0,0.0,12.2807,12.2807
20250606,7069,均豪群益62購01,otc,1.15,1.28,1.14,1.28,896000.0,1083390.0,,data/daily_price/20250606.csv,1.28,1.28,1.28,1.28,1.28,0.0,0.0,0.0,,,896000.0,1.0,1.28,1.28,1.28,1.14,1.14,1.14,0.0,0.0,0.0,0.0,0.0,0.0,0.0,12.2807,12.2807
20250609,7069,均豪群益62購01,otc,1.15,1.28,1.14,1.28,896000.0,1083390.0,,data/daily_price/20250609.csv,1.28,1.28,1.28,1.28,1.28,0.0,0.0,0.0,,,896000.0,1.0,1.28,1.28,1.28,1.14,1.14,1.14,0.0,0.0,0.0,0.0,0.0,0.0,0.0,12.2807,12.2807
20250610,7069,均豪群益62購01,otc,1.15,1.28,1.14,1.28,896000.0,1083390.0,,data/daily_price/20250610.csv,1.28,1.28,1.28,1.28,1.28,0.0,0.0,0.0,,,896000.0,1.0,1.28,1.28,1.28,1.14,1.14,1.14,0.0,0.0,0.0,0.0,0.0,0.0,0.0,12.2807,12.2807
20250611,7069,均豪群益62購01,otc,1.15,1.28,1.14,1.28,896000.0,1083390.0,,data/daily_price/20250611.csv,1.28,1.28,1.28,1.28,1.28,0.0,0.0,0.0,,,896000.0,1.0,1.28,1.28,1.28,1.14,1.14,1.14,0.0,0.0,0.0,0.0,0.0,0.0,0.0,12.2807,12.2807
20250612,7069,均豪群益62購01,otc,1.15,1.28,1.14,1.28,896000.0,1083390.0,,data/daily_price/20250612.csv,1.28,1.28,1.28,1.28,1.28,0.0,0.0,0.0,,,896000.0,1.0,1.28,1.28,1.28,1.14,1.14,1.14,0.0,0.0,0.0,0.0,0.0,0.0,0.0,12.2807,12.2807
20250613,7069,均豪群益62購01,otc,1.15,1.28,1.14,1.28,896000.0,1083390.0,,data/daily_price/20250613.csv,1.28,1.28,1.28,1.28,1.28,0.0,0.0,0.0,,,896000.0,1.0,1.28,1.28,1.28,1.14,1.14,1.14,0.0,0.0,0.0,0.0,0.0,0.0,0.0,12.2807,12.2807
20250616,7069,均豪群益62購01,otc,1.15,1.28,1.14,1.28,896000.0,1083390.0,,data/daily_price/20250616.csv,1.28,1.28,1.28,1.28,1.28,0.0,0.0,0.0,,,896000.0,1.0,1.28,1.28,1.28,1.14,1.14,1.14,0.0,0.0,0.0,0.0,0.0,0.0,0.0,12.2807,12.2807
20250617,7069,均豪群益62購01,otc,1.15,1.28,1.14,1.28,896000.0,1083390.0,,data/daily_price/20250617.csv,1.28,1.28,1.28,1.28,1.28,0.0,0.0,0.0,,,896000.0,1.0,1.28,1.28,1.28,1.14,1.14,1.14,0.0,0.0,0.0,0.0,0.0,0.0,0.0,12.2807,12.2807
20250618,7069,均豪群益62購01,otc,1.15,1.28,1.14,1.28,896000.0,1083390.0,,data/daily_price/20250618.csv,1.28,1.28,1.28,1.28,1.28,0.0,0.0,0.0,,,896000.0,1.0,1.28,1.28,1.28,1.14,1.14,1.14,0.0,0.0,0.0,0.0,0.0,0.0,0.0,12.2807,12.2807
20250619,7069,均豪群益62購01,otc,1.15,1.28,1.14,1.28,896000.0,1083390.0,,data/daily_price/20250619.csv,1.28,1.28,1.28,1.28,1.28,0.0,0.0,0.0,,,896000.0,1.0,1.28,1.28,1.28,1.14,1.14,1.14,0.0,0.0,0.0,0.0,0.0,0.0,0.0,12.2807,12.2807
20250620,7069,均豪群益62購01,otc,1.15,1.28,1.14,1.28,896000.0,1083390.0,,data/daily_price/20250620.csv,1.28,1.28,1.28,1.28,1.28,0.0,0.0,0.0,,,896000.0,1.0,1.28,1.28,1.28,1.14,1.14,1.14,0.0,0.0,0.0,0.0,0.0,0.0,0.0,12.2807,12.2807
20250623,7069,均豪群益62購01,otc,1.15,1.28,1.14,1.28,896000.0,1083390.0,,data/daily_price/20250623.csv,1.28,1.28,1.28,1.28,1.28,0.0,0.0,0.0,,,896000.0,1.0,1.28,1.28,1.28,1.14,1.14,1.14,0.0,0.0,0.0,0.0,0.0,0.0,0.0,12.2807,12.2807
20250624,7069,均豪群益62購01,otc,1.15,1.28,1.14,1.28,896000.0,1083390.0,,data/daily_price/20250624.csv,1.28,1.28,1.28,1.28,1.28,0.0,0.0,0.0,,,896000.0,1.0,1.28,1.28,1.28,1.14,1.14,1.14,0.0,0.0,0.0,0.0,0.0,0.0,0.0,12.2807,12.2807
20250625,7069,均豪群益62購01,otc,1.15,1.28,1.14,1.28,896000.0,1083390.0,,data/daily_price/20250625.csv,1.28,1.28,1.28,1.28,1.28,0.0,0.0,0.0,,,896000.0,1.0,1.28,1.28,1.28,1.14,1.14,1.14,0.0,0.0,0.0,0.0,0.0,0.0,0.0,12.2807,12.2807
20250626,7069,均豪群益62購01,otc,1.15,1.28,1.14,1.28,896000.0,1083390.0,,data/daily_price/20250626.csv,1.28,1.28,1.28,1.28,1.28,0.0,0.0,0.0,,,896000.0,1.0,1.28,1.28,1.28,1.14,1.14,1.14,0.0,0.0,0.0,0.0,0.0,0.0,0.0,12.2807,12.2807
20250627,7069,均豪群益62購01,otc,1.15,1.28,1.14,1.28,896000.0,1083390.0,,data/daily_price/20250627.csv,1.28,1.28,1.28,1.28,1.28,0.0,0.0,0.0,,,896000.0,1.0,1.28,1.28,1.28,1.14,1.14,1.14,0.0,0.0,0.0,0.0,0.0,0.0,0.0,12.2807,12.2807
20250630,7069,均豪群益62購01,otc,1.15,1.28,1.14,1.28,896000.0,1083390.0,,data/daily_price/20250630.csv,1.28,1.28,1.28,1.28,1.28,0.0,0.0,0.0,,,896000.0,1.0,1.28,1.28,1.28,1.14,1.14,1.14,0.0,0.0,0.0,0.0,0.0,0.0,0.0,12.2807,12.2807
20250701,7069,均豪群益62購01,otc,1.15,1.28,1.14,1.28,896000.0,1083390.0,,data/daily_price/20250701.csv,1.28,1.28,1.28,1.28,1.28,0.0,0.0,0.0,,,896000.0,1.0,1.28,1.28,1.28,1.14,1.14,1.14,0.0,0.0,0.0,0.0,0.0,0.0,0.0,12.2807,12.2807
20250702,7069,均豪群益62購01,otc,1.15,1.28,1.14,1.28,896000.0,1083390.0,,data/daily_price/20250702.csv,1.28,1.28,1.28,1.28,1.28,0.0,0.0,0.0,,,896000.0,1.0,1.28,1.28,1.28,1.14,1.14,1.14,0.0,0.0,0.0,0.0,0.0,0.0,0.0,12.2807,12.2807
20250703,7069,均豪群益62購01,otc,1.15,1.28,1.14,1.28,896000.0,1083390.0,,data/daily_price/20250703.csv,1.28,1.28,1.28,1.28,1.28,0.0,0.0,0.0,,,896000.0,1.0,1.28,1.28,1.28,1.14,1.14,1.14,0.0,0.0,0.0,0.0,0.0,0.0,0.0,12.2807,12.2807
20250704,7069,均豪群益62購01,otc,1.15,1.28,1.14,1.28,896000.0,1083390.0,,data/daily_price/20250704.csv,1.28,1.28,1.28,1.28,1.28,0.0,0.0,0.0,0.0,,896000.0,1.0,1.28,1.28,1.28,1.14,1.14,1.14,0.0,0.0,0.0,0.0,0.0,0.0,0.0,12.2807,12.2807
20250707,7069,均豪群益62購01,otc,1.15,1.28,1.14,1.28,896000.0,1083390.0,,data/daily_price/20250707.csv,1.28,1.28,1.28,1.28,1.28,0.0,0.0,0.0,0.0,,896000.0,1.0,1.28,1.28,1.28,1.14,1.14,1.14,0.0,0.0,0.0,0.0,0.0,0.0,0.0,12.2807,12.2807
20250708,7069,均豪群益62購01,otc,1.15,1.28,1.14,1.28,896000.0,1083390.0,,data/daily_price/20250708.csv,1.28,1.28,1.28,1.28,1.28,0.0,0.0,0.0,0.0,,896000.0,1.0,1.28,1.28,1.28,1.14,1.14,1.14,0.0,0.0,0.0,0.0,0.0,0.0,0.0,12.2807,12.2807
20250709,7069,均豪群益62購01,otc,1.15,1.28,1.14,1.28,896000.0,1083390.0,,data/daily_price/20250709.csv,1.28,1.28,1.28,1.28,1.28,0.0,0.0,0.0,0.0,,896000.0,1.0,1.28,1.28,1.28,1.14,1.14,1.14,0.0,0.0,0.0,0.0,0.0,0.0,0.0,12.2807,12.2807
20250710,7069,均豪群益62購01,otc,1.15,1.28,1.14,1.28,896000.0,1083390.0,,data/daily_price/20250710.csv,1.28,1.28,1.28,1.28,1.28,0.0,0.0,0.0,0.0,,896000.0,1.0,1.28,1.28,1.28,1.14,1.14,1.14,0.0,0.0,0.0,0.0,0.0,0.0,0.0,12.2807,12.2807
20250711,7069,均豪群益62購01,otc,1.15,1.28,1.14,1.28,896000.0,1083390.0,,data/daily_price/20250711.csv,1.28,1.28,1.28,1.28,1.28,0.0,0.0,0.0,0.0,,896000.0,1.0,1.28,1.28,1.28,1.14,1.14,1.14,0.0,0.0,0.0,0.0,0.0,0.0,0.0,12.2807,12.2807
20250714,7069,均豪群益62購01,otc,1.15,1.28,1.14,1.28,896000.0,1083390.0,,data/daily_price/20250714.csv,1.28,1.28,1.28,1.28,1.28,0.0,0.0,0.0,0.0,,896000.0,1.0,1.28,1.28,1.28,1.14,1.14,1.14,0.0,0.0,0.0,0.0,0.0,0.0,0.0,12.2807,12.2807
20250715,7069,均豪群益62購01,otc,1.15,1.28,1.14,1.28,896000.0,1083390.0,,data/daily_price/20250715.csv,1.28,1.28,1.28,1.28,1.28,0.0,0.0,0.0,0.0,,896000.0,1.0,1.28,1.28,1.28,1.14,1.14,1.14,0.0,0.0,0.0,0.0,0.0,0.0,0.0,12.2807,12.2807
20250716,7069,均豪群益62購01,otc,1.15,1.28,1.14,1.28,896000.0,1083390.0,,data/daily_price/20250716.csv,1.28,1.28,1.28,1.28,1.28,0.0,0.0,0.0,0.0,,896000.0,1.0,1.28,1.28,1.28,1.14,1.14,1.14,0.0,0.0,0.0,0.0,0.0,0.0,0.0,12.2807,12.2807
20250717,7069,均豪群益62購01,otc,1.15,1.28,1.14,1.28,896000.0,1083390.0,,data/daily_price/20250717.csv,1.28,1.28,1.28,1.28,1.28,0.0,0.0,0.0,0.0,,896000.0,1.0,1.28,1.28,1.28,1.14,1.14,1.14,0.0,0.0,0.0,0.0,0.0,0.0,0.0,12.2807,12.2807
20250718,7069,均豪群益62購01,otc,1.15,1.28,1.14,1.28,896000.0,1083390.0,,data/daily_price/20250718.csv,1.28,1.28,1.28,1.28,1.28,0.0,0.0,0.0,0.0,,896000.0,1.0,1.28,1.28,1.28,1.14,1.14,1.14,0.0,0.0,0.0,0.0,0.0,0.0,0.0,12.2807,12.2807
20250721,7069,均豪群益62購01,otc,1.15,1.28,1.14,1.28,896000.0,1083390.0,,data/daily_price/20250721.csv,1.28,1.28,1.28,1.28,1.28,0.0,0.0,0.0,0.0,,896000.0,1.0,1.28,1.28,1.28,1.14,1.14,1.14,0.0,0.0,0.0,0.0,0.0,0.0,0.0,12.2807,12.2807
20250722,7069,均豪群益62購01,otc,1.15,1.28,1.14,1.28,896000.0,1083390.0,,data/daily_price/20250722.csv,1.28,1.28,1.28,1.28,1.28,0.0,0.0,0.0,0.0,,896000.0,1.0,1.28,1.28,1.28,1.14,1.14,1.14,0.0,0.0,0.0,0.0,0.0,0.0,0.0,12.2807,12.2807
20250723,7069,均豪群益62購01,otc,1.15,1.28,1.14,1.28,896000.0,1083390.0,,data/daily_price/20250723.csv,1.28,1.28,1.28,1.28,1.28,0.0,0.0,0.0,0.0,,896000.0,1.0,1.28,1.28,1.28,1.14,1.14,1.14,0.0,0.0,0.0,0.0,0.0,0.0,0.0,12.2807,12.2807
20250724,7069,均豪群益62購01,otc,1.15,1.28,1.14,1.28,896000.0,1083390.0,,data/daily_price/20250724.csv,1.28,1.28,1.28,1.28,1.28,0.0,0.0,0.0,0.0,,896000.0,1.0,1.28,1.28,1.28,1.14,1.14,1.14,0.0,0.0,0.0,0.0,0.0,0.0,0.0,12.2807,12.2807
20250725,7069,均豪群益62購01,otc,1.15,1.28,1.14,1.28,896000.0,1083390.0,,data/daily_price/20250725.csv,1.28,1.28,1.28,1.28,1.28,0.0,0.0,0.0,0.0,,896000.0,1.0,1.28,1.28,1.28,1.14,1.14,1.14,0.0,0.0,0.0,0.0,0.0,0.0,0.0,12.2807,12.2807
20250728,7069,均豪群益62購01,otc,1.15,1.28,1.14,1.28,896000.0,1083390.0,,data/daily_price/20250728.csv,1.28,1.28,1.28,1.28,1.28,0.0,0.0,0.0,0.0,,896000.0,1.0,1.28,1.28,1.28,1.14,1.14,1.14,0.0,0.0,0.0,0.0,0.0,0.0,0.0,12.2807,12.2807
20250729,7069,均豪群益62購01,otc,1.15,1.28,1.14,1.28,896000.0,1083390.0,,data/daily_price/20250729.csv,1.28,1.28,1.28,1.28,1.28,0.0,0.0,0.0,0.0,,896000.0,1.0,1.28,1.28,1.28,1.14,1.14,1.14,0.0,0.0,0.0,0.0,0.0,0.0,0.0,12.2807,12.2807
20250730,7069,均豪群益62購01,otc,1.15,1.28,1.14,1.28,896000.0,1083390.0,,data/daily_price/20250730.csv,1.28,1.28,1.28,1.28,1.28,0.0,0.0,0.0,0.0,,896000.0,1.0,1.28,1.28,1.28,1.14,1.14,1.14,0.0,0.0,0.0,0.0,0.0,0.0,0.0,12.2807,12.2807
20250731,7069,均豪群益62購01,otc,1.15,1.28,1.14,1.28,896000.0,1083390.0,,data/daily_price/20250731.csv,1.28,1.28,1.28,1.28,1.28,0.0,0.0,0.0,0.0,,896000.0,1.0,1.28,1.28,1.28,1.14,1.14,1.14,0.0,0.0,0.0,0.0,0.0,0.0,0.0,12.2807,12.2807
20250801,7069,均豪群益62購01,otc,1.15,1.28,1.14,1.28,896000.0,1083390.0,,data/daily_price/20250801.csv,1.28,1.28,1.28,1.28,1.28,0.0,0.0,0.0,0.0,,896000.0,1.0,1.28,1.28,1.28,1.14,1.14,1.14,0.0,0.0,0.0,0.0,0.0,0.0,0.0,12.2807,12.2807
20250804,7069,均豪群益62購01,otc,1.15,1.28,1.14,1.28,896000.0,1083390.0,,data/daily_price/20250804.csv,1.28,1.28,1.28,1.28,1.28,0.0,0.0,0.0,0.0,,896000.0,1.0,1.28,1.28,1.28,1.14,1.14,1.14,0.0,0.0,0.0,0.0,0.0,0.0,0.0,12.2807,12.2807
20250805,7069,均豪群益62購01,otc,1.15,1.28,1.14,1.28,896000.0,1083390.0,,data/daily_price/20250805.csv,1.28,1.28,1.28,1.28,1.28,0.0,0.0,0.0,0.0,,896000.0,1.0,1.28,1.28,1.28,1.14,1.14,1.14,0.0,0.0,0.0,0.0,0.0,0.0,0.0,12.2807,12.2807
20250806,7069,均豪群益62購01,otc,1.15,1.28,1.14,1.28,896000.0,1083390.0,,data/daily_price/20250806.csv,1.28,1.28,1.28,1.28,1.28,0.0,0.0,0.0,0.0,,896000.0,1.0,1.28,1.28,1.28,1.14,1.14,1.14,0.0,0.0,0.0,0.0,0.0,0.0,0.0,12.2807,12.2807
20250807,7069,均豪群益62購01,otc,1.15,1.28,1.14,1.28,896000.0,1083390.0,,data/daily_price/20250807.csv,1.28,1.28,1.28,1.28,1.28,0.0,0.0,0.0,0.0,,896000.0,1.0,1.28,1.28,1.28,1.14,1.14,1.14,0.0,0.0,0.0,0.0,0.0,0.0,0.0,12.2807,12.2807
20250808,7069,均豪群益62購01,otc,1.15,1.28,1.14,1.28,896000.0,1083390.0,,data/daily_price/20250808.csv,1.28,1.28,1.28,1.28,1.28,0.0,0.0,0.0,0.0,,896000.0,1.0,1.28,1.28,1.28,1.14,1.14,1.14,0.0,0.0,0.0,0.0,0.0,0.0,0.0,12.2807,12.2807
20250811,7069,均豪群益62購01,otc,1.15,1.28,1.14,1.28,896000.0,1083390.0,,data/daily_price/20250811.csv,1.28,1.28,1.28,1.28,1.28,0.0,0.0,0.0,0.0,,896000.0,1.0,1.28,1.28,1.28,1.14,1.14,1.14,0.0,0.0,0.0,0.0,0.0,0.0,0.0,12.2807,12.2807
20250812,7069,均豪群益62購01,otc,1.15,1.28,1.14,1.28,896000.0,1083390.0,,data/daily_price/20250812.csv,1.28,1.28,1.28,1.28,1.28,0.0,0.0,0.0,0.0,,896000.0,1.0,1.28,1.28,1.28,1.14,1.14,1.14,0.0,0.0,0.0,0.0,0.0,0.0,0.0,12.2807,12.2807
20250813,7069,均豪群益62購01,otc,1.15,1.28,1.14,1.28,896000.0,1083390.0,,data/daily_price/20250813.csv,1.28,1.28,1.28,1.28,1.28,0.0,0.0,0.0,0.0,,896000.0,1.0,1.28,1.28,1.28,1.14,1.14,1.14,0.0,0.0,0.0,0.0,0.0,0.0,0.0,12.2807,12.2807
20250814,7069,均豪群益62購01,otc,1.15,1.28,1.14,1.28,896000.0,1083390.0,,data/daily_price/20250814.csv,1.28,1.28,1.28,1.28,1.28,0.0,0.0,0.0,0.0,,896000.0,1.0,1.28,1.28,1.28,1.14,1.14,1.14,0.0,0.0,0.0,0.0,0.0,0.0,0.0,12.2807,12.2807
20250815,7069,均豪群益62購01,otc,1.15,1.28,1.14,1.28,896000.0,1083390.0,,data/daily_price/20250815.csv,1.28,1.28,1.28,1.28,1.28,0.0,0.0,0.0,0.0,,896000.0,1.0,1.28,1.28,1.28,1.14,1.14,1.14,0.0,0.0,0.0,0.0,0.0,0.0,0.0,12.2807,12.2807
20250818,7069,均豪群益62購01,otc,1.15,1.28,1.14,1.28,896000.0,1083390.0,,data/daily_price/20250818.csv,1.28,1.28,1.28,1.28,1.28,0.0,0.0,0.0,0.0,,896000.0,1.0,1.28,1.28,1.28,1.14,1.14,1.14,0.0,0.0,0.0,0.0,0.0,0.0,0.0,12.2807,12.2807
20250819,7069,均豪群益62購01,otc,1.15,1.28,1.14,1.28,896000.0,1083390.0,,data/daily_price/20250819.csv,1.28,1.28,1.28,1.28,1.28,0.0,0.0,0.0,0.0,,896000.0,1.0,1.28,1.28,1.28,1.14,1.14,1.14,0.0,0.0,0.0,0.0,0.0,0.0,0.0,12.2807,12.2807
20250820,7069,均豪群益62購01,otc,1.15,1.28,1.14,1.28,896000.0,1083390.0,,data/daily_price/20250820.csv,1.28,1.28,1.28,1.28,1.28,0.0,0.0,0.0,0.0,,896000.0,1.0,1.28,1.28,1.28,1.14,1.14,1.14,0.0,0.0,0.0,0.0,0.0,0.0,0.0,12.2807,12.2807
20250821,7069,均豪群益62購01,otc,1.15,1.28,1.14,1.28,896000.0,1083390.0,,data/daily_price/20250821.csv,1.28,1.28,1.28,1.28,1.28,0.0,0.0,0.0,0.0,,896000.0,1.0,1.28,1.28,1.28,1.14,1.14,1.14,0.0,0.0,0.0,0.0,0.0,0.0,0.0,12.2807,12.2807
20250822,7069,均豪群益62購01,otc,1.15,1.28,1.14,1.28,896000.0,1083390.0,,data/daily_price/20250822.csv,1.28,1.28,1.28,1.28,1.28,0.0,0.0,0.0,0.0,,896000.0,1.0,1.28,1.28,1.28,1.14,1.14,1.14,0.0,0.0,0.0,0.0,0.0,0.0,0.0,12.2807,12.2807
20250825,7069,均豪群益62購01,otc,1.15,1.28,1.14,1.28,896000.0,1083390.0,,data/daily_price/20250825.csv,1.28,1.28,1.28,1.28,1.28,0.0,0.0,0.0,0.0,,896000.0,1.0,1.28,1.28,1.28,1.14,1.14,1.14,0.0,0.0,0.0,0.0,0.0,0.0,0.0,12.2807,12.2807
20250826,7069,均豪群益62購01,otc,1.15,1.28,1.14,1.28,896000.0,1083390.0,,data/daily_price/20250826.csv,1.28,1.28,1.28,1.28,1.28,0.0,0.0,0.0,0.0,,896000.0,1.0,1.28,1.28,1.28,1.14,1.14,1.14,0.0,0.0,0.0,0.0,0.0,0.0,0.0,12.2807,12.2807
20250827,7069,均豪群益62購01,otc,1.15,1.28,1.14,1.28,896000.0,1083390.0,,data/daily_price/20250827.csv,1.28,1.28,1.28,1.28,1.28,0.0,0.0,0.0,0.0,,896000.0,1.0,1.28,1.28,1.28,1.14,1.14,1.14,0.0,0.0,0.0,0.0,0.0,0.0,0.0,12.2807,12.2807
20250828,7069,均豪群益62購01,otc,1.15,1.28,1.14,1.28,896000.0,1083390.0,,data/daily_price/20250828.csv,1.28,1.28,1.28,1.28,1.28,0.0,0.0,0.0,0.0,,896000.0,1.0,1.28,1.28,1.28,1.14,1.14,1.14,0.0,0.0,0.0,0.0,0.0,0.0,0.0,12.2807,12.2807
20250829,7069,均豪群益62購01,otc,1.15,1.28,1.14,1.28,896000.0,1083390.0,,data/daily_price/20250829.csv,1.28,1.28,1.28,1.28,1.28,0.0,0.0,0.0,0.0,,896000.0,1.0,1.28,1.28,1.28,1.14,1.14,1.14,0.0,0.0,0.0,0.0,0.0,0.0,0.0,12.2807,12.2807
20250901,7069,均豪群益62購01,otc,1.15,1.28,1.14,1.28,896000.0,1083390.0,,data/daily_price/20250901.csv,1.28,1.28,1.28,1.28,1.28,0.0,0.0,0.0,0.0,,896000.0,1.0,1.28,1.28,1.28,1.14,1.14,1.14,0.0,0.0,0.0,0.0,0.0,0.0,0.0,12.2807,12.2807
20250902,7069,均豪群益62購01,otc,1.15,1.28,1.14,1.28,896000.0,1083390.0,,data/daily_price/20250902.csv,1.28,1.28,1.28,1.28,1.28,0.0,0.0,0.0,0.0,,896000.0,1.0,1.28,1.28,1.28,1.14,1.14,1.14,0.0,0.0,0.0,0.0,0.0,0.0,0.0,12.2807,12.2807
20250903,7069,均豪群益62購01,otc,1.15,1.28,1.14,1.28,896000.0,1083390.0,,data/daily_price/20250903.csv,1.28,1.28,1.28,1.28,1.28,0.0,0.0,0.0,0.0,,896000.0,1.0,1.28,1.28,1.28,1.14,1.14,1.14,0.0,0.0,0.0,0.0,0.0,0.0,0.0,12.2807,12.2807
20250904,7069,均豪群益62購01,otc,1.15,1.28,1.14,1.28,896000.0,1083390.0,,data/daily_price/20250904.csv,1.28,1.28,1.28,1.28,1.28,0.0,0.0,0.0,0.0,,896000.0,1.0,1.28,1.28,1.28,1.14,1.14,1.14,0.0,0.0,0.0,0.0,0.0,0.0,0.0,12.2807,12.2807
20250905,7069,均豪群益62購01,otc,1.15,1.28,1.14,1.28,896000.0,1083390.0,,data/daily_price/20250905.csv,1.28,1.28,1.28,1.28,1.28,0.0,0.0,0.0,0.0,,896000.0,1.0,1.28,1.28,1.28,1.14,1.14,1.14,0.0,0.0,0.0,0.0,0.0,0.0,0.0,12.2807,12.2807
20250909,7069,均豪群益62購01,otc,1.15,1.28,1.14,1.28,896000.0,1083390.0,,data/daily_price/20250909.csv,1.28,1.28,1.28,1.28,1.28,0.0,0.0,0.0,0.0,,896000.0,1.0,1.28,1.28,1.28,1.14,1.14,1.14,0.0,0.0,0.0,0.0,0.0,0.0,0.0,12.2807,12.2807
20250910,7069,均豪群益62購01,otc,1.15,1.28,1.14,1.28,896000.0,1083390.0,,data/daily_price/20250910.csv,1.28,1.28,1.28,1.28,1.28,0.0,0.0,0.0,0.0,,896000.0,1.0,1.28,1.28,1.28,1.14,1.14,1.14,0.0,0.0,0.0,0.0,0.0,0.0,0.0,12.2807,12.2807
20250911,7069,均豪群益62購01,otc,1.15,1.28,1.14,1.28,896000.0,1083390.0,,data/daily_price/20250911.csv,1.28,1.28,1.28,1.28,1.28,0.0,0.0,0.0,0.0,,896000.0,1.0,1.28,1.28,1.28,1.14,1.14,1.14,0.0,0.0,0.0,0.0,0.0,0.0,0.0,12.2807,12.2807
20250917,7069,均豪群益62購01,otc,1.15,1.28,1.14,1.28,896000.0,1083390.0,,data/daily_price/20250917.csv,1.28,1.28,1.28,1.28,1.28,0.0,0.0,0.0,0.0,,896000.0,1.0,1.28,1.28,1.28,1.14,1.14,1.14,0.0,0.0,0.0,0.0,0.0,0.0,0.0,12.2807,12.2807
20250918,7069,均豪群益62購01,otc,1.15,1.28,1.14,1.28,896000.0,1083390.0,,data/daily_price/20250918.csv,1.28,1.28,1.28,1.28,1.28,0.0,0.0,0.0,0.0,,896000.0,1.0,1.28,1.28,1.28,1.14,1.14,1.14,0.0,0.0,0.0,0.0,0.0,0.0,0.0,12.2807,12.2807
20250919,7069,均豪群益62購01,otc,1.15,1.28,1.14,1.28,896000.0,1083390.0,,data/daily_price/20250919.csv,1.28,1.28,1.28,1.28,1.28,0.0,0.0,0.0,0.0,,896000.0,1.0,1.28,1.28,1.28,1.14,1.14,1.14,0.0,0.0,0.0,0.0,0.0,0.0,0.0,12.2807,12.2807
20250922,7069,均豪群益62購01,otc,1.15,1.28,1.14,1.28,896000.0,1083390.0,,data/daily_price/20250922.csv,1.28,1.28,1.28,1.28,1.28,0.0,0.0,0.0,0.0,,896000.0,1.0,1.28,1.28,1.28,1.14,1.14,1.14,0.0,0.0,0.0,0.0,0.0,0.0,0.0,12.2807,12.2807
20250923,7069,均豪群益62購01,otc,1.15,1.28,1.14,1.28,896000.0,1083390.0,,data/daily_price/20250923.csv,1.28,1.28,1.28,1.28,1.28,0.0,0.0,0.0,0.0,,896000.0,1.0,1.28,1.28,1.28,1.14,1.14,1.14,0.0,0.0,0.0,0.0,0.0,0.0,0.0,12.2807,12.2807
20250924,7069,均豪群益62購01,otc,1.15,1.28,1.14,1.28,896000.0,1083390.0,,data/daily_price/20250924.csv,1.28,1.28,1.28,1.28,1.28,0.0,0.0,0.0,0.0,,896000.0,1.0,1.28,1.28,1.28,1.14,1.14,1.14,0.0,0.0,0.0,0.0,0.0,0.0,0.0,12.2807,12.2807
20250925,7069,均豪群益62購01,otc,1.15,1.28,1.14,1.28,896000.0,1083390.0,,data/daily_price/20250925.csv,1.28,1.28,1.28,1.28,1.28,0.0,0.0,0.0,0.0,,896000.0,1.0,1.28,1.28,1.28,1.14,1.14,1.14,0.0,0.0,0.0,0.0,0.0,0.0,0.0,12.2807,12.2807
20250926,7069,均豪群益62購01,otc,1.15,1.28,1.14,1.28,896000.0,1083390.0,,data/daily_price/20250926.csv,1.28,1.28,1.28,1.28,1.28,0.0,0.0,0.0,0.0,,896000.0,1.0,1.28,1.28,1.28,1.14,1.14,1.14,0.0,0.0,0.0,0.0,0.0,0.0,0.0,12.2807,12.2807
20250930,7069,均豪群益62購01,otc,1.15,1.28,1.14,1.28,896000.0,1083390.0,,data/daily_price/20250930.csv,1.28,1.28,1.28,1.28,1.28,0.0,0.0,0.0,0.0,,896000.0,1.0,1.28,1.28,1.28,1.14,1.14,1.14,0.0,0.0,0.0,0.0,0.0,0.0,0.0,12.2807,12.2807
20251001,7069,均豪群益62購01,otc,1.15,1.28,1.14,1.28,896000.0,1083390.0,,data/daily_price/20251001.csv,1.28,1.28,1.28,1.28,1.28,0.0,0.0,0.0,0.0,,896000.0,1.0,1.28,1.28,1.28,1.14,1.14,1.14,0.0,0.0,0.0,0.0,0.0,0.0,0.0,12.2807,12.2807
20251002,7069,均豪群益62購01,otc,1.15,1.28,1.14,1.28,896000.0,1083390.0,,data/daily_price/20251002.csv,1.28,1.28,1.28,1.28,1.28,0.0,0.0,0.0,0.0,,896000.0,1.0,1.28,1.28,1.28,1.14,1.14,1.14,0.0,0.0,0.0,0.0,0.0,0.0,0.0,12.2807,12.2807
20251003,7069,均豪群益62購01,otc,1.15,1.28,1.14,1.28,896000.0,1083390.0,,data/daily_price/20251003.csv,1.28,1.28,1.28,1.28,1.28,0.0,0.0,0.0,0.0,0.0,896000.0,1.0,1.28,1.28,1.28,1.14,1.14,1.14,0.0,0.0,0.0,0.0,0.0,0.0,0.0,12.2807,12.2807
20251007,7069,均豪群益62購01,otc,1.15,1.28,1.14,1.28,896000.0,1083390.0,,data/daily_price/20251007.csv,1.28,1.28,1.28,1.28,1.28,0.0,0.0,0.0,0.0,0.0,896000.0,1.0,1.28,1.28,1.28,1.14,1.14,1.14,0.0,0.0,0.0,0.0,0.0,0.0,0.0,12.2807,12.2807
20251008,7069,均豪群益62購01,otc,1.15,1.28,1.14,1.28,896000.0,1083390.0,,data/daily_price/20251008.csv,1.28,1.28,1.28,1.28,1.28,0.0,0.0,0.0,0.0,0.0,896000.0,1.0,1.28,1.28,1.28,1.14,1.14,1.14,0.0,0.0,0.0,0.0,0.0,0.0,0.0,12.2807,12.2807
20251009,7069,均豪群益62購01,otc,1.15,1.28,1.14,1.28,896000.0,1083390.0,,data/daily_price/20251009.csv,1.28,1.28,1.28,1.28,1.28,0.0,0.0,0.0,0.0,0.0,896000.0,1.0,1.28,1.28,1.28,1.14,1.14,1.14,0.0,0.0,0.0,0.0,0.0,0.0,0.0,12.2807,12.2807
20251013,7069,均豪群益62購01,otc,1.15,1.28,1.14,1.28,896000.0,1083390.0,,data/daily_price/20251013.csv,1.28,1.28,1.28,1.28,1.28,0.0,0.0,0.0,0.0,0.0,896000.0,1.0,1.28,1.28,1.28,1.14,1.14,1.14,0.0,0.0,0.0,0.0,0.0,0.0,0.0,12.2807,12.2807
20251014,7069,均豪群益62購01,otc,1.15,1.28,1.14,1.28,896000.0,1083390.0,,data/daily_price/20251014.csv,1.28,1.28,1.28,1.28,1.28,0.0,0.0,0.0,0.0,0.0,896000.0,1.0,1.28,1.28,1.28,1.14,1.14,1.14,0.0,0.0,0.0,0.0,0.0,0.0,0.0,12.2807,12.2807
20251016,7069,均豪群益62購01,otc,1.15,1.28,1.14,1.28,896000.0,1083390.0,,data/daily_price/20251016.csv,1.28,1.28,1.28,1.28,1.28,0.0,0.0,0.0,0.0,0.0,896000.0,1.0,1.28,1.28,1.28,1.14,1.14,1.14,0.0,0.0,0.0,0.0,0.0,0.0,0.0,12.2807,12.2807
20251020,7069,均豪群益62購01,otc,1.15,1.28,1.14,1.28,896000.0,1083390.0,,data/daily_price/20251020.csv,1.28,1.28,1.28,1.28,1.28,0.0,0.0,0.0,0.0,0.0,896000.0,1.0,1.28,1.28,1.28,1.14,1.14,1.14,0.0,0.0,0.0,0.0,0.0,0.0,0.0,12.2807,12.2807
20251021,7069,均豪群益62購01,otc,1.15,1.28,1.14,1.28,896000.0,1083390.0,,data/daily_price/20251021.csv,1.28,1.28,1.28,1.28,1.28,0.0,0.0,0.0,0.0,0.0,896000.0,1.0,1.28,1.28,1.28,1.14,1.14,1.14,0.0,0.0,0.0,0.0,0.0,0.0,0.0,12.2807,12.2807
20251022,7069,均豪群益62購01,otc,1.15,1.28,1.14,1.28,896000.0,1083390.0,,data/daily_price/20251022.csv,1.28,1.28,1.28,1.28,1.28,0.0,0.0,0.0,0.0,0.0,896000.0,1.0,1.28,1.28,1.28,1.14,1.14,1.14,0.0,0.0,0.0,0.0,0.0,0.0,0.0,12.2807,12.2807
20251023,7069,均豪群益62購01,otc,1.15,1.28,1.14,1.28,896000.0,1083390.0,,data/daily_price/20251023.csv,1.28,1.28,1.28,1.28,1.28,0.0,0.0,0.0,0.0,0.0,896000.0,1.0,1.28,1.28,1.28,1.14,1.14,1.14,0.0,0.0,0.0,0.0,0.0,0.0,0.0,12.2807,12.2807
20251027,7069,均豪群益62購01,otc,1.15,1.28,1.14,1.28,896000.0,1083390.0,,data/daily_price/20251027.csv,1.28,1.28,1.28,1.28,1.28,0.0,0.0,0.0,0.0,0.0,896000.0,1.0,1.28,1.28,1.28,1.14,1.14,1.14,0.0,0.0,0.0,0.0,0.0,0.0,0.0,12.2807,12.2807
20251028,7069,均豪群益62購01,otc,1.15,1.28,1.14,1.28,896000.0,1083390.0,,data/daily_price/20251028.csv,1.28,1.28,1.28,1.28,1.28,0.0,0.0,0.0,0.0,0.0,896000.0,1.0,1.28,1.28,1.28,1.14,1.14,1.14,0.0,0.0,0.0,0.0,0.0,0.0,0.0,12.2807,12.2807
20251029,7069,均豪群益62購01,otc,1.15,1.28,1.14,1.28,896000.0,1083390.0,,data/daily_price/20251029.csv,1.28,1.28,1.28,1.28,1.28,0.0,0.0,0.0,0.0,0.0,896000.0,1.0,1.28,1.28,1.28,1.14,1.14,1.14,0.0,0.0,0.0,0.0,0.0,0.0,0.0,12.2807,12.2807
20251030,7069,均豪群益62購01,otc,1.15,1.28,1.14,1.28,896000.0,1083390.0,,data/daily_price/20251030.csv,1.28,1.28,1.28,1.28,1.28,0.0,0.0,0.0,0.0,0.0,896000.0,1.0,1.28,1.28,1.28,1.14,1.14,1.14,0.0,0.0,0.0,0.0,0.0,0.0,0.0,12.2807,12.2807
20251031,7069,均豪群益62購01,otc,1.15,1.28,1.14,1.28,896000.0,1083390.0,,data/daily_price/20251031.csv,1.28,1.28,1.28,1.28,1.28,0.0,0.0,0.0,0.0,0.0,896000.0,1.0,1.28,1.28,1.28,1.14,1.14,1.14,0.0,0.0,0.0,0.0,0.0,0.0,0.0,12.2807,12.2807
