date,stock_id,stock_name,call_warrant_count,put_warrant_count,call_turnover,put_turnover,total_warrant_turnover,call_volume,put_volume,total_warrant_volume,call_put_turnover_ratio,candidate_category,candidate_category_zh,sector,sub_theme,tdcc_status,tdcc_status_zh,warrant_flow_signal,warrant_flow_signal_zh,data_quality_note
20260706,2449,京元電子,245,9,74137790.0,598560.0,74736350.0,50772000.0,634000.0,51406000.0,123.86,,,,,,,call_put_bullish,權證偏多,
20260706,1717,長興,114,2,54131500.0,43240.0,54174740.0,37932000.0,305000.0,38237000.0,1251.88,range_rebound,區間內轉強 / 挑戰前高觀察,,,,,call_put_bullish,權證偏多,
20260706,3481,群創,109,12,49262030.0,274230.0,49536260.0,4149000.0,2027000.0,6176000.0,179.64,range_rebound,區間內轉強 / 挑戰前高觀察,,,,,call_put_bullish,權證偏多,
20260706,8028,昇陽半導體,140,2,37075680.0,6450.0,37082130.0,15307000.0,12000.0,15319000.0,5748.17,range_rebound,區間內轉強 / 挑戰前高觀察,,,,,call_put_bullish,權證偏多,
20260706,2603,長榮,110,2,20087630.0,290.0,20087920.0,24559000.0,1000.0,24560000.0,69267.69,,,,,,,call_put_bullish,權證偏多,
20260706,8039,台虹,115,4,19165620.0,27990.0,19193610.0,16782000.0,54000.0,16836000.0,684.73,pattern,型態觀察,,,,,call_put_bullish,權證偏多,
20260706,2377,微星,86,4,17103430.0,218870.0,17322300.0,15444000.0,509000.0,15953000.0,78.14,,,,,,,call_put_bullish,權證偏多,
20260706,1519,華城,146,12,15167230.0,229750.0,15396980.0,18872000.0,225000.0,19097000.0,66.02,,,,,,,call_put_bullish,權證偏多,
20260706,8131,福懋科,47,1,14767210.0,860.0,14768070.0,10652000.0,1000.0,10653000.0,17171.17,true_breakout,嚴格突破,,,,,call_put_bullish,權證偏多,
20260706,6753,龍德造船,62,3,13366950.0,58900.0,13425850.0,14410000.0,655000.0,15065000.0,226.94,range_rebound,區間內轉強 / 挑戰前高觀察,,,,,call_put_bullish,權證偏多,
20260706,2324,仁寶,97,4,11606510.0,28430.0,11634940.0,10667000.0,13000.0,10680000.0,408.25,pattern,型態觀察,,,,,call_put_bullish,權證偏多,
20260706,0070,期元大S&P黃金正2(原名：元大S&P黃金正2),207,25,10776780.0,531520.0,11308300.0,14754000.0,138000.0,14892000.0,20.28,,,,,,,call_put_bullish,權證偏多,
20260706,1514,亞力,65,2,10107320.0,337680.0,10445000.0,14240000.0,469000.0,14709000.0,29.93,range_rebound,區間內轉強 / 挑戰前高觀察,,,,,call_put_bullish,權證偏多,
20260706,1513,中興電,99,2,9037890.0,120000.0,9157890.0,9595000.0,300000.0,9895000.0,75.32,pattern,型態觀察,,,,,call_put_bullish,權證偏多,
20260706,1504,東元,92,2,9003570.0,8620.0,9012190.0,11287000.0,4000.0,11291000.0,1044.5,range_rebound,區間內轉強 / 挑戰前高觀察,,,,,call_put_bullish,權證偏多,
20260706,2615,萬海,64,5,8126820.0,126020.0,8252840.0,9582000.0,68000.0,9650000.0,64.49,,,,,,,call_put_bullish,權證偏多,
20260706,2609,陽明,61,3,7620550.0,87060.0,7707610.0,9374000.0,50000.0,9424000.0,87.53,pattern,型態觀察,,,,,call_put_bullish,權證偏多,
20260706,2329,華泰,131,4,5873840.0,403000.0,6276840.0,8406000.0,360000.0,8766000.0,14.58,,,,,,,call_put_bullish,權證偏多,
20260706,6937,天虹,41,1,6124970.0,11200.0,6136170.0,7917000.0,10000.0,7927000.0,546.87,,,,,,,call_put_bullish,權證偏多,
20260706,2354,鴻準,39,3,6063580.0,2030.0,6065610.0,3806000.0,1000.0,3807000.0,2986.99,,,,,,,call_put_bullish,權證偏多,
20260706,8046,南電,75,7,5243820.0,16650.0,5260470.0,528000.0,161000.0,689000.0,314.94,,,,,,,call_put_bullish,權證偏多,
20260706,2337,旺宏,57,18,4219250.0,1020.0,4220270.0,209000.0,39000.0,248000.0,4136.52,revenue_pullback,營收成長股價回檔,,,,,call_put_bullish,權證偏多,
20260706,2301,光寶科,220,3,52867190.0,0.0,52867190.0,16708000.0,0.0,16708000.0,,revenue_pullback,營收成長股價回檔,,,,,call_strong_inflow,認購明確偏多,
20260706,2634,漢翔,45,0,23612410.0,0.0,23612410.0,24934000.0,0.0,24934000.0,,true_breakout,嚴格突破,,,,,call_strong_inflow,認購明確偏多,
20260706,1795,美時,126,3,21838680.0,0.0,21838680.0,25743000.0,0.0,25743000.0,,"pullback_rebound,range_rebound,revenue_pullback",回檔後短線轉強、區間內轉強 / 挑戰前高觀察、營收成長股價回檔,,,,,call_strong_inflow,認購明確偏多,
20260706,2231,為升,19,0,14945160.0,0.0,14945160.0,16375000.0,0.0,16375000.0,,range_rebound,區間內轉強 / 挑戰前高觀察,,,,,call_strong_inflow,認購明確偏多,
20260706,2645,長榮航太,36,0,13366140.0,0.0,13366140.0,11221000.0,0.0,11221000.0,,true_breakout,嚴格突破,,,,,call_strong_inflow,認購明確偏多,
20260706,1409,新纖,16,0,12650480.0,0.0,12650480.0,7705000.0,0.0,7705000.0,,range_rebound,區間內轉強 / 挑戰前高觀察,,,,,call_strong_inflow,認購明確偏多,
20260706,2618,長榮航,42,0,12408990.0,0.0,12408990.0,7809000.0,0.0,7809000.0,,revenue_pullback,營收成長股價回檔,,,,,call_strong_inflow,認購明確偏多,
20260706,1503,士電,92,3,11496000.0,0.0,11496000.0,10446000.0,0.0,10446000.0,,pattern,型態觀察,,,,,call_strong_inflow,認購明確偏多,
20260706,4576,大銀微系統,57,0,11050680.0,0.0,11050680.0,8920000.0,0.0,8920000.0,,"pullback_rebound,range_rebound,revenue_pullback",回檔後短線轉強、區間內轉強 / 挑戰前高觀察、營收成長股價回檔,,,,,call_strong_inflow,認購明確偏多,
20260706,2436,偉詮電,40,0,9064720.0,0.0,9064720.0,8012000.0,0.0,8012000.0,,"pullback_rebound,range_rebound,revenue_pullback",回檔後短線轉強、區間內轉強 / 挑戰前高觀察、營收成長股價回檔,,,,,call_strong_inflow,認購明確偏多,
20260706,1718,中纖,9,0,8799670.0,0.0,8799670.0,2965000.0,0.0,2965000.0,,true_breakout,嚴格突破,,,,,call_strong_inflow,認購明確偏多,
20260706,6269,台郡,50,0,7295390.0,0.0,7295390.0,10632000.0,0.0,10632000.0,,,,,,,,call_strong_inflow,認購明確偏多,
20260706,1711,永光,51,1,6911350.0,0.0,6911350.0,4784000.0,0.0,4784000.0,,range_rebound,區間內轉強 / 挑戰前高觀察,,,,,call_strong_inflow,認購明確偏多,
20260706,1477,聚陽,13,0,5842660.0,0.0,5842660.0,7926000.0,0.0,7926000.0,,pattern,型態觀察,,,,,call_strong_inflow,認購明確偏多,
20260706,6491,晶碩,4,0,4557340.0,0.0,4557340.0,2601000.0,0.0,2601000.0,,range_rebound,區間內轉強 / 挑戰前高觀察,,,,,call_strong_inflow,認購明確偏多,
20260706,4938,和碩,27,0,4453880.0,0.0,4453880.0,4594000.0,0.0,4594000.0,,,,,,,,call_strong_inflow,認購明確偏多,
20260706,1714,和桐,4,0,4360160.0,0.0,4360160.0,1777000.0,0.0,1777000.0,,pattern,型態觀察,,,,,call_strong_inflow,認購明確偏多,
20260706,3708,上緯投控,22,1,4097680.0,0.0,4097680.0,8085000.0,0.0,8085000.0,,range_rebound,區間內轉強 / 挑戰前高觀察,,,,,call_strong_inflow,認購明確偏多,
20260706,2323,中環,15,0,4000450.0,0.0,4000450.0,4044000.0,0.0,4044000.0,,pattern,型態觀察,,,,,call_strong_inflow,認購明確偏多,
20260706,1402,遠東新,8,0,3992930.0,0.0,3992930.0,4530000.0,0.0,4530000.0,,pattern,型態觀察,,,,,call_strong_inflow,認購明確偏多,
20260706,2891,中信金,27,0,3822120.0,0.0,3822120.0,2523000.0,0.0,2523000.0,,"pattern,revenue_pullback",型態觀察、營收成長股價回檔,,,,,call_strong_inflow,認購明確偏多,
20260706,2103,台橡,7,0,3797950.0,0.0,3797950.0,1894000.0,0.0,1894000.0,,true_breakout,嚴格突破,,,,,call_strong_inflow,認購明確偏多,
20260706,8033,雷虎,4,0,3587870.0,0.0,3587870.0,1026000.0,0.0,1026000.0,,pattern,型態觀察,,,,,call_strong_inflow,認購明確偏多,
20260706,2002,中鋼,44,0,3575130.0,0.0,3575130.0,8021000.0,0.0,8021000.0,,pattern,型態觀察,,,,,call_strong_inflow,認購明確偏多,
20260706,2885,元大金,16,0,3474290.0,0.0,3474290.0,2628000.0,0.0,2628000.0,,"pattern,revenue_pullback",型態觀察、營收成長股價回檔,,,,,call_strong_inflow,認購明確偏多,
20260706,2542,興富發,5,0,3452680.0,0.0,3452680.0,1509000.0,0.0,1509000.0,,"pattern,revenue_breakout_low_response,revenue_pullback",型態觀察、營收爆發但股價尚未反應、營收成長股價回檔,neutral,neutral,,,call_strong_inflow,認購明確偏多,
20260706,4961,天鈺,8,0,3356430.0,0.0,3356430.0,2703000.0,0.0,2703000.0,,range_rebound,區間內轉強 / 挑戰前高觀察,,,,,call_strong_inflow,認購明確偏多,
20260706,3532,台勝科,46,0,3127150.0,0.0,3127150.0,623000.0,0.0,623000.0,,pattern,型態觀察,,,,,call_strong_inflow,認購明確偏多,
20260706,1313,聯成,6,0,3119790.0,0.0,3119790.0,3330000.0,0.0,3330000.0,,range_rebound,區間內轉強 / 挑戰前高觀察,,,,,call_strong_inflow,認購明確偏多,
20260706,2630,亞航,12,0,3080130.0,0.0,3080130.0,2898000.0,0.0,2898000.0,,true_breakout,嚴格突破,,,,,call_strong_inflow,認購明確偏多,
20260706,2409,友達,280,14,66921960.0,216650.0,67138610.0,35505000.0,583000.0,36088000.0,308.89,pattern,型態觀察,,,,,call_inflow,認購偏多,
20260706,3042,晶技,63,1,60900990.0,333350.0,61234340.0,45698000.0,271000.0,45969000.0,182.69,pattern,型態觀察,,,,,call_inflow,認購偏多,
20260706,2317,鴻海,519,40,54016850.0,376190.0,54393040.0,40608000.0,301000.0,40909000.0,143.59,revenue_pullback,營收成長股價回檔,,,,,call_inflow,認購偏多,
20260706,6239,力成,197,9,50529870.0,32570.0,50562440.0,29349000.0,33000.0,29382000.0,1551.42,"pattern,revenue_pullback",型態觀察、營收成長股價回檔,,,,,call_inflow,認購偏多,
20260706,6781,AES-KY,163,2,38139330.0,4850.0,38144180.0,33677000.0,7000.0,33684000.0,7863.78,range_rebound,區間內轉強 / 挑戰前高觀察,,,,,call_inflow,認購偏多,
20260706,6409,旭隼,93,2,37543850.0,196800.0,37740650.0,18445000.0,629000.0,19074000.0,190.77,range_rebound,區間內轉強 / 挑戰前高觀察,,,,,call_inflow,認購偏多,
20260706,8112,至上,143,3,26084860.0,646430.0,26731290.0,18576000.0,887000.0,19463000.0,40.35,"pattern,revenue_breakout_low_response,revenue_pullback",型態觀察、營收爆發但股價尚未反應、營收成長股價回檔,mainstream_growth,mainstream_growth,,,call_inflow,認購偏多,
20260706,2441,超豐,76,0,25591460.0,0.0,25591460.0,15618000.0,0.0,15618000.0,,range_rebound,區間內轉強 / 挑戰前高觀察,,,,,call_inflow,認購偏多,
20260706,2493,揚博,59,2,18611110.0,204190.0,18815300.0,9645000.0,137000.0,9782000.0,91.15,,,,,,,call_inflow,認購偏多,
20260706,2451,創見,113,6,16362120.0,44990.0,16407110.0,15046000.0,86000.0,15132000.0,363.68,"pattern,revenue_breakout_low_response,revenue_pullback",型態觀察、營收爆發但股價尚未反應、營收成長股價回檔,mainstream_growth,mainstream_growth,,,call_inflow,認購偏多,
20260706,6282,康舒,162,5,15321870.0,3510.0,15325380.0,12782000.0,5000.0,12787000.0,4365.21,"pattern,revenue_pullback",型態觀察、營收成長股價回檔,,,,,call_inflow,認購偏多,
20260706,2356,英業達,98,6,12918940.0,0.0,12918940.0,7339000.0,0.0,7339000.0,,"pattern,revenue_pullback",型態觀察、營收成長股價回檔,,,,,call_inflow,認購偏多,
20260706,3406,玉晶光,94,3,12614720.0,9240.0,12623960.0,12915000.0,28000.0,12943000.0,1365.23,"pattern,revenue_pullback",型態觀察、營收成長股價回檔,,,,,call_inflow,認購偏多,
20260706,1605,華新,147,5,12451710.0,54150.0,12505860.0,16741000.0,75000.0,16816000.0,229.95,pattern,型態觀察,,,,,call_inflow,認購偏多,
20260706,3605,宏致,28,0,12220270.0,0.0,12220270.0,8485000.0,0.0,8485000.0,,range_rebound,區間內轉強 / 挑戰前高觀察,,,,,call_inflow,認購偏多,
20260706,3059,華晶科,35,1,10134460.0,15400.0,10149860.0,8462000.0,20000.0,8482000.0,658.08,,,,,,,call_inflow,認購偏多,
20260706,6505,台塑化,41,1,9993290.0,0.0,9993290.0,12053000.0,0.0,12053000.0,,range_rebound,區間內轉強 / 挑戰前高觀察,,,,,call_inflow,認購偏多,
20260706,3005,神基,33,0,8784240.0,0.0,8784240.0,13979000.0,0.0,13979000.0,,range_rebound,區間內轉強 / 挑戰前高觀察,,,,,call_inflow,認購偏多,
20260706,3026,禾伸堂,49,0,8411710.0,0.0,8411710.0,918000.0,0.0,918000.0,,range_rebound,區間內轉強 / 挑戰前高觀察,,,,,call_inflow,認購偏多,
20260706,3019,亞光,105,0,8004330.0,0.0,8004330.0,7700000.0,0.0,7700000.0,,pattern,型態觀察,,,,,call_inflow,認購偏多,
20260706,2884,玉山金,10,0,7830480.0,0.0,7830480.0,3413000.0,0.0,3413000.0,,revenue_pullback,營收成長股價回檔,,,,,call_inflow,認購偏多,
20260706,2353,宏碁,66,6,7227750.0,16000.0,7243750.0,5406000.0,200000.0,5606000.0,451.73,revenue_pullback,營收成長股價回檔,,,,,call_inflow,認購偏多,
20260706,2312,金寶,95,2,6994170.0,1890.0,6996060.0,6139000.0,1000.0,6140000.0,3700.62,pattern,型態觀察,,,,,call_inflow,認購偏多,
20260706,1312,國喬,30,0,6944390.0,0.0,6944390.0,8018000.0,0.0,8018000.0,,pattern,型態觀察,,,,,call_inflow,認購偏多,
20260706,3653,健策,30,5,6280720.0,268790.0,6549510.0,7061000.0,279000.0,7340000.0,23.37,,,,,,,call_inflow,認購偏多,
20260706,7788,松川精密,27,1,6314200.0,0.0,6314200.0,4764000.0,0.0,4764000.0,,"pattern,revenue_pullback",型態觀察、營收成長股價回檔,,,,,call_inflow,認購偏多,
20260706,5243,乙盛-KY,54,1,5675790.0,0.0,5675790.0,6894000.0,0.0,6894000.0,,,,,,,,call_inflow,認購偏多,
20260706,2027,大成鋼,65,0,5289460.0,0.0,5289460.0,4959000.0,0.0,4959000.0,,revenue_pullback,營收成長股價回檔,,,,,call_inflow,認購偏多,
20260706,2359,所羅門,45,0,5236010.0,0.0,5236010.0,6645000.0,0.0,6645000.0,,,,,,,,call_inflow,認購偏多,
20260706,8081,致新,17,0,4665630.0,0.0,4665630.0,2912000.0,0.0,2912000.0,,pattern,型態觀察,,,,,call_inflow,認購偏多,
20260706,6456,GIS-KY,52,0,4212460.0,0.0,4212460.0,4634000.0,0.0,4634000.0,,,,,,,,call_inflow,認購偏多,
20260706,4739,康普,39,0,4084110.0,0.0,4084110.0,2141000.0,0.0,2141000.0,,"pattern,revenue_pullback",型態觀察、營收成長股價回檔,,,,,call_inflow,認購偏多,
20260706,2498,宏達電,69,6,3892360.0,0.0,3892360.0,3845000.0,0.0,3845000.0,,pattern,型態觀察,,,,,call_inflow,認購偏多,
20260706,6414,樺漢,32,0,3820880.0,0.0,3820880.0,2441000.0,0.0,2441000.0,,"pattern,revenue_pullback",型態觀察、營收成長股價回檔,,,,,call_inflow,認購偏多,
20260706,2883,凱基金,25,0,3432820.0,0.0,3432820.0,3136000.0,0.0,3136000.0,,"pattern,revenue_pullback",型態觀察、營收成長股價回檔,,,,,call_inflow,認購偏多,
20260706,9958,世紀鋼,28,0,3236790.0,0.0,3236790.0,3599000.0,0.0,3599000.0,,revenue_pullback,營收成長股價回檔,,,,,call_inflow,認購偏多,
20260706,1101,台泥,30,0,2884100.0,0.0,2884100.0,5111000.0,0.0,5111000.0,,,,,,,,call_inflow,認購偏多,
20260706,2439,美律,16,0,2880410.0,0.0,2880410.0,3220000.0,0.0,3220000.0,,pattern,型態觀察,,,,,call_inflow,認購偏多,
20260706,8070,長華*,20,0,2866300.0,0.0,2866300.0,2036000.0,0.0,2036000.0,,"pattern,revenue_pullback",型態觀察、營收成長股價回檔,,,,,call_inflow,認購偏多,
20260706,1216,統一,10,0,2758880.0,0.0,2758880.0,3225000.0,0.0,3225000.0,,true_breakout,嚴格突破,,,,,call_inflow,認購偏多,
20260706,1609,大亞,30,1,2694840.0,0.0,2694840.0,2437000.0,0.0,2437000.0,,range_rebound,區間內轉強 / 挑戰前高觀察,,,,,call_inflow,認購偏多,
20260706,7769,鴻勁,24,0,2685090.0,0.0,2685090.0,711000.0,0.0,711000.0,,,,,,,,call_inflow,認購偏多,
20260706,2478,大毅,17,0,2666680.0,0.0,2666680.0,564000.0,0.0,564000.0,,,,,,,,call_inflow,認購偏多,
20260706,2890,永豐金,18,0,2579380.0,0.0,2579380.0,1735000.0,0.0,1735000.0,,"pattern,revenue_pullback",型態觀察、營收成長股價回檔,,,,,call_inflow,認購偏多,
20260706,6176,瑞儀,22,1,2448630.0,0.0,2448630.0,3432000.0,0.0,3432000.0,,pattern,型態觀察,,,,,call_inflow,認購偏多,
20260706,6831,邁科,19,0,2436030.0,0.0,2436030.0,741000.0,0.0,741000.0,,pattern,型態觀察,,,,,call_inflow,認購偏多,
20260706,3167,大量,36,1,2432600.0,0.0,2432600.0,499000.0,0.0,499000.0,,"range_rebound,revenue_pullback",區間內轉強 / 挑戰前高觀察、營收成長股價回檔,,,,,call_inflow,認購偏多,
20260706,2316,楠梓電,87,0,2343500.0,0.0,2343500.0,1871000.0,0.0,1871000.0,,,,,,,,call_inflow,認購偏多,
20260706,1905,華紙,13,0,2340030.0,0.0,2340030.0,2063000.0,0.0,2063000.0,,,,,,,,call_inflow,認購偏多,
20260706,8422,可寧衛*,69,10,2287950.0,0.0,2287950.0,3024000.0,0.0,3024000.0,,"range_rebound,revenue_breakout_low_response,revenue_pullback",區間內轉強 / 挑戰前高觀察、營收爆發但股價尚未反應、營收成長股價回檔,neutral,neutral,,,call_inflow,認購偏多,
20260706,2495,普安,29,0,2285980.0,0.0,2285980.0,1660000.0,0.0,1660000.0,,revenue_pullback,營收成長股價回檔,,,,,call_inflow,認購偏多,
20260706,6919,康霈*,19,0,2142310.0,0.0,2142310.0,3642000.0,0.0,3642000.0,,pattern,型態觀察,,,,,call_inflow,認購偏多,
20260706,2606,裕民,25,1,2104840.0,0.0,2104840.0,2184000.0,0.0,2184000.0,,revenue_pullback,營收成長股價回檔,,,,,call_inflow,認購偏多,
20260706,4551,智伸科,30,0,2033650.0,0.0,2033650.0,1010000.0,0.0,1010000.0,,,,,,,,call_inflow,認購偏多,
20260706,1773,勝一,12,0,2008310.0,0.0,2008310.0,1603000.0,0.0,1603000.0,,"pullback_rebound,range_rebound,revenue_pullback",回檔後短線轉強、區間內轉強 / 挑戰前高觀察、營收成長股價回檔,,,,,call_inflow,認購偏多,
20260706,2455,全新,38,0,1986410.0,0.0,1986410.0,460000.0,0.0,460000.0,,revenue_pullback,營收成長股價回檔,,,,,call_inflow,認購偏多,
20260706,3450,聯鈞,136,4,1957600.0,0.0,1957600.0,761000.0,0.0,761000.0,,pattern,型態觀察,,,,,call_inflow,認購偏多,
20260706,3048,益登,28,1,1948750.0,7800.0,1956550.0,1400000.0,10000.0,1410000.0,249.84,"pattern,revenue_pullback",型態觀察、營收成長股價回檔,,,,,call_inflow,認購偏多,
20260706,8163,達方,3,0,1855380.0,0.0,1855380.0,1397000.0,0.0,1397000.0,,pattern,型態觀察,,,,,call_inflow,認購偏多,
20260706,2105,正新,9,0,1775950.0,0.0,1775950.0,2427000.0,0.0,2427000.0,,pattern,型態觀察,,,,,call_inflow,認購偏多,
20260706,1308,亞聚,20,1,1760860.0,0.0,1760860.0,4672000.0,0.0,4672000.0,,range_rebound,區間內轉強 / 挑戰前高觀察,,,,,call_inflow,認購偏多,
20260706,6862,三集瑞-KY,28,1,1675260.0,13050.0,1688310.0,1572000.0,31000.0,1603000.0,128.37,,,,,,,call_inflow,認購偏多,
20260706,1305,華夏,11,0,1560800.0,0.0,1560800.0,2406000.0,0.0,2406000.0,,"pattern,revenue_pullback",型態觀察、營收成長股價回檔,,,,,call_inflow,認購偏多,
20260706,2637,慧洋-KY,23,0,1548620.0,0.0,1548620.0,1666000.0,0.0,1666000.0,,"pattern,revenue_pullback",型態觀察、營收成長股價回檔,,,,,call_inflow,認購偏多,
20260706,1309,台達化,5,0,1547410.0,0.0,1547410.0,2566000.0,0.0,2566000.0,,pattern,型態觀察,,,,,call_inflow,認購偏多,
20260706,5388,中磊,28,0,1522200.0,0.0,1522200.0,2001000.0,0.0,2001000.0,,"revenue_breakout_low_response,revenue_pullback",營收爆發但股價尚未反應、營收成長股價回檔,mainstream_growth,mainstream_growth,,,call_inflow,認購偏多,
20260706,5292,華懋,8,0,1502980.0,0.0,1502980.0,2638000.0,0.0,2638000.0,,,,,,,,call_inflow,認購偏多,
20260706,2419,仲琦,35,0,1427860.0,0.0,1427860.0,1793000.0,0.0,1793000.0,,,,,,,,call_inflow,認購偏多,
20260706,3004,豐達科,4,0,1315180.0,0.0,1315180.0,570000.0,0.0,570000.0,,true_breakout,嚴格突破,,,,,call_inflow,認購偏多,
20260706,2457,飛宏,41,2,1307410.0,0.0,1307410.0,1193000.0,0.0,1193000.0,,pattern,型態觀察,,,,,call_inflow,認購偏多,
20260706,6962,奕力-KY,9,0,1206360.0,0.0,1206360.0,1159000.0,0.0,1159000.0,,pattern,型態觀察,,,,,call_inflow,認購偏多,
20260706,6757,台灣虎航,15,0,1138370.0,0.0,1138370.0,616000.0,0.0,616000.0,,"pattern,revenue_pullback",型態觀察、營收成長股價回檔,,,,,call_inflow,認購偏多,
20260706,2408,南亞科,290,33,98634080.0,1376850.0,100010930.0,49389000.0,2598000.0,51987000.0,71.64,"pattern,revenue_pullback",型態觀察、營收成長股價回檔,,,,,no_signal,無明確訊號,
20260706,2327,國巨*,247,34,96448500.0,349390.0,96797890.0,5925000.0,1862000.0,7787000.0,276.05,"pattern,revenue_pullback",型態觀察、營收成長股價回檔,,,,,no_signal,無明確訊號,
20260706,6669,緯穎,380,34,61480880.0,690330.0,62171210.0,39409000.0,984000.0,40393000.0,89.06,,,,,,,no_signal,無明確訊號,
20260706,2344,華邦電,254,26,59471770.0,892020.0,60363790.0,44606000.0,1867000.0,46473000.0,66.67,"pattern,revenue_pullback",型態觀察、營收成長股價回檔,,,,,no_signal,無明確訊號,
20260706,3711,日月光投控,230,17,56134090.0,387760.0,56521850.0,30606000.0,629000.0,31235000.0,144.77,,,,,,,no_signal,無明確訊號,
20260706,4958,臻鼎-KY,232,15,49240070.0,554090.0,49794160.0,27491000.0,840000.0,28331000.0,88.87,"pattern,revenue_pullback",型態觀察、營收成長股價回檔,,,,,no_signal,無明確訊號,
20260706,1326,台化,119,8,47917290.0,390190.0,48307480.0,16314000.0,1250000.0,17564000.0,122.81,range_rebound,區間內轉強 / 挑戰前高觀察,,,,,no_signal,無明確訊號,
20260706,6213,聯茂,139,8,47085610.0,509020.0,47594630.0,21951000.0,1454000.0,23405000.0,92.5,true_breakout,嚴格突破,,,,,no_signal,無明確訊號,
20260706,2404,漢唐,230,9,42506160.0,248510.0,42754670.0,38678000.0,303000.0,38981000.0,171.04,"pattern,revenue_pullback",型態觀察、營收成長股價回檔,,,,,no_signal,無明確訊號,
20260706,2345,智邦,267,29,33843060.0,907480.0,34750540.0,19821000.0,2910000.0,22731000.0,37.29,revenue_pullback,營收成長股價回檔,,,,,no_signal,無明確訊號,
20260706,0050,元大台灣50,254,196,27777780.0,3927460.0,31705240.0,13496000.0,3989000.0,17485000.0,7.07,pattern,型態觀察,,,,,no_signal,無明確訊號,
20260706,3008,大立光,215,8,29362050.0,183670.0,29545720.0,15945000.0,228000.0,16173000.0,159.86,"pattern,revenue_pullback",型態觀察、營收成長股價回檔,,,,,no_signal,無明確訊號,
20260706,6257,矽格,106,8,27982240.0,315490.0,28297730.0,14917000.0,553000.0,15470000.0,88.69,true_breakout,嚴格突破,,,,,no_signal,無明確訊號,
20260706,5269,祥碩,159,0,27466660.0,0.0,27466660.0,26254000.0,0.0,26254000.0,,,,,,,,no_signal,無明確訊號,
20260706,3006,晶豪科,149,12,25621530.0,277230.0,25898760.0,23439000.0,671000.0,24110000.0,92.42,"pattern,revenue_pullback",型態觀察、營收成長股價回檔,,,,,no_signal,無明確訊號,
20260706,2472,立隆電,91,2,23653500.0,101120.0,23754620.0,10779000.0,99000.0,10878000.0,233.92,,,,,,,no_signal,無明確訊號,
20260706,2308,台達電,223,28,23241130.0,95980.0,23337110.0,12813000.0,313000.0,13126000.0,242.15,revenue_pullback,營收成長股價回檔,,,,,no_signal,無明確訊號,
20260706,6197,佳必琪,106,0,22338970.0,0.0,22338970.0,11152000.0,0.0,11152000.0,,,,,,,,no_signal,無明確訊號,
20260706,1303,南亞,242,11,21286360.0,965490.0,22251850.0,12222000.0,1421000.0,13643000.0,22.05,,,,,,,no_signal,無明確訊號,
20260706,2476,鉅祥,50,0,22156440.0,0.0,22156440.0,18341000.0,0.0,18341000.0,,"pattern,revenue_pullback",型態觀察、營收成長股價回檔,,,,,no_signal,無明確訊號,
20260706,6139,亞翔,209,2,22099720.0,0.0,22099720.0,11274000.0,0.0,11274000.0,,revenue_pullback,營收成長股價回檔,,,,,no_signal,無明確訊號,
20260706,2454,聯發科,356,38,21068390.0,850980.0,21919370.0,5460000.0,1824000.0,7284000.0,24.76,pattern,型態觀察,,,,,no_signal,無明確訊號,
20260706,2303,聯電,326,28,20635780.0,167580.0,20803360.0,14168000.0,895000.0,15063000.0,123.14,,,,,,,no_signal,無明確訊號,
20260706,3583,辛耘,98,2,19435110.0,6900.0,19442010.0,11372000.0,10000.0,11382000.0,2816.68,pattern,型態觀察,,,,,no_signal,無明確訊號,
20260706,6719,力智,47,2,19016340.0,110200.0,19126540.0,12067000.0,110000.0,12177000.0,172.56,range_rebound,區間內轉強 / 挑戰前高觀察,,,,,no_signal,無明確訊號,
20260706,2049,上銀,117,6,18998480.0,1900.0,19000380.0,13525000.0,1000.0,13526000.0,9999.2,"pattern,pullback_rebound,revenue_pullback",型態觀察、回檔後短線轉強、營收成長股價回檔,,,,,no_signal,無明確訊號,
20260706,1301,台塑,96,4,17780870.0,17500.0,17798370.0,11585000.0,74000.0,11659000.0,1016.05,,,,,,,no_signal,無明確訊號,
20260706,8150,南茂,150,1,17506240.0,0.0,17506240.0,12010000.0,0.0,12010000.0,,true_breakout,嚴格突破,,,,,no_signal,無明確訊號,
20260706,3715,定穎投控,233,8,16549400.0,247800.0,16797200.0,22593000.0,325000.0,22918000.0,66.79,"revenue_breakout_low_response,revenue_pullback",營收爆發但股價尚未反應、營收成長股價回檔,mainstream_growth,mainstream_growth,,,no_signal,無明確訊號,
20260706,2059,川湖,153,16,16229390.0,459210.0,16688600.0,3582000.0,1742000.0,5324000.0,35.34,,,,,,,no_signal,無明確訊號,
20260706,6285,啟碁,211,19,16005890.0,258800.0,16264690.0,11852000.0,1574000.0,13426000.0,61.85,revenue_pullback,營收成長股價回檔,,,,,no_signal,無明確訊號,
20260706,8210,勤誠,170,4,16151340.0,2950.0,16154290.0,18195000.0,5000.0,18200000.0,5475.03,,,,,,,no_signal,無明確訊號,
20260706,2363,矽統,77,5,16040060.0,65590.0,16105650.0,11695000.0,41000.0,11736000.0,244.55,"pattern,revenue_pullback",型態觀察、營收成長股價回檔,,,,,no_signal,無明確訊號,
20260706,3533,嘉澤,153,3,15769140.0,56500.0,15825640.0,17220000.0,275000.0,17495000.0,279.1,,,,,,,no_signal,無明確訊號,
20260706,2467,志聖,56,0,15734960.0,0.0,15734960.0,10377000.0,0.0,10377000.0,,"pullback_rebound,range_rebound,revenue_pullback",回檔後短線轉強、區間內轉強 / 挑戰前高觀察、營收成長股價回檔,,,,,no_signal,無明確訊號,
20260706,0098,主動統一台股增長,66,9,14773170.0,777250.0,15550420.0,9616000.0,899000.0,10515000.0,19.01,,,,,,,no_signal,無明確訊號,
20260706,6805,富世達,144,3,13103400.0,0.0,13103400.0,19362000.0,0.0,19362000.0,,,,,,,,no_signal,無明確訊號,
20260706,2464,盟立,99,3,12871680.0,135470.0,13007150.0,7386000.0,76000.0,7462000.0,95.01,"pattern,revenue_pullback",型態觀察、營收成長股價回檔,,,,,no_signal,無明確訊號,
20260706,2474,可成,59,4,12157900.0,833350.0,12991250.0,10934000.0,655000.0,11589000.0,14.59,,,,,,,no_signal,無明確訊號,
20260706,6271,同欣電,107,0,12738620.0,0.0,12738620.0,5768000.0,0.0,5768000.0,,range_rebound,區間內轉強 / 挑戰前高觀察,,,,,no_signal,無明確訊號,
20260706,3035,智原,144,1,12451100.0,0.0,12451100.0,9784000.0,0.0,9784000.0,,pattern,型態觀察,,,,,no_signal,無明確訊號,
20260706,6472,保瑞,76,1,11896370.0,10900.0,11907270.0,11431000.0,10000.0,11441000.0,1091.41,,,,,,,no_signal,無明確訊號,
20260706,3231,緯創,206,15,11558420.0,337200.0,11895620.0,9757000.0,600000.0,10357000.0,34.28,revenue_pullback,營收成長股價回檔,,,,,no_signal,無明確訊號,
20260706,6672,騰輝電子-KY,21,1,11610670.0,0.0,11610670.0,5130000.0,0.0,5130000.0,,,,,,,,no_signal,無明確訊號,
20260706,3030,德律,153,7,10982760.0,0.0,10982760.0,9688000.0,0.0,9688000.0,,,,,,,,no_signal,無明確訊號,
20260706,4967,十銓,65,1,10254170.0,0.0,10254170.0,12718000.0,0.0,12718000.0,,"revenue_breakout_low_response,revenue_pullback",營收爆發但股價尚未反應、營收成長股價回檔,mainstream_growth,mainstream_growth,,,no_signal,無明確訊號,
20260706,4763,材料*-KY,46,1,10229950.0,0.0,10229950.0,10096000.0,0.0,10096000.0,,,,,,,,no_signal,無明確訊號,
20260706,2481,強茂,167,2,9451830.0,23320.0,9475150.0,3632000.0,22000.0,3654000.0,405.31,true_breakout,嚴格突破,,,,,no_signal,無明確訊號,
20260706,2395,研華,53,0,9358710.0,0.0,9358710.0,6879000.0,0.0,6879000.0,,pattern,型態觀察,,,,,no_signal,無明確訊號,
20260706,3563,牧德,125,7,9089550.0,20160.0,9109710.0,11091000.0,28000.0,11119000.0,450.87,pattern,型態觀察,,,,,no_signal,無明確訊號,
20260706,3673,TPK-KY,66,0,9097370.0,0.0,9097370.0,7207000.0,0.0,7207000.0,,pattern,型態觀察,,,,,no_signal,無明確訊號,
20260706,2351,順德,80,0,9029130.0,0.0,9029130.0,7532000.0,0.0,7532000.0,,range_rebound,區間內轉強 / 挑戰前高觀察,,,,,no_signal,無明確訊號,
20260706,0052,富邦科技,19,3,8983620.0,0.0,8983620.0,5761000.0,0.0,5761000.0,,pattern,型態觀察,,,,,no_signal,無明確訊號,
20260706,2406,國碩,14,0,8643050.0,0.0,8643050.0,6380000.0,0.0,6380000.0,,revenue_pullback,營收成長股價回檔,,,,,no_signal,無明確訊號,
20260706,3665,貿聯-KY,206,9,8403510.0,67680.0,8471190.0,11892000.0,118000.0,12010000.0,124.17,,,,,,,no_signal,無明確訊號,
20260706,2428,興勤,31,0,7712480.0,0.0,7712480.0,5895000.0,0.0,5895000.0,,true_breakout,嚴格突破,,,,,no_signal,無明確訊號,
20260706,3305,昇貿,94,1,7235650.0,0.0,7235650.0,10121000.0,0.0,10121000.0,,"revenue_breakout_low_response,revenue_pullback",營收爆發但股價尚未反應、營收成長股價回檔,mainstream_growth,mainstream_growth,,,no_signal,無明確訊號,
20260706,3706,神達,96,2,6830400.0,0.0,6830400.0,8981000.0,0.0,8981000.0,,revenue_pullback,營收成長股價回檔,,,,,no_signal,無明確訊號,
20260706,3037,欣興,177,31,6740570.0,42400.0,6782970.0,1595000.0,765000.0,2360000.0,158.98,"pattern,revenue_pullback",型態觀察、營收成長股價回檔,,,,,no_signal,無明確訊號,
20260706,2887,台新新光金,27,0,6725000.0,0.0,6725000.0,4883000.0,0.0,4883000.0,,"pattern,revenue_pullback",型態觀察、營收成長股價回檔,,,,,no_signal,無明確訊號,
20260706,2375,凱美,29,0,6579650.0,0.0,6579650.0,2232000.0,0.0,2232000.0,,,,,,,,no_signal,無明確訊號,
20260706,6789,采鈺,89,0,6511990.0,0.0,6511990.0,4767000.0,0.0,4767000.0,,pattern,型態觀察,,,,,no_signal,無明確訊號,
20260706,1708,東鹼,31,0,6428370.0,0.0,6428370.0,2866000.0,0.0,2866000.0,,,,,,,,no_signal,無明確訊號,
20260706,1802,台玻,121,16,5862380.0,413380.0,6275760.0,4971000.0,481000.0,5452000.0,14.18,pattern,型態觀察,,,,,no_signal,無明確訊號,
20260706,6196,帆宣,78,1,6222340.0,0.0,6222340.0,4681000.0,0.0,4681000.0,,revenue_pullback,營收成長股價回檔,,,,,no_signal,無明確訊號,
20260706,6191,精成科,59,3,6187370.0,2250.0,6189620.0,7852000.0,15000.0,7867000.0,2749.94,,,,,,,no_signal,無明確訊號,
20260706,6706,惠特,89,4,6019730.0,7170.0,6026900.0,8507000.0,15000.0,8522000.0,839.57,,,,,,,no_signal,無明確訊號,
20260706,2357,華碩,88,5,5969250.0,4280.0,5973530.0,8104000.0,3000.0,8107000.0,1394.68,,,,,,,no_signal,無明確訊號,
20260706,6202,盛群,23,0,5930430.0,0.0,5930430.0,4742000.0,0.0,4742000.0,,,,,,,,no_signal,無明確訊號,
20260706,3016,嘉晶,40,3,5401890.0,496960.0,5898850.0,2693000.0,1587000.0,4280000.0,10.87,"pattern,revenue_pullback",型態觀察、營收成長股價回檔,,,,,no_signal,無明確訊號,
20260706,3044,健鼎,73,2,5868080.0,0.0,5868080.0,5357000.0,0.0,5357000.0,,"pattern,revenue_pullback",型態觀察、營收成長股價回檔,,,,,no_signal,無明確訊號,
20260706,8016,矽創,34,0,5719470.0,0.0,5719470.0,3102000.0,0.0,3102000.0,,,,,,,,no_signal,無明確訊號,
20260706,2383,台光電,97,11,5646530.0,40260.0,5686790.0,879000.0,792000.0,1671000.0,140.25,"pattern,revenue_pullback",型態觀察、營收成長股價回檔,,,,,no_signal,無明確訊號,
20260706,6526,達發,41,1,5538020.0,0.0,5538020.0,4418000.0,0.0,4418000.0,,,,,,,,no_signal,無明確訊號,
20260706,1560,中砂,133,10,5244870.0,200030.0,5444900.0,2726000.0,1109000.0,3835000.0,26.22,,,,,,,no_signal,無明確訊號,
20260706,6278,台表科,31,0,5362150.0,0.0,5362150.0,4212000.0,0.0,4212000.0,,,,,,,,no_signal,無明確訊號,
20260706,2376,技嘉,125,0,5271300.0,0.0,5271300.0,5149000.0,0.0,5149000.0,,,,,,,,no_signal,無明確訊號,
20260706,6944,兆聯實業,87,5,5147210.0,0.0,5147210.0,4922000.0,0.0,4922000.0,,,,,,,,no_signal,無明確訊號,
20260706,3034,聯詠,89,7,5031740.0,0.0,5031740.0,3057000.0,0.0,3057000.0,,,,,,,,no_signal,無明確訊號,
20260706,8261,富鼎,85,0,4857920.0,0.0,4857920.0,1254000.0,0.0,1254000.0,,,,,,,,no_signal,無明確訊號,
20260706,2369,菱生,61,0,4816860.0,0.0,4816860.0,2420000.0,0.0,2420000.0,,pattern,型態觀察,,,,,no_signal,無明確訊號,
20260706,2379,瑞昱,91,1,4754290.0,16300.0,4770590.0,4091000.0,10000.0,4101000.0,291.67,pattern,型態觀察,,,,,no_signal,無明確訊號,
20260706,2340,台亞,24,0,4660750.0,0.0,4660750.0,3101000.0,0.0,3101000.0,,pattern,型態觀察,,,,,no_signal,無明確訊號,
20260706,0066,國泰臺灣加權反1,110,22,4332270.0,190300.0,4522570.0,7883000.0,218000.0,8101000.0,22.77,,,,,,,no_signal,無明確訊號,
20260706,6531,愛普*,73,3,4476480.0,4650.0,4481130.0,734000.0,20000.0,754000.0,962.68,revenue_pullback,營收成長股價回檔,,,,,no_signal,無明確訊號,
20260706,0073,期元大道瓊白銀(原名：元大道瓊白銀),243,42,3918760.0,517240.0,4436000.0,6089000.0,711000.0,6800000.0,7.58,,,,,,,no_signal,無明確訊號,
20260706,2881,富邦金,33,0,4130930.0,0.0,4130930.0,2748000.0,0.0,2748000.0,,"pattern,revenue_pullback",型態觀察、營收成長股價回檔,,,,,no_signal,無明確訊號,
20260706,3376,新日興,112,4,4091460.0,3980.0,4095440.0,5307000.0,3000.0,5310000.0,1028.01,,,,,,,no_signal,無明確訊號,
20260706,4722,國精化,49,2,4073240.0,0.0,4073240.0,2268000.0,0.0,2268000.0,,pattern,型態觀察,,,,,no_signal,無明確訊號,
20260706,3036,文曄,73,1,4069260.0,0.0,4069260.0,5833000.0,0.0,5833000.0,,"revenue_breakout_low_response,revenue_pullback",營收爆發但股價尚未反應、營收成長股價回檔,mainstream_growth,mainstream_growth,,,no_signal,無明確訊號,
20260706,1590,亞德客-KY,43,0,4025770.0,0.0,4025770.0,5600000.0,0.0,5600000.0,,,,,,,,no_signal,無明確訊號,
20260706,2458,義隆,38,0,4005200.0,0.0,4005200.0,3218000.0,0.0,3218000.0,,pattern,型態觀察,,,,,no_signal,無明確訊號,
20260706,5234,達興材料,58,2,3971000.0,5280.0,3976280.0,4671000.0,2000.0,4673000.0,752.08,,,,,,,no_signal,無明確訊號,
20260706,2421,建準,74,1,3969150.0,0.0,3969150.0,5325000.0,0.0,5325000.0,,,,,,,,no_signal,無明確訊號,
20260706,2352,佳世達,22,2,3966030.0,0.0,3966030.0,2650000.0,0.0,2650000.0,,range_rebound,區間內轉強 / 挑戰前高觀察,,,,,no_signal,無明確訊號,
20260706,3023,信邦,17,0,3850400.0,0.0,3850400.0,3517000.0,0.0,3517000.0,,pattern,型態觀察,,,,,no_signal,無明確訊號,
20260706,0065,復華香港正2,58,7,3282860.0,564020.0,3846880.0,5472000.0,364000.0,5836000.0,5.82,,,,,,,no_signal,無明確訊號,
20260706,3596,智易,14,0,3755070.0,0.0,3755070.0,3924000.0,0.0,3924000.0,,pattern,型態觀察,,,,,no_signal,無明確訊號,
20260706,3702,大聯大,28,0,3571680.0,0.0,3571680.0,4124000.0,0.0,4124000.0,,"pattern,revenue_pullback",型態觀察、營收成長股價回檔,,,,,no_signal,無明確訊號,
20260706,4906,正文,48,0,3540350.0,0.0,3540350.0,3533000.0,0.0,3533000.0,,pattern,型態觀察,,,,,no_signal,無明確訊號,
20260706,2374,佳能,79,0,3394330.0,0.0,3394330.0,5733000.0,0.0,5733000.0,,"pattern,revenue_pullback",型態觀察、營收成長股價回檔,,,,,no_signal,無明確訊號,
20260706,5284,jpp-KY,70,1,3274930.0,108000.0,3382930.0,3430000.0,90000.0,3520000.0,30.32,,,,,,,no_signal,無明確訊號,
20260706,2402,毅嘉,88,9,3308060.0,0.0,3308060.0,4205000.0,0.0,4205000.0,,pattern,型態觀察,,,,,no_signal,無明確訊號,
20260706,2367,燿華,99,3,2370230.0,855290.0,3225520.0,4316000.0,1742000.0,6058000.0,2.77,,,,,,,no_signal,無明確訊號,
20260706,3033,威健,32,0,3172950.0,0.0,3172950.0,2993000.0,0.0,2993000.0,,revenue_pullback,營收成長股價回檔,,,,,no_signal,無明確訊號,
20260706,3413,京鼎,36,0,3132370.0,0.0,3132370.0,2287000.0,0.0,2287000.0,,,,,,,,no_signal,無明確訊號,
20260706,0083,國泰費城半導體,23,14,2990190.0,123330.0,3113520.0,1522000.0,321000.0,1843000.0,24.25,,,,,,,no_signal,無明確訊號,
20260706,1304,台聚,45,4,3069580.0,6510.0,3076090.0,3862000.0,3000.0,3865000.0,471.52,range_rebound,區間內轉強 / 挑戰前高觀察,,,,,no_signal,無明確訊號,
20260706,6412,群電,29,0,2966150.0,0.0,2966150.0,3058000.0,0.0,3058000.0,,,,,,,,no_signal,無明確訊號,
20260706,6438,迅得,35,0,2882060.0,0.0,2882060.0,5673000.0,0.0,5673000.0,,,,,,,,no_signal,無明確訊號,
20260706,6691,洋基工程,60,0,2691400.0,0.0,2691400.0,2874000.0,0.0,2874000.0,,"pattern,revenue_breakout_low_response,revenue_pullback",型態觀察、營收爆發但股價尚未反應、營收成長股價回檔,mainstream_growth,mainstream_growth,,,no_signal,無明確訊號,
20260706,3189,景碩,123,11,2625910.0,56040.0,2681950.0,688000.0,505000.0,1193000.0,46.86,revenue_pullback,營收成長股價回檔,,,,,no_signal,無明確訊號,
20260706,5285,界霖,1,0,2622080.0,0.0,2622080.0,1403000.0,0.0,1403000.0,,range_rebound,區間內轉強 / 挑戰前高觀察,,,,,no_signal,無明確訊號,
20260706,3443,創意,57,10,2602240.0,160.0,2602400.0,822000.0,2000.0,824000.0,16264.0,revenue_pullback,營收成長股價回檔,,,,,no_signal,無明確訊號,
20260706,2882,國泰金,41,2,2465560.0,80230.0,2545790.0,2352000.0,192000.0,2544000.0,30.73,revenue_pullback,營收成長股價回檔,,,,,no_signal,無明確訊號,
20260706,3013,晟銘電,71,0,2540470.0,0.0,2540470.0,5221000.0,0.0,5221000.0,,,,,,,,no_signal,無明確訊號,
20260706,6209,今國光,57,0,2448880.0,0.0,2448880.0,2493000.0,0.0,2493000.0,,"pattern,revenue_breakout_low_response,revenue_pullback",型態觀察、營收爆發但股價尚未反應、營收成長股價回檔,mainstream_growth,mainstream_growth,,,no_signal,無明確訊號,
20260706,9105,泰金寶-DR,22,0,2322490.0,0.0,2322490.0,3121000.0,0.0,3121000.0,,,,,,,,no_signal,無明確訊號,
20260706,4977,眾達-KY,105,7,2244050.0,67660.0,2311710.0,3526000.0,42000.0,3568000.0,33.17,,,,,,,no_signal,無明確訊號,
20260706,7750,新代,32,0,2289610.0,0.0,2289610.0,1570000.0,0.0,1570000.0,,,,,,,,no_signal,無明確訊號,
20260706,2605,新興,68,4,2256150.0,490.0,2256640.0,3853000.0,1000.0,3854000.0,4604.39,,,,,,,no_signal,無明確訊號,
20260706,8110,華東,36,6,2159060.0,0.0,2159060.0,2117000.0,0.0,2117000.0,,pattern,型態觀察,,,,,no_signal,無明確訊號,
20260706,4766,南寶,28,0,2086950.0,0.0,2086950.0,2306000.0,0.0,2306000.0,,,,,,,,no_signal,無明確訊號,
20260706,2355,敬鵬,80,0,2075760.0,0.0,2075760.0,2417000.0,0.0,2417000.0,,,,,,,,no_signal,無明確訊號,
20260706,8271,宇瞻,56,8,1753290.0,263120.0,2016410.0,1283000.0,1008000.0,2291000.0,6.66,revenue_pullback,營收成長股價回檔,,,,,no_signal,無明確訊號,
20260706,0064,期元大S&P石油(原名：元大S&P石油),98,31,1518960.0,488110.0,2007070.0,2797000.0,685000.0,3482000.0,3.11,,,,,,,no_signal,無明確訊號,
20260706,2486,一詮,34,2,2003450.0,100.0,2003550.0,738000.0,10000.0,748000.0,20034.5,"pattern,revenue_pullback",型態觀察、營收成長股價回檔,,,,,no_signal,無明確訊號,
20260706,2371,大同,55,2,1997370.0,0.0,1997370.0,2955000.0,0.0,2955000.0,,,,,,,,no_signal,無明確訊號,
20260706,5469,瀚宇博,46,0,1943390.0,0.0,1943390.0,2711000.0,0.0,2711000.0,,pattern,型態觀察,,,,,no_signal,無明確訊號,
20260706,3416,融程電,14,0,1910040.0,0.0,1910040.0,2090000.0,0.0,2090000.0,,,,,,,,no_signal,無明確訊號,
20260706,1710,東聯,16,0,1877170.0,0.0,1877170.0,1047000.0,0.0,1047000.0,,range_rebound,區間內轉強 / 挑戰前高觀察,,,,,no_signal,無明確訊號,
20260706,6451,訊芯-KY,47,3,1714060.0,148300.0,1862360.0,371000.0,620000.0,991000.0,11.56,,,,,,,no_signal,無明確訊號,
20260706,3055,蔚華科,15,0,1778610.0,0.0,1778610.0,610000.0,0.0,610000.0,,,,,,,,no_signal,無明確訊號,
20260706,6215,和椿,26,0,1743880.0,0.0,1743880.0,3782000.0,0.0,3782000.0,,"range_rebound,revenue_pullback",區間內轉強 / 挑戰前高觀察、營收成長股價回檔,,,,,no_signal,無明確訊號,
20260706,4919,新唐,80,0,1742160.0,0.0,1742160.0,982000.0,0.0,982000.0,,,,,,,,no_signal,無明確訊號,
20260706,6449,鈺邦,32,0,1728660.0,0.0,1728660.0,632000.0,0.0,632000.0,,,,,,,,no_signal,無明確訊號,
20260706,0027,電子類,12,13,917890.0,796070.0,1713960.0,551000.0,751000.0,1302000.0,1.15,,,,,,,no_signal,無明確訊號,
20260706,2360,致茂,42,2,1697330.0,0.0,1697330.0,757000.0,0.0,757000.0,,revenue_pullback,營收成長股價回檔,,,,,no_signal,無明確訊號,
20260706,2388,威盛,68,5,1687700.0,1920.0,1689620.0,1752000.0,2000.0,1754000.0,879.01,"revenue_breakout_low_response,revenue_pullback",營收爆發但股價尚未反應、營收成長股價回檔,mainstream_growth,mainstream_growth,,,no_signal,無明確訊號,
20260706,2492,華新科,98,0,1645550.0,0.0,1645550.0,187000.0,0.0,187000.0,,,,,,,,no_signal,無明確訊號,
20260706,6415,矽力*-KY,81,1,1555140.0,0.0,1555140.0,300000.0,0.0,300000.0,,revenue_pullback,營收成長股價回檔,,,,,no_signal,無明確訊號,
20260706,3022,威強電,11,0,1537180.0,0.0,1537180.0,1238000.0,0.0,1238000.0,,revenue_breakout_low_response,營收爆發但股價尚未反應,mainstream_growth,mainstream_growth,,,no_signal,無明確訊號,
20260706,2610,華航,33,0,1421400.0,0.0,1421400.0,1042000.0,0.0,1042000.0,,"pattern,revenue_pullback",型態觀察、營收成長股價回檔,,,,,no_signal,無明確訊號,
20260706,2233,宇隆,46,1,1354970.0,0.0,1354970.0,1275000.0,0.0,1275000.0,,,,,,,,no_signal,無明確訊號,
20260706,1476,儒鴻,16,0,1295180.0,0.0,1295180.0,1091000.0,0.0,1091000.0,,,,,,,,no_signal,無明確訊號,
20260706,2236,百達-KY,1,0,1293700.0,0.0,1293700.0,1048000.0,0.0,1048000.0,,,,,,,,no_signal,無明確訊號,
20260706,3028,增你強,26,0,1232640.0,0.0,1232640.0,1106000.0,0.0,1106000.0,,"pattern,revenue_pullback",型態觀察、營收成長股價回檔,,,,,no_signal,無明確訊號,
20260706,3014,聯陽,17,0,1230430.0,0.0,1230430.0,1256000.0,0.0,1256000.0,,pattern,型態觀察,,,,,no_signal,無明確訊號,
20260706,3090,日電貿,61,0,1229160.0,0.0,1229160.0,293000.0,0.0,293000.0,,,,,,,,no_signal,無明確訊號,
20260706,3592,瑞鼎,9,0,1204360.0,0.0,1204360.0,1000000.0,0.0,1000000.0,,,,,,,,no_signal,無明確訊號,
20260706,1597,直得,17,0,1161800.0,0.0,1161800.0,1161000.0,0.0,1161000.0,,revenue_pullback,營收成長股價回檔,,,,,no_signal,無明確訊號,
20260706,5471,松翰,5,0,1160870.0,0.0,1160870.0,717000.0,0.0,717000.0,,range_rebound,區間內轉強 / 挑戰前高觀察,,,,,no_signal,無明確訊號,
20260706,6116,彩晶,31,1,1154340.0,0.0,1154340.0,620000.0,0.0,620000.0,,pattern,型態觀察,,,,,no_signal,無明確訊號,
20260706,3617,碩天,5,0,1125720.0,0.0,1125720.0,921000.0,0.0,921000.0,,,,,,,,no_signal,無明確訊號,
20260706,2485,兆赫,43,2,1078350.0,44330.0,1122680.0,2738000.0,36000.0,2774000.0,24.33,,,,,,,no_signal,無明確訊號,
20260706,6214,精誠,6,0,1082970.0,0.0,1082970.0,828000.0,0.0,828000.0,,revenue_pullback,營收成長股價回檔,,,,,no_signal,無明確訊號,
20260706,1319,東陽,19,0,1076430.0,0.0,1076430.0,971000.0,0.0,971000.0,,,,,,,,no_signal,無明確訊號,
20260706,8114,振樺電,16,0,991850.0,0.0,991850.0,838000.0,0.0,838000.0,,,,,,,,no_signal,無明確訊號,
20260706,9945,潤泰新,11,0,948120.0,0.0,948120.0,801000.0,0.0,801000.0,,"revenue_breakout_low_response,revenue_pullback",營收爆發但股價尚未反應、營收成長股價回檔,neutral,neutral,,,no_signal,無明確訊號,
20260706,0075,中信中國50正2,26,1,945600.0,0.0,945600.0,2067000.0,0.0,2067000.0,,,,,,,,no_signal,無明確訊號,
20260706,4585,達明,23,0,929470.0,0.0,929470.0,1837000.0,0.0,1837000.0,,,,,,,,no_signal,無明確訊號,
20260706,6206,飛捷,13,0,928590.0,0.0,928590.0,1377000.0,0.0,1377000.0,,,,,,,,no_signal,無明確訊號,
20260706,9939,宏全,7,0,922890.0,0.0,922890.0,542000.0,0.0,542000.0,,,,,,,,no_signal,無明確訊號,
20260706,2385,群光,13,0,857800.0,0.0,857800.0,1858000.0,0.0,1858000.0,,,,,,,,no_signal,無明確訊號,
20260706,2401,凌陽,24,0,854200.0,0.0,854200.0,616000.0,0.0,616000.0,,,,,,,,no_signal,無明確訊號,
20260706,3694,海華,6,0,824240.0,0.0,824240.0,494000.0,0.0,494000.0,,,,,,,,no_signal,無明確訊號,
20260706,3015,全漢,6,0,798380.0,0.0,798380.0,403000.0,0.0,403000.0,,true_breakout,嚴格突破,,,,,no_signal,無明確訊號,
20260706,7749,意騰-KY,18,0,792530.0,0.0,792530.0,1627000.0,0.0,1627000.0,,,,,,,,no_signal,無明確訊號,
20260706,4968,立積,31,3,771240.0,0.0,771240.0,743000.0,0.0,743000.0,,,,,,,,no_signal,無明確訊號,
20260706,2328,廣宇,54,1,754510.0,0.0,754510.0,1072000.0,0.0,1072000.0,,,,,,,,no_signal,無明確訊號,
20260706,4755,三福化,3,0,751350.0,0.0,751350.0,774000.0,0.0,774000.0,,range_rebound,區間內轉強 / 挑戰前高觀察,,,,,no_signal,無明確訊號,
20260706,1307,三芳,11,0,736910.0,0.0,736910.0,1265000.0,0.0,1265000.0,,,,,,,,no_signal,無明確訊號,
20260706,2347,聯強,8,0,702390.0,0.0,702390.0,681000.0,0.0,681000.0,,"pattern,revenue_breakout_low_response,revenue_pullback",型態觀察、營收爆發但股價尚未反應、營收成長股價回檔,mainstream_growth,mainstream_growth,,,no_signal,無明確訊號,
20260706,3645,達邁,28,0,699650.0,0.0,699650.0,578000.0,0.0,578000.0,,,,,,,,no_signal,無明確訊號,
20260706,9914,美利達,8,0,674960.0,0.0,674960.0,630000.0,0.0,630000.0,,,,,,,,no_signal,無明確訊號,
20260706,2104,國際中橡,3,0,635670.0,0.0,635670.0,947000.0,0.0,947000.0,,range_rebound,區間內轉強 / 挑戰前高觀察,,,,,no_signal,無明確訊號,
20260706,2892,第一金,6,0,631830.0,0.0,631830.0,414000.0,0.0,414000.0,,"pattern,revenue_pullback",型態觀察、營收成長股價回檔,,,,,no_signal,無明確訊號,
20260706,4916,事欣科,22,0,626200.0,0.0,626200.0,188000.0,0.0,188000.0,,revenue_pullback,營收成長股價回檔,,,,,no_signal,無明確訊號,
20260706,0071,期街口布蘭特正2,103,22,612810.0,990.0,613800.0,815000.0,2000.0,817000.0,619.0,,,,,,,no_signal,無明確訊號,
20260706,6890,來億-KY,13,0,595070.0,0.0,595070.0,270000.0,0.0,270000.0,,pattern,型態觀察,,,,,no_signal,無明確訊號,
20260706,6830,汎銓,22,2,492190.0,74300.0,566490.0,160000.0,183000.0,343000.0,6.62,,,,,,,no_signal,無明確訊號,
20260706,3135,凌航,4,0,559550.0,0.0,559550.0,650000.0,0.0,650000.0,,revenue_pullback,營收成長股價回檔,,,,,no_signal,無明確訊號,
20260706,2612,中航,13,1,545860.0,0.0,545860.0,742000.0,0.0,742000.0,,,,,,,,no_signal,無明確訊號,
20260706,2489,瑞軒,16,2,539710.0,0.0,539710.0,553000.0,0.0,553000.0,,,,,,,,no_signal,無明確訊號,
20260706,6782,視陽,3,0,539580.0,0.0,539580.0,1161000.0,0.0,1161000.0,,,,,,,,no_signal,無明確訊號,
20260706,3010,華立,12,0,535700.0,0.0,535700.0,811000.0,0.0,811000.0,,,,,,,,no_signal,無明確訊號,
20260706,1536,和大,21,0,519730.0,0.0,519730.0,613000.0,0.0,613000.0,,range_rebound,區間內轉強 / 挑戰前高觀察,,,,,no_signal,無明確訊號,
20260706,2886,兆豐金,4,0,504460.0,0.0,504460.0,431000.0,0.0,431000.0,,"pattern,revenue_pullback",型態觀察、營收成長股價回檔,,,,,no_signal,無明確訊號,
20260706,4583,台灣精銳,27,0,498260.0,0.0,498260.0,1033000.0,0.0,1033000.0,,,,,,,,no_signal,無明確訊號,
20260706,3138,耀登,6,0,484940.0,0.0,484940.0,1049000.0,0.0,1049000.0,,,,,,,,no_signal,無明確訊號,
20260706,2392,正崴,13,0,478340.0,0.0,478340.0,382000.0,0.0,382000.0,,,,,,,,no_signal,無明確訊號,
20260706,0068,元大美債20正2,80,7,477400.0,0.0,477400.0,1161000.0,0.0,1161000.0,,,,,,,,no_signal,無明確訊號,
20260706,1608,華榮,10,0,474970.0,0.0,474970.0,739000.0,0.0,739000.0,,range_rebound,區間內轉強 / 挑戰前高觀察,,,,,no_signal,無明確訊號,
20260706,4764,雙鍵,24,0,473290.0,0.0,473290.0,98000.0,0.0,98000.0,,,,,,,,no_signal,無明確訊號,
20260706,4526,東台,12,0,461750.0,0.0,461750.0,371000.0,0.0,371000.0,,,,,,,,no_signal,無明確訊號,
20260706,2548,華固,9,0,457470.0,0.0,457470.0,697000.0,0.0,697000.0,,,,,,,,no_signal,無明確訊號,
20260706,8499,鼎炫-KY,14,1,435760.0,0.0,435760.0,859000.0,0.0,859000.0,,,,,,,,no_signal,無明確訊號,
20260706,2201,裕隆,5,0,427520.0,0.0,427520.0,424000.0,0.0,424000.0,,range_rebound,區間內轉強 / 挑戰前高觀察,,,,,no_signal,無明確訊號,
20260706,8215,明基材,5,0,421800.0,0.0,421800.0,326000.0,0.0,326000.0,,pattern,型態觀察,,,,,no_signal,無明確訊號,
20260706,2497,怡利電,3,0,405590.0,0.0,405590.0,285000.0,0.0,285000.0,,range_rebound,區間內轉強 / 挑戰前高觀察,,,,,no_signal,無明確訊號,
20260706,5515,建國,4,0,399200.0,0.0,399200.0,499000.0,0.0,499000.0,,,,,,,,no_signal,無明確訊號,
20260706,8103,瀚荃,18,0,376990.0,0.0,376990.0,322000.0,0.0,322000.0,,,,,,,,no_signal,無明確訊號,
20260706,5222,全訊,10,0,370250.0,0.0,370250.0,2449000.0,0.0,2449000.0,,,,,,,,no_signal,無明確訊號,
20260706,3515,華擎,18,4,268410.0,90200.0,358610.0,326000.0,100000.0,426000.0,2.98,,,,,,,no_signal,無明確訊號,
20260706,6235,華孚,9,0,353970.0,0.0,353970.0,1038000.0,0.0,1038000.0,,range_rebound,區間內轉強 / 挑戰前高觀察,,,,,no_signal,無明確訊號,
20260706,9921,巨大,9,0,337170.0,0.0,337170.0,285000.0,0.0,285000.0,,pattern,型態觀察,,,,,no_signal,無明確訊號,
20260706,0069,期街口S&P黃豆,33,2,321730.0,0.0,321730.0,490000.0,0.0,490000.0,,,,,,,,no_signal,無明確訊號,
20260706,1618,合機,4,0,315660.0,0.0,315660.0,177000.0,0.0,177000.0,,"pattern,revenue_breakout_low_response",型態觀察、營收爆發但股價尚未反應,neutral,neutral,,,no_signal,無明確訊號,
20260706,3380,明泰,18,0,315060.0,0.0,315060.0,1212000.0,0.0,1212000.0,,,,,,,,no_signal,無明確訊號,
20260706,1623,大東電,1,0,303770.0,0.0,303770.0,217000.0,0.0,217000.0,,range_rebound,區間內轉強 / 挑戰前高觀察,,,,,no_signal,無明確訊號,
20260706,6155,鈞寶,6,0,299280.0,0.0,299280.0,365000.0,0.0,365000.0,,"pattern,revenue_pullback",型態觀察、營收成長股價回檔,,,,,no_signal,無明確訊號,
20260706,3029,零壹,9,0,266540.0,0.0,266540.0,923000.0,0.0,923000.0,,,,,,,,no_signal,無明確訊號,
20260706,0091,群益台灣精選高息,4,3,264300.0,0.0,264300.0,240000.0,0.0,240000.0,,,,,,,,no_signal,無明確訊號,
20260706,7711,永擎,5,0,259760.0,0.0,259760.0,343000.0,0.0,343000.0,,,,,,,,no_signal,無明確訊號,
20260706,2520,冠德,6,0,254100.0,0.0,254100.0,146000.0,0.0,146000.0,,"pattern,revenue_breakout_low_response,revenue_pullback",型態觀察、營收爆發但股價尚未反應、營收成長股價回檔,neutral,neutral,,,no_signal,無明確訊號,
20260706,5871,中租-KY,8,0,245620.0,0.0,245620.0,349000.0,0.0,349000.0,,,,,,,,no_signal,無明確訊號,
20260706,0067,期元大S&P黃金反1(原名：元大S&P黃金反1),61,16,195470.0,41930.0,237400.0,156000.0,38000.0,194000.0,4.66,,,,,,,no_signal,無明確訊號,
20260706,2515,中工,7,0,236180.0,0.0,236180.0,886000.0,0.0,886000.0,,revenue_pullback,營收成長股價回檔,,,,,no_signal,無明確訊號,
20260706,6873,泓德能源,22,0,236060.0,0.0,236060.0,199000.0,0.0,199000.0,,,,,,,,no_signal,無明確訊號,
20260706,5434,崇越,12,0,230230.0,0.0,230230.0,64000.0,0.0,64000.0,,pattern,型態觀察,,,,,no_signal,無明確訊號,
20260706,3545,敦泰,15,0,227100.0,0.0,227100.0,165000.0,0.0,165000.0,,pattern,型態觀察,,,,,no_signal,無明確訊號,
20260706,6189,豐藝,4,0,225260.0,0.0,225260.0,221000.0,0.0,221000.0,,,,,,,,no_signal,無明確訊號,
20260706,2393,億光,7,0,225240.0,0.0,225240.0,222000.0,0.0,222000.0,,range_rebound,區間內轉強 / 挑戰前高觀察,,,,,no_signal,無明確訊號,
20260706,2912,統一超,2,0,222130.0,0.0,222130.0,129000.0,0.0,129000.0,,range_rebound,區間內轉強 / 挑戰前高觀察,,,,,no_signal,無明確訊號,
20260706,2338,光罩,16,1,213680.0,0.0,213680.0,346000.0,0.0,346000.0,,,,,,,,no_signal,無明確訊號,
20260706,4571,鈞興-KY,12,1,204840.0,0.0,204840.0,233000.0,0.0,233000.0,,,,,,,,no_signal,無明確訊號,
20260706,4915,致伸,4,0,203060.0,0.0,203060.0,275000.0,0.0,275000.0,,,,,,,,no_signal,無明確訊號,
20260706,6515,穎崴,9,0,194700.0,0.0,194700.0,26000.0,0.0,26000.0,,,,,,,,no_signal,無明確訊號,
20260706,2365,昆盈,8,0,192310.0,0.0,192310.0,271000.0,0.0,271000.0,,revenue_pullback,營收成長股價回檔,,,,,no_signal,無明確訊號,
20260706,2851,中再保,2,0,188500.0,0.0,188500.0,130000.0,0.0,130000.0,,"pattern,revenue_pullback",型態觀察、營收成長股價回檔,,,,,no_signal,無明確訊號,
20260706,6442,光聖,4,0,168850.0,0.0,168850.0,32000.0,0.0,32000.0,,revenue_pullback,營收成長股價回檔,,,,,no_signal,無明確訊號,
20260706,4536,拓凱,2,0,164390.0,0.0,164390.0,199000.0,0.0,199000.0,,,,,,,,no_signal,無明確訊號,
20260706,6715,嘉基,10,0,163730.0,0.0,163730.0,211000.0,0.0,211000.0,,,,,,,,no_signal,無明確訊號,
20260706,2009,第一銅,24,0,161640.0,0.0,161640.0,699000.0,0.0,699000.0,,pattern,型態觀察,,,,,no_signal,無明確訊號,
20260706,2331,精英,19,0,158840.0,0.0,158840.0,196000.0,0.0,196000.0,,pattern,型態觀察,,,,,no_signal,無明確訊號,
20260706,3056,富華新,3,0,153290.0,0.0,153290.0,307000.0,0.0,307000.0,,pattern,型態觀察,,,,,no_signal,無明確訊號,
20260706,1727,中華化,6,0,150570.0,0.0,150570.0,69000.0,0.0,69000.0,,range_rebound,區間內轉強 / 挑戰前高觀察,,,,,no_signal,無明確訊號,
20260706,6994,富威電力,1,0,149940.0,0.0,149940.0,602000.0,0.0,602000.0,,,,,,,,no_signal,無明確訊號,
20260706,1582,信錦,41,1,144500.0,0.0,144500.0,701000.0,0.0,701000.0,,,,,,,,no_signal,無明確訊號,
20260706,1723,中碳,10,0,131090.0,0.0,131090.0,198000.0,0.0,198000.0,,,,,,,,no_signal,無明確訊號,
20260706,6605,帝寶,6,0,126280.0,0.0,126280.0,81000.0,0.0,81000.0,,,,,,,,no_signal,無明確訊號,
20260706,9904,寶成,8,0,124940.0,0.0,124940.0,269000.0,0.0,269000.0,,,,,,,,no_signal,無明確訊號,
20260706,9910,豐泰,1,0,121140.0,0.0,121140.0,99000.0,0.0,99000.0,,,,,,,,no_signal,無明確訊號,
20260706,0076,期街口道瓊銅,43,4,120060.0,0.0,120060.0,145000.0,0.0,145000.0,,,,,,,,no_signal,無明確訊號,
20260706,2006,東和鋼鐵,3,0,110060.0,0.0,110060.0,106000.0,0.0,106000.0,,,,,,,,no_signal,無明確訊號,
20260706,6869,雲豹能源,19,0,107810.0,0.0,107810.0,356000.0,0.0,356000.0,,,,,,,,no_signal,無明確訊號,
20260706,0056,元大高股息,2,0,107500.0,0.0,107500.0,78000.0,0.0,78000.0,,,,,,,,no_signal,無明確訊號,
20260706,4746,台耀,2,0,104820.0,0.0,104820.0,280000.0,0.0,280000.0,,range_rebound,區間內轉強 / 挑戰前高觀察,,,,,no_signal,無明確訊號,
20260706,6120,達運,8,0,99960.0,0.0,99960.0,170000.0,0.0,170000.0,,pattern,型態觀察,,,,,no_signal,無明確訊號,
20260706,0089,中信關鍵半導體,4,0,96100.0,0.0,96100.0,68000.0,0.0,68000.0,,,,,,,,no_signal,無明確訊號,
20260706,1102,亞泥,2,0,88570.0,0.0,88570.0,449000.0,0.0,449000.0,,pattern,型態觀察,,,,,no_signal,無明確訊號,
20260706,1522,堤維西,4,0,87160.0,0.0,87160.0,168000.0,0.0,168000.0,,,,,,,,no_signal,無明確訊號,
20260706,6166,凌華,4,0,85800.0,0.0,85800.0,90000.0,0.0,90000.0,,,,,,,,no_signal,無明確訊號,
20260706,2348,海悅,8,0,82100.0,0.0,82100.0,268000.0,0.0,268000.0,,,,,,,,no_signal,無明確訊號,
20260706,2617,台航,4,0,82000.0,0.0,82000.0,200000.0,0.0,200000.0,,,,,,,,no_signal,無明確訊號,
20260706,0092,復華台灣科技優息,5,0,81550.0,0.0,81550.0,16000.0,0.0,16000.0,,,,,,,,no_signal,無明確訊號,
20260706,3209,全科,7,0,81320.0,0.0,81320.0,66000.0,0.0,66000.0,,,,,,,,no_signal,無明確訊號,
20260706,6426,統新,1,0,79250.0,0.0,79250.0,55000.0,0.0,55000.0,,revenue_pullback,營收成長股價回檔,,,,,no_signal,無明確訊號,
20260706,8374,羅昇,10,0,76250.0,0.0,76250.0,166000.0,0.0,166000.0,,,,,,,,no_signal,無明確訊號,
20260706,2834,臺企銀,4,0,75970.0,0.0,75970.0,54000.0,0.0,54000.0,,pattern,型態觀察,,,,,no_signal,無明確訊號,
20260706,6177,達麗,6,0,74080.0,0.0,74080.0,311000.0,0.0,311000.0,,,,,,,,no_signal,無明確訊號,
20260706,2399,映泰,1,0,73750.0,0.0,73750.0,32000.0,0.0,32000.0,,range_rebound,區間內轉強 / 挑戰前高觀察,,,,,no_signal,無明確訊號,
20260706,0039,金融類,5,3,69990.0,3530.0,73520.0,42000.0,3000.0,45000.0,19.83,,,,,,,no_signal,無明確訊號,
20260706,4532,瑞智,4,0,72310.0,0.0,72310.0,296000.0,0.0,296000.0,,range_rebound,區間內轉強 / 挑戰前高觀察,,,,,no_signal,無明確訊號,
20260706,3003,健和興,4,0,71790.0,0.0,71790.0,52000.0,0.0,52000.0,,,,,,,,no_signal,無明確訊號,
20260706,2646,星宇航空,4,0,71580.0,0.0,71580.0,187000.0,0.0,187000.0,,"pattern,revenue_pullback",型態觀察、營收成長股價回檔,,,,,no_signal,無明確訊號,
20260706,9103,美德醫療-DR,2,0,69620.0,0.0,69620.0,88000.0,0.0,88000.0,,,,,,,,no_signal,無明確訊號,
20260706,0088,富邦越南,17,0,69060.0,0.0,69060.0,89000.0,0.0,89000.0,,,,,,,,no_signal,無明確訊號,
20260706,0085,國泰美國道瓊正2,5,5,53440.0,13870.0,67310.0,32000.0,39000.0,71000.0,3.85,,,,,,,no_signal,無明確訊號,
20260706,9938,百和,4,0,66930.0,0.0,66930.0,103000.0,0.0,103000.0,,,,,,,,no_signal,無明確訊號,
20260706,3312,弘憶股,8,0,63740.0,0.0,63740.0,95000.0,0.0,95000.0,,pattern,型態觀察,,,,,no_signal,無明確訊號,
20260706,2543,皇昌,21,0,58110.0,0.0,58110.0,147000.0,0.0,147000.0,,,,,,,,no_signal,無明確訊號,
20260706,3032,偉訓,8,0,56500.0,0.0,56500.0,42000.0,0.0,42000.0,,,,,,,,no_signal,無明確訊號,
20260706,3062,建漢,21,0,56340.0,0.0,56340.0,125000.0,0.0,125000.0,,,,,,,,no_signal,無明確訊號,
20260706,2412,中華電,2,0,52880.0,0.0,52880.0,46000.0,0.0,46000.0,,,,,,,,no_signal,無明確訊號,
20260706,7780,大研生醫*,6,0,48510.0,0.0,48510.0,1043000.0,0.0,1043000.0,,revenue_pullback,營收成長股價回檔,,,,,no_signal,無明確訊號,
20260706,2731,雄獅,9,0,47540.0,0.0,47540.0,123000.0,0.0,123000.0,,,,,,,,no_signal,無明確訊號,
20260706,8464,億豐,8,0,43090.0,0.0,43090.0,26000.0,0.0,26000.0,,,,,,,,no_signal,無明確訊號,
20260706,2727,王品,3,0,40420.0,0.0,40420.0,44000.0,0.0,44000.0,,,,,,,,no_signal,無明確訊號,
20260706,4770,上品,24,0,37200.0,0.0,37200.0,74000.0,0.0,74000.0,,,,,,,,no_signal,無明確訊號,
20260706,0062,富邦台50,2,1,29830.0,0.0,29830.0,15000.0,0.0,15000.0,,,,,,,,no_signal,無明確訊號,
20260706,2880,華南金,2,0,27720.0,0.0,27720.0,26000.0,0.0,26000.0,,"pattern,revenue_pullback",型態觀察、營收成長股價回檔,,,,,no_signal,無明確訊號,
20260706,7722,LINEPAY,10,0,27440.0,0.0,27440.0,21000.0,0.0,21000.0,,,,,,,,no_signal,無明確訊號,
20260706,2867,三商壽,2,0,21650.0,0.0,21650.0,31000.0,0.0,31000.0,,"pattern,revenue_pullback",型態觀察、營收成長股價回檔,,,,,no_signal,無明確訊號,
20260706,6112,邁達特,5,0,20320.0,0.0,20320.0,44000.0,0.0,44000.0,,,,,,,,no_signal,無明確訊號,
20260706,6670,復盛應用,6,0,17780.0,0.0,17780.0,14000.0,0.0,14000.0,,,,,,,,no_signal,無明確訊號,
20260706,8045,達運光電,1,0,14850.0,0.0,14850.0,57000.0,0.0,57000.0,,,,,,,,no_signal,無明確訊號,
20260706,6192,巨路,1,0,13600.0,0.0,13600.0,25000.0,0.0,25000.0,,,,,,,,no_signal,無明確訊號,
20260706,3701,大眾控,2,0,13260.0,0.0,13260.0,36000.0,0.0,36000.0,,,,,,,,no_signal,無明確訊號,
20260706,8478,東哥遊艇,5,0,12000.0,0.0,12000.0,80000.0,0.0,80000.0,,,,,,,,no_signal,無明確訊號,
20260706,6579,研揚,2,0,10800.0,0.0,10800.0,6000.0,0.0,6000.0,,,,,,,,no_signal,無明確訊號,
20260706,2034,允強,6,0,9480.0,0.0,9480.0,6000.0,0.0,6000.0,,pattern,型態觀察,,,,,no_signal,無明確訊號,
20260706,3045,台灣大,1,0,9300.0,0.0,9300.0,10000.0,0.0,10000.0,,,,,,,,no_signal,無明確訊號,
20260706,3049,精金,1,0,8610.0,0.0,8610.0,7000.0,0.0,7000.0,,,,,,,,no_signal,無明確訊號,
20260706,2332,友訊,1,0,8600.0,0.0,8600.0,80000.0,0.0,80000.0,,range_rebound,區間內轉強 / 挑戰前高觀察,,,,,no_signal,無明確訊號,
20260706,6533,晶心科,4,0,6660.0,0.0,6660.0,41000.0,0.0,41000.0,,,,,,,,no_signal,無明確訊號,
20260706,6957,裕慶-KY,1,0,6100.0,0.0,6100.0,25000.0,0.0,25000.0,,,,,,,,no_signal,無明確訊號,
20260706,8213,志超,3,0,6000.0,0.0,6000.0,10000.0,0.0,10000.0,,,,,,,,no_signal,無明確訊號,
20260706,2211,長榮鋼,5,0,5760.0,0.0,5760.0,18000.0,0.0,18000.0,,,,,,,,no_signal,無明確訊號,
20260706,4960,誠美材,4,0,5200.0,0.0,5200.0,10000.0,0.0,10000.0,,,,,,,,no_signal,無明確訊號,
20260706,1809,中釉,1,0,5100.0,0.0,5100.0,5000.0,0.0,5000.0,,pattern,型態觀察,,,,,no_signal,無明確訊號,
20260706,2101,南港,2,0,4890.0,0.0,4890.0,3000.0,0.0,3000.0,,"range_rebound,revenue_breakout_low_response,revenue_pullback",區間內轉強 / 挑戰前高觀察、營收爆發但股價尚未反應、營收成長股價回檔,cyclical_turnaround,cyclical_turnaround,,,no_signal,無明確訊號,
20260706,4771,望隼,1,0,4470.0,0.0,4470.0,3000.0,0.0,3000.0,,,,,,,,no_signal,無明確訊號,
20260706,2480,敦陽科,4,0,4320.0,0.0,4320.0,201000.0,0.0,201000.0,,,,,,,,no_signal,無明確訊號,
20260706,4142,國光生,1,0,3800.0,0.0,3800.0,10000.0,0.0,10000.0,,"range_rebound,revenue_pullback",區間內轉強 / 挑戰前高觀察、營收成長股價回檔,,,,,no_signal,無明確訊號,
20260706,2753,八方雲集,5,0,3700.0,0.0,3700.0,5000.0,0.0,5000.0,,,,,,,,no_signal,無明確訊號,
20260706,2072,世紀風電,3,0,3550.0,0.0,3550.0,5000.0,0.0,5000.0,,,,,,,,no_signal,無明確訊號,
20260706,6117,迎廣,4,0,2750.0,0.0,2750.0,5000.0,0.0,5000.0,,,,,,,,no_signal,無明確訊號,
20260706,1612,宏泰,5,0,2710.0,0.0,2710.0,3000.0,0.0,3000.0,,,,,,,,no_signal,無明確訊號,
20260706,2501,國建,1,0,2480.0,0.0,2480.0,2000.0,0.0,2000.0,,,,,,,,no_signal,無明確訊號,
20260706,3622,洋華,3,0,2460.0,0.0,2460.0,3000.0,0.0,3000.0,,,,,,,,no_signal,無明確訊號,
20260706,5225,東科-KY,1,0,1350.0,0.0,1350.0,3000.0,0.0,3000.0,,,,,,,,no_signal,無明確訊號,
20260706,2362,藍天,1,0,600.0,0.0,600.0,10000.0,0.0,10000.0,,pattern,型態觀察,,,,,no_signal,無明確訊號,
20260706,1903,士紙,3,0,590.0,0.0,590.0,3000.0,0.0,3000.0,,,,,,,,no_signal,無明確訊號,
20260706,3712,永崴投控,1,0,50.0,0.0,50.0,5000.0,0.0,5000.0,,range_rebound,區間內轉強 / 挑戰前高觀察,,,,,no_signal,無明確訊號,
20260706,1210,大成,1,0,0.0,0.0,0.0,0.0,0.0,0.0,,pattern,型態觀察,,,,,no_signal,無明確訊號,
20260706,1215,卜蜂,3,0,0.0,0.0,0.0,0.0,0.0,0.0,,,,,,,,no_signal,無明確訊號,
20260706,1442,名軒,1,0,0.0,0.0,0.0,0.0,0.0,0.0,,,,,,,,no_signal,無明確訊號,
20260706,1616,億泰,1,0,0.0,0.0,0.0,0.0,0.0,0.0,,range_rebound,區間內轉強 / 挑戰前高觀察,,,,,no_signal,無明確訊號,
20260706,1786,科妍,4,0,0.0,0.0,0.0,0.0,0.0,0.0,,,,,,,,no_signal,無明確訊號,
20260706,2031,新光鋼,1,0,0.0,0.0,0.0,0.0,0.0,0.0,,,,,,,,no_signal,無明確訊號,
20260706,2108,南帝,3,0,0.0,0.0,0.0,0.0,0.0,0.0,,,,,,,,no_signal,無明確訊號,
20260706,2228,劍麟,3,0,0.0,0.0,0.0,0.0,0.0,0.0,,,,,,,,no_signal,無明確訊號,
20260706,2420,新巨,2,0,0.0,0.0,0.0,0.0,0.0,0.0,,,,,,,,no_signal,無明確訊號,
20260706,2633,台灣高鐵,2,0,0.0,0.0,0.0,0.0,0.0,0.0,,pattern,型態觀察,,,,,no_signal,無明確訊號,
20260706,3705,永信,2,0,0.0,0.0,0.0,0.0,0.0,0.0,,,,,,,,no_signal,無明確訊號,
20260706,5288,豐祥-KY,3,0,0.0,0.0,0.0,0.0,0.0,0.0,,,,,,,,no_signal,無明確訊號,
20260706,5534,長虹,4,0,0.0,0.0,0.0,0.0,0.0,0.0,,,,,,,,no_signal,無明確訊號,
20260706,6230,尼得科超眾,2,0,0.0,0.0,0.0,0.0,0.0,0.0,,,,,,,,no_signal,無明確訊號,
20260706,6525,捷敏-KY,6,0,0.0,0.0,0.0,0.0,0.0,0.0,,true_breakout,嚴格突破,,,,,no_signal,無明確訊號,
20260706,6768,志強-KY,5,0,0.0,0.0,0.0,0.0,0.0,0.0,,,,,,,,no_signal,無明確訊號,
20260706,6923,中台,3,0,0.0,0.0,0.0,0.0,0.0,0.0,,,,,,,,no_signal,無明確訊號,
20260706,6933,AMAX-KY,1,0,0.0,0.0,0.0,0.0,0.0,0.0,,,,,,,,no_signal,無明確訊號,
20260706,8105,凌巨,4,0,0.0,0.0,0.0,0.0,0.0,0.0,,pattern,型態觀察,,,,,no_signal,無明確訊號,
20260706,8341,日友,1,0,0.0,0.0,0.0,0.0,0.0,0.0,,,,,,,,no_signal,無明確訊號,
20260706,8467,波力-KY,1,0,0.0,0.0,0.0,0.0,0.0,0.0,,,,,,,,no_signal,無明確訊號,
20260706,9136,巨騰-DR,1,0,0.0,0.0,0.0,0.0,0.0,0.0,,,,,,,,no_signal,無明確訊號,
20260706,9802,鈺齊-KY,1,0,0.0,0.0,0.0,0.0,0.0,0.0,,,,,,,,no_signal,無明確訊號,
20260706,9941,裕融,1,0,0.0,0.0,0.0,0.0,0.0,0.0,,pattern,型態觀察,,,,,no_signal,無明確訊號,
20260706,2330,台積電,909,195,146098090.0,2340100.0,148438190.0,92583000.0,5152000.0,97735000.0,62.43,"pattern,revenue_pullback",型態觀察、營收成長股價回檔,,,,,put_inflow,認售偏空,
20260706,3017,奇鋐,367,28,87584880.0,1040640.0,88625520.0,61364000.0,2691000.0,64055000.0,84.16,"pattern,revenue_pullback",型態觀察、營收成長股價回檔,,,,,put_inflow,認售偏空,
20260706,3661,世芯-KY,334,16,75772920.0,1298040.0,77070960.0,45849000.0,1731000.0,47580000.0,58.37,,,,,,,put_inflow,認售偏空,
20260706,0063,元大滬深300正2,668,182,53889870.0,7102700.0,60992570.0,46385000.0,8627000.0,55012000.0,7.59,,,,,,,put_inflow,認售偏空,
20260706,0001,臺股指數,402,429,40819390.0,18791330.0,59610720.0,19170000.0,20127000.0,39297000.0,2.17,,,,,,,put_inflow,認售偏空,
20260706,2368,金像電,244,20,51775890.0,2194520.0,53970410.0,50056000.0,2233000.0,52289000.0,23.59,revenue_pullback,營收成長股價回檔,,,,,put_inflow,認售偏空,
20260706,2313,華通,344,44,32838870.0,1901870.0,34740740.0,29111000.0,3421000.0,32532000.0,17.27,,,,,,,put_inflow,認售偏空,
20260706,6770,力積電,162,21,21679380.0,1051700.0,22731080.0,15934000.0,2155000.0,18089000.0,20.61,"pattern,revenue_breakout_low_response,revenue_pullback",型態觀察、營收爆發但股價尚未反應、營收成長股價回檔,mainstream_growth,mainstream_growth,,,put_inflow,認售偏空,
