research_id,artifact_version,source_research_id,source_artifact_version,advisory_status,model_id,condition_set_id,condition_set_label,selection_basis,selection_basis_label,baseline_event_count,sample_size,unique_stocks,stocks_with_multiple_events,suppressed_same_stock_overlap_count,overlap_pair_count,coverage_pct,win_count,neutral_count,loss_count,win_rate_pct,neutral_rate_pct,loss_rate_pct,avg_return_pct,median_return_pct,p10_return_pct,p90_return_pct,min_return_pct,max_return_pct,sample_status,interpretation,note,approved_for_daily,production_readiness,generated_at
volume_range_breakout_v2_overlap_sensitivity,volume_range_breakout_v2_overlap_sensitivity_20260708,volume_range_breakout_v2_deep_low_base_matrix,volume_range_breakout_v2_deep_low_base_matrix_20260708,warning_research_variant_only,volume_range_breakout,baseline_all,All v2 raw-market events,event_level_all_events,Event-level rows; repeated same-stock active windows are not suppressed.,811,811,434,201,0,332,100.0,425,4,382,52.4044,0.4932,47.1023,4.9629,1.3359,-14.7541,29.2017,-29.3651,91.0714,reviewable_sample,research_only_sensitivity_not_production_evidence,Current event-level v2 population.,False,not_production_ready_research_only,2026-07-08 21:32:56 Asia/Taipei
volume_range_breakout_v2_overlap_sensitivity,volume_range_breakout_v2_overlap_sensitivity_20260708,volume_range_breakout_v2_deep_low_base_matrix,volume_range_breakout_v2_deep_low_base_matrix_20260708,warning_research_variant_only,volume_range_breakout,baseline_all,All v2 raw-market events,first_event_per_stock,"First event per stock only; sensitivity check, not an operation rule.",811,434,434,0,377,0,53.5142,216,2,216,49.7696,0.4608,49.7696,3.3072,0.0,-13.5652,25.5854,-25.7143,91.0714,reviewable_sample,research_only_sensitivity_not_production_evidence,Current event-level v2 population.,False,not_production_ready_research_only,2026-07-08 21:32:56 Asia/Taipei
volume_range_breakout_v2_overlap_sensitivity,volume_range_breakout_v2_overlap_sensitivity_20260708,volume_range_breakout_v2_deep_low_base_matrix,volume_range_breakout_v2_deep_low_base_matrix_20260708,warning_research_variant_only,volume_range_breakout,baseline_all,All v2 raw-market events,same_stock_non_overlap,Accept one active trade per stock; later rows inside an accepted holding window are suppressed.,811,576,434,116,235,0,71.0234,292,3,281,50.6944,0.5208,48.7847,4.3175,0.5599,-13.7511,28.3195,-29.3651,91.0714,reviewable_sample,research_only_sensitivity_not_production_evidence,Current event-level v2 population.,False,not_production_ready_research_only,2026-07-08 21:32:56 Asia/Taipei
volume_range_breakout_v2_overlap_sensitivity,volume_range_breakout_v2_overlap_sensitivity_20260708,volume_range_breakout_v2_deep_low_base_matrix,volume_range_breakout_v2_deep_low_base_matrix_20260708,warning_research_variant_only,volume_range_breakout,off120_le40,Off 120d low <= 40%,event_level_all_events,Event-level rows; repeated same-stock active windows are not suppressed.,811,122,105,16,0,14,15.0432,42,0,80,34.4262,0.0,65.5738,0.1006,-4.6531,-14.5563,21.3584,-24.5464,68.1818,thin_but_reviewable_sample,research_only_sensitivity_not_production_evidence,Deep-low proxy requested by semantic audit.,False,not_production_ready_research_only,2026-07-08 21:32:56 Asia/Taipei
volume_range_breakout_v2_overlap_sensitivity,volume_range_breakout_v2_overlap_sensitivity_20260708,volume_range_breakout_v2_deep_low_base_matrix,volume_range_breakout_v2_deep_low_base_matrix_20260708,warning_research_variant_only,volume_range_breakout,off120_le40,Off 120d low <= 40%,first_event_per_stock,"First event per stock only; sensitivity check, not an operation rule.",811,105,105,0,17,0,12.947,36,0,69,34.2857,0.0,65.7143,-0.091,-4.127,-14.3653,18.8176,-24.5464,62.5698,thin_but_reviewable_sample,research_only_sensitivity_not_production_evidence,Deep-low proxy requested by semantic audit.,False,not_production_ready_research_only,2026-07-08 21:32:56 Asia/Taipei
volume_range_breakout_v2_overlap_sensitivity,volume_range_breakout_v2_overlap_sensitivity_20260708,volume_range_breakout_v2_deep_low_base_matrix,volume_range_breakout_v2_deep_low_base_matrix_20260708,warning_research_variant_only,volume_range_breakout,off120_le40,Off 120d low <= 40%,same_stock_non_overlap,Accept one active trade per stock; later rows inside an accepted holding window are suppressed.,811,109,105,4,13,0,13.4402,38,0,71,34.8624,0.0,65.1376,0.7205,-4.127,-14.234,22.2528,-24.5464,68.1818,thin_but_reviewable_sample,research_only_sensitivity_not_production_evidence,Deep-low proxy requested by semantic audit.,False,not_production_ready_research_only,2026-07-08 21:32:56 Asia/Taipei
volume_range_breakout_v2_overlap_sensitivity,volume_range_breakout_v2_overlap_sensitivity_20260708,volume_range_breakout_v2_deep_low_base_matrix,volume_range_breakout_v2_deep_low_base_matrix_20260708,warning_research_variant_only,volume_range_breakout,off240_le40,Off 240d low <= 40%,event_level_all_events,Event-level rows; repeated same-stock active windows are not suppressed.,811,22,22,0,0,0,2.7127,7,0,15,31.8182,0.0,68.1818,-0.6282,-3.521,-14.3994,18.2792,-19.9839,35.443,very_thin_sample,research_only_sensitivity_not_production_evidence,Longer deep-low proxy requested by semantic audit.,False,not_production_ready_research_only,2026-07-08 21:32:56 Asia/Taipei
volume_range_breakout_v2_overlap_sensitivity,volume_range_breakout_v2_overlap_sensitivity_20260708,volume_range_breakout_v2_deep_low_base_matrix,volume_range_breakout_v2_deep_low_base_matrix_20260708,warning_research_variant_only,volume_range_breakout,off240_le40,Off 240d low <= 40%,first_event_per_stock,"First event per stock only; sensitivity check, not an operation rule.",811,22,22,0,0,0,2.7127,7,0,15,31.8182,0.0,68.1818,-0.6282,-3.521,-14.3994,18.2792,-19.9839,35.443,very_thin_sample,research_only_sensitivity_not_production_evidence,Longer deep-low proxy requested by semantic audit.,False,not_production_ready_research_only,2026-07-08 21:32:56 Asia/Taipei
volume_range_breakout_v2_overlap_sensitivity,volume_range_breakout_v2_overlap_sensitivity_20260708,volume_range_breakout_v2_deep_low_base_matrix,volume_range_breakout_v2_deep_low_base_matrix_20260708,warning_research_variant_only,volume_range_breakout,off240_le40,Off 240d low <= 40%,same_stock_non_overlap,Accept one active trade per stock; later rows inside an accepted holding window are suppressed.,811,22,22,0,0,0,2.7127,7,0,15,31.8182,0.0,68.1818,-0.6282,-3.521,-14.3994,18.2792,-19.9839,35.443,very_thin_sample,research_only_sensitivity_not_production_evidence,Longer deep-low proxy requested by semantic audit.,False,not_production_ready_research_only,2026-07-08 21:32:56 Asia/Taipei
volume_range_breakout_v2_overlap_sensitivity,volume_range_breakout_v2_overlap_sensitivity_20260708,volume_range_breakout_v2_deep_low_base_matrix,volume_range_breakout_v2_deep_low_base_matrix_20260708,warning_research_variant_only,volume_range_breakout,range60_le25,60d range width <= 25%,event_level_all_events,Event-level rows; repeated same-stock active windows are not suppressed.,811,145,123,20,0,16,17.8792,60,0,85,41.3793,0.0,58.6207,1.1358,-2.682,-13.6895,21.6241,-21.5238,68.1818,thin_but_reviewable_sample,research_only_sensitivity_not_production_evidence,Narrow 60d consolidation proxy.,False,not_production_ready_research_only,2026-07-08 21:32:56 Asia/Taipei
volume_range_breakout_v2_overlap_sensitivity,volume_range_breakout_v2_overlap_sensitivity_20260708,volume_range_breakout_v2_deep_low_base_matrix,volume_range_breakout_v2_deep_low_base_matrix_20260708,warning_research_variant_only,volume_range_breakout,range60_le25,60d range width <= 25%,first_event_per_stock,"First event per stock only; sensitivity check, not an operation rule.",811,123,123,0,22,0,15.1665,51,0,72,41.4634,0.0,58.5366,1.0629,-2.6432,-12.9789,21.6271,-21.2,37.7282,thin_but_reviewable_sample,research_only_sensitivity_not_production_evidence,Narrow 60d consolidation proxy.,False,not_production_ready_research_only,2026-07-08 21:32:56 Asia/Taipei
volume_range_breakout_v2_overlap_sensitivity,volume_range_breakout_v2_overlap_sensitivity_20260708,volume_range_breakout_v2_deep_low_base_matrix,volume_range_breakout_v2_deep_low_base_matrix_20260708,warning_research_variant_only,volume_range_breakout,range60_le25,60d range width <= 25%,same_stock_non_overlap,Accept one active trade per stock; later rows inside an accepted holding window are suppressed.,811,129,123,6,16,0,15.9063,53,0,76,41.0853,0.0,58.9147,1.3625,-2.682,-13.219,22.2647,-21.2,68.1818,thin_but_reviewable_sample,research_only_sensitivity_not_production_evidence,Narrow 60d consolidation proxy.,False,not_production_ready_research_only,2026-07-08 21:32:56 Asia/Taipei
volume_range_breakout_v2_overlap_sensitivity,volume_range_breakout_v2_overlap_sensitivity_20260708,volume_range_breakout_v2_deep_low_base_matrix,volume_range_breakout_v2_deep_low_base_matrix_20260708,warning_research_variant_only,volume_range_breakout,range120_le25,120d range width <= 25%,event_level_all_events,Event-level rows; repeated same-stock active windows are not suppressed.,811,45,39,6,0,5,5.5487,13,0,32,28.8889,0.0,71.1111,-2.7502,-5.4449,-15.0848,14.5476,-19.4118,36.8807,thin_sample,research_only_sensitivity_not_production_evidence,Narrow 120d consolidation proxy.,False,not_production_ready_research_only,2026-07-08 21:32:56 Asia/Taipei
volume_range_breakout_v2_overlap_sensitivity,volume_range_breakout_v2_overlap_sensitivity_20260708,volume_range_breakout_v2_deep_low_base_matrix,volume_range_breakout_v2_deep_low_base_matrix_20260708,warning_research_variant_only,volume_range_breakout,range120_le25,120d range width <= 25%,first_event_per_stock,"First event per stock only; sensitivity check, not an operation rule.",811,39,39,0,6,0,4.8089,11,0,28,28.2051,0.0,71.7949,-2.2761,-5.3846,-14.5711,14.3611,-19.4118,36.8807,thin_sample,research_only_sensitivity_not_production_evidence,Narrow 120d consolidation proxy.,False,not_production_ready_research_only,2026-07-08 21:32:56 Asia/Taipei
volume_range_breakout_v2_overlap_sensitivity,volume_range_breakout_v2_overlap_sensitivity_20260708,volume_range_breakout_v2_deep_low_base_matrix,volume_range_breakout_v2_deep_low_base_matrix_20260708,warning_research_variant_only,volume_range_breakout,range120_le25,120d range width <= 25%,same_stock_non_overlap,Accept one active trade per stock; later rows inside an accepted holding window are suppressed.,811,40,39,1,5,0,4.9322,11,0,29,27.5,0.0,72.5,-2.5431,-5.4147,-14.5339,13.8472,-19.4118,36.8807,thin_sample,research_only_sensitivity_not_production_evidence,Narrow 120d consolidation proxy.,False,not_production_ready_research_only,2026-07-08 21:32:56 Asia/Taipei
volume_range_breakout_v2_overlap_sensitivity,volume_range_breakout_v2_overlap_sensitivity_20260708,volume_range_breakout_v2_deep_low_base_matrix,volume_range_breakout_v2_deep_low_base_matrix_20260708,warning_research_variant_only,volume_range_breakout,off120_le40_range60_le25,Off 120d low <= 40% and 60d range <= 25%,event_level_all_events,Event-level rows; repeated same-stock active windows are not suppressed.,811,85,73,12,0,9,10.4809,31,0,54,36.4706,0.0,63.5294,0.7762,-3.3019,-14.3653,22.3961,-19.9839,68.1818,thin_sample,research_only_sensitivity_not_production_evidence,Deep-low plus narrow-range proxy.,False,not_production_ready_research_only,2026-07-08 21:32:56 Asia/Taipei
volume_range_breakout_v2_overlap_sensitivity,volume_range_breakout_v2_overlap_sensitivity_20260708,volume_range_breakout_v2_deep_low_base_matrix,volume_range_breakout_v2_deep_low_base_matrix_20260708,warning_research_variant_only,volume_range_breakout,off120_le40_range60_le25,Off 120d low <= 40% and 60d range <= 25%,first_event_per_stock,"First event per stock only; sensitivity check, not an operation rule.",811,73,73,0,12,0,9.0012,27,0,46,36.9863,0.0,63.0137,0.5555,-2.8526,-14.0729,21.1017,-19.9839,37.7282,thin_sample,research_only_sensitivity_not_production_evidence,Deep-low plus narrow-range proxy.,False,not_production_ready_research_only,2026-07-08 21:32:56 Asia/Taipei
volume_range_breakout_v2_overlap_sensitivity,volume_range_breakout_v2_overlap_sensitivity_20260708,volume_range_breakout_v2_deep_low_base_matrix,volume_range_breakout_v2_deep_low_base_matrix_20260708,warning_research_variant_only,volume_range_breakout,off120_le40_range60_le25,Off 120d low <= 40% and 60d range <= 25%,same_stock_non_overlap,Accept one active trade per stock; later rows inside an accepted holding window are suppressed.,811,76,73,3,9,0,9.3711,28,0,48,36.8421,0.0,63.1579,1.1962,-2.8714,-13.9298,23.2092,-19.9839,68.1818,thin_sample,research_only_sensitivity_not_production_evidence,Deep-low plus narrow-range proxy.,False,not_production_ready_research_only,2026-07-08 21:32:56 Asia/Taipei
volume_range_breakout_v2_overlap_sensitivity,volume_range_breakout_v2_overlap_sensitivity_20260708,volume_range_breakout_v2_deep_low_base_matrix,volume_range_breakout_v2_deep_low_base_matrix_20260708,warning_research_variant_only,volume_range_breakout,off240_le40_range60_le25,Off 240d low <= 40% and 60d range <= 25%,event_level_all_events,Event-level rows; repeated same-stock active windows are not suppressed.,811,16,16,0,0,0,1.9729,6,0,10,37.5,0.0,62.5,1.8587,-2.7667,-10.5038,22.9429,-19.9839,35.443,very_thin_sample,research_only_sensitivity_not_production_evidence,Long-window deep-low plus narrow-range proxy.,False,not_production_ready_research_only,2026-07-08 21:32:56 Asia/Taipei
volume_range_breakout_v2_overlap_sensitivity,volume_range_breakout_v2_overlap_sensitivity_20260708,volume_range_breakout_v2_deep_low_base_matrix,volume_range_breakout_v2_deep_low_base_matrix_20260708,warning_research_variant_only,volume_range_breakout,off240_le40_range60_le25,Off 240d low <= 40% and 60d range <= 25%,first_event_per_stock,"First event per stock only; sensitivity check, not an operation rule.",811,16,16,0,0,0,1.9729,6,0,10,37.5,0.0,62.5,1.8587,-2.7667,-10.5038,22.9429,-19.9839,35.443,very_thin_sample,research_only_sensitivity_not_production_evidence,Long-window deep-low plus narrow-range proxy.,False,not_production_ready_research_only,2026-07-08 21:32:56 Asia/Taipei
volume_range_breakout_v2_overlap_sensitivity,volume_range_breakout_v2_overlap_sensitivity_20260708,volume_range_breakout_v2_deep_low_base_matrix,volume_range_breakout_v2_deep_low_base_matrix_20260708,warning_research_variant_only,volume_range_breakout,off240_le40_range60_le25,Off 240d low <= 40% and 60d range <= 25%,same_stock_non_overlap,Accept one active trade per stock; later rows inside an accepted holding window are suppressed.,811,16,16,0,0,0,1.9729,6,0,10,37.5,0.0,62.5,1.8587,-2.7667,-10.5038,22.9429,-19.9839,35.443,very_thin_sample,research_only_sensitivity_not_production_evidence,Long-window deep-low plus narrow-range proxy.,False,not_production_ready_research_only,2026-07-08 21:32:56 Asia/Taipei
volume_range_breakout_v2_overlap_sensitivity,volume_range_breakout_v2_overlap_sensitivity_20260708,volume_range_breakout_v2_deep_low_base_matrix,volume_range_breakout_v2_deep_low_base_matrix_20260708,warning_research_variant_only,volume_range_breakout,limit_up_like,Limit-up-like signal candle,event_level_all_events,Event-level rows; repeated same-stock active windows are not suppressed.,811,602,344,148,0,228,74.2293,322,3,277,53.4884,0.4983,46.0133,5.4259,1.8198,-14.9735,31.9859,-29.3651,91.0714,reviewable_sample,research_only_sensitivity_not_production_evidence,Lock-limit behavior diagnostic.,False,not_production_ready_research_only,2026-07-08 21:32:56 Asia/Taipei
volume_range_breakout_v2_overlap_sensitivity,volume_range_breakout_v2_overlap_sensitivity_20260708,volume_range_breakout_v2_deep_low_base_matrix,volume_range_breakout_v2_deep_low_base_matrix_20260708,warning_research_variant_only,volume_range_breakout,limit_up_like,Limit-up-like signal candle,first_event_per_stock,"First event per stock only; sensitivity check, not an operation rule.",811,344,344,0,258,0,42.4168,181,2,161,52.6163,0.5814,46.8023,4.5831,1.2022,-13.6587,27.8934,-25.7143,91.0714,reviewable_sample,research_only_sensitivity_not_production_evidence,Lock-limit behavior diagnostic.,False,not_production_ready_research_only,2026-07-08 21:32:56 Asia/Taipei
volume_range_breakout_v2_overlap_sensitivity,volume_range_breakout_v2_overlap_sensitivity_20260708,volume_range_breakout_v2_deep_low_base_matrix,volume_range_breakout_v2_deep_low_base_matrix_20260708,warning_research_variant_only,volume_range_breakout,limit_up_like,Limit-up-like signal candle,same_stock_non_overlap,Accept one active trade per stock; later rows inside an accepted holding window are suppressed.,811,433,344,80,169,0,53.3909,229,2,202,52.8868,0.4619,46.6513,5.2504,1.6173,-13.7296,31.3879,-29.3651,91.0714,reviewable_sample,research_only_sensitivity_not_production_evidence,Lock-limit behavior diagnostic.,False,not_production_ready_research_only,2026-07-08 21:32:56 Asia/Taipei
volume_range_breakout_v2_overlap_sensitivity,volume_range_breakout_v2_overlap_sensitivity_20260708,volume_range_breakout_v2_deep_low_base_matrix,volume_range_breakout_v2_deep_low_base_matrix_20260708,warning_research_variant_only,volume_range_breakout,not_limit_up_like,Not limit-up-like signal candle,event_level_all_events,Event-level rows; repeated same-stock active windows are not suppressed.,811,209,168,34,0,22,25.7707,103,1,105,49.2823,0.4785,50.2392,3.6293,-0.4515,-13.2945,22.2515,-24.6057,81.3953,thin_but_reviewable_sample,research_only_sensitivity_not_production_evidence,Non-lock-limit diagnostic.,False,not_production_ready_research_only,2026-07-08 21:32:56 Asia/Taipei
volume_range_breakout_v2_overlap_sensitivity,volume_range_breakout_v2_overlap_sensitivity_20260708,volume_range_breakout_v2_deep_low_base_matrix,volume_range_breakout_v2_deep_low_base_matrix_20260708,warning_research_variant_only,volume_range_breakout,not_limit_up_like,Not limit-up-like signal candle,first_event_per_stock,"First event per stock only; sensitivity check, not an operation rule.",811,168,168,0,41,0,20.7152,78,1,89,46.4286,0.5952,52.9762,2.9844,-1.0073,-13.5826,22.2366,-22.2603,81.3953,thin_but_reviewable_sample,research_only_sensitivity_not_production_evidence,Non-lock-limit diagnostic.,False,not_production_ready_research_only,2026-07-08 21:32:56 Asia/Taipei
volume_range_breakout_v2_overlap_sensitivity,volume_range_breakout_v2_overlap_sensitivity_20260708,volume_range_breakout_v2_deep_low_base_matrix,volume_range_breakout_v2_deep_low_base_matrix_20260708,warning_research_variant_only,volume_range_breakout,not_limit_up_like,Not limit-up-like signal candle,same_stock_non_overlap,Accept one active trade per stock; later rows inside an accepted holding window are suppressed.,811,190,168,20,19,0,23.4279,91,1,98,47.8947,0.5263,51.5789,3.4292,-0.6475,-13.5289,22.7212,-24.6057,81.3953,thin_but_reviewable_sample,research_only_sensitivity_not_production_evidence,Non-lock-limit diagnostic.,False,not_production_ready_research_only,2026-07-08 21:32:56 Asia/Taipei
