research_id,source_research_id,source_parameter_set_id,research_variant_id,parameter_set_id,advisory_status,follow_through_scope_id,risk_penalty_rule_id,segment_id,stock_id,stock_name,signal_date,retest_entry_date,entry_price,exit_date,return_pct,max_close_return_pct,min_close_return_pct,outcome_result,follow_through_data_status,follow_through_unavailable_reason,close_return_1_session_pct,close_return_2_session_pct,close_return_3_session_pct,close_return_5_session_pct,max_close_return_1_session_pct,max_close_return_2_session_pct,max_close_return_3_session_pct,max_close_return_5_session_pct,min_close_return_1_session_pct,min_close_return_2_session_pct,min_close_return_3_session_pct,min_close_return_5_session_pct,first_close_ge_1pct_session,first_close_ge_1pct_date,first_close_ge_2pct_session,first_close_ge_2pct_date,first_close_ge_3pct_session,first_close_ge_3pct_date,first_close_ge_5pct_session,first_close_ge_5pct_date,weak_follow_through_5d_lt5pct,weak_follow_through_3d_lt3pct,early_adverse_3d_le_minus5pct,diagnostic_note,approved_for_daily,production_readiness,generated_at
structured_neckline_strict_45_90_follow_through_audit,structured_neckline_strict_45_90_review_packet,structured_neckline_strict_45_90_review_packet_20260629,warning_research_variant_only,structured_neckline_strict_45_90_follow_through_audit_20260629,warning_research_variant_only,post_entry_close_follow_through_diagnostic_grid,strict_45_90_non_bearish,low_position_le60_market_bull,6213,聯茂,20250522,20250527,90.3000,20250624,-2.8793,0.4430,-6.8660,loss,available,,-0.5537,-4.7619,-2.5471,-2.7685,-0.5537,-0.5537,-0.5537,-0.5537,-0.5537,-4.7619,-4.7619,-4.7619,,,,,,,,,true,true,false,future_known_post_entry_diagnostic_not_original_entry_filter,false,not_production_ready_research_only,2026-06-29 03:30:15 Asia/Taipei
structured_neckline_strict_45_90_follow_through_audit,structured_neckline_strict_45_90_review_packet,structured_neckline_strict_45_90_review_packet_20260629,warning_research_variant_only,structured_neckline_strict_45_90_follow_through_audit_20260629,warning_research_variant_only,post_entry_close_follow_through_diagnostic_grid,strict_45_90_non_bearish,low_position_le60_market_bull,2344,華邦電,20250618,20250627,21.2000,20250724,-18.1604,-0.2358,-19.1038,loss,available,,-0.2358,-4.9528,-6.3679,-6.8396,-0.2358,-0.2358,-0.2358,-0.2358,-0.2358,-4.9528,-6.3679,-7.7830,,,,,,,,,true,true,true,future_known_post_entry_diagnostic_not_original_entry_filter,false,not_production_ready_research_only,2026-06-29 03:30:15 Asia/Taipei
structured_neckline_strict_45_90_follow_through_audit,structured_neckline_strict_45_90_review_packet,structured_neckline_strict_45_90_review_packet_20260629,warning_research_variant_only,structured_neckline_strict_45_90_follow_through_audit_20260629,warning_research_variant_only,post_entry_close_follow_through_diagnostic_grid,strict_45_90_non_bearish,low_position_le60_market_bull,6139,亞翔,20250620,20250625,342.0000,20250722,-0.8772,0.8772,-13.5965,loss,available,,-1.1696,-2.3392,-9.5029,-9.2105,-1.1696,-1.1696,-1.1696,-1.1696,-1.1696,-2.3392,-9.5029,-10.3801,,,,,,,,,true,true,true,future_known_post_entry_diagnostic_not_original_entry_filter,false,not_production_ready_research_only,2026-06-29 03:30:15 Asia/Taipei
structured_neckline_strict_45_90_follow_through_audit,structured_neckline_strict_45_90_review_packet,structured_neckline_strict_45_90_review_packet_20260629,warning_research_variant_only,structured_neckline_strict_45_90_follow_through_audit_20260629,warning_research_variant_only,post_entry_close_follow_through_diagnostic_grid,strict_45_90_non_bearish,low_position_le60_market_bull,2867,三商壽,20250821,20250826,6.0400,20250926,-4.3046,2.9801,-7.9470,loss,available,,-3.6424,-4.4702,-6.2914,1.1589,-3.6424,-3.6424,-3.6424,1.1589,-3.6424,-4.4702,-6.2914,-7.9470,5,20250901,,,,,,,true,true,true,future_known_post_entry_diagnostic_not_original_entry_filter,false,not_production_ready_research_only,2026-06-29 03:30:15 Asia/Taipei
structured_neckline_strict_45_90_follow_through_audit,structured_neckline_strict_45_90_review_packet,structured_neckline_strict_45_90_review_packet_20260629,warning_research_variant_only,structured_neckline_strict_45_90_follow_through_audit_20260629,warning_research_variant_only,post_entry_close_follow_through_diagnostic_grid,strict_45_90_non_bearish,low_position_le60_market_bull,3047,訊舟,20250827,20250904,22.9500,20251009,-18.3007,-5.0109,-19.3900,loss,available,,-5.0109,-5.0109,-10.2397,-14.3791,-5.0109,-5.0109,-5.0109,-5.0109,-5.0109,-5.0109,-10.2397,-14.3791,,,,,,,,,true,true,true,future_known_post_entry_diagnostic_not_original_entry_filter,false,not_production_ready_research_only,2026-06-29 03:30:15 Asia/Taipei
structured_neckline_strict_45_90_follow_through_audit,structured_neckline_strict_45_90_review_packet,structured_neckline_strict_45_90_review_packet_20260629,warning_research_variant_only,structured_neckline_strict_45_90_follow_through_audit_20260629,warning_research_variant_only,post_entry_close_follow_through_diagnostic_grid,strict_45_90_non_bearish,low_position_le60_market_bull,2324,仁寶,20250917,20250925,35.2500,20251030,-3.9716,3.2624,-12.0567,loss,available,,3.2624,-5.2482,-8.0851,-7.3759,3.2624,3.2624,3.2624,3.2624,3.2624,-5.2482,-8.0851,-9.9291,1,20250925,1,20250925,1,20250925,,,true,false,true,future_known_post_entry_diagnostic_not_original_entry_filter,false,not_production_ready_research_only,2026-06-29 03:30:15 Asia/Taipei
structured_neckline_strict_45_90_follow_through_audit,structured_neckline_strict_45_90_review_packet,structured_neckline_strict_45_90_review_packet_20260629,warning_research_variant_only,structured_neckline_strict_45_90_follow_through_audit_20260629,warning_research_variant_only,post_entry_close_follow_through_diagnostic_grid,strict_45_90_non_bearish,low_position_le60_market_bull,2409,友達,20250917,20250926,14.0500,20251031,-13.5231,0.3559,-13.5231,loss,available,,-2.8470,-2.8470,-2.1352,-1.7794,-2.8470,-2.8470,-2.1352,-1.7794,-2.8470,-2.8470,-2.8470,-2.8470,,,,,,,,,true,true,false,future_known_post_entry_diagnostic_not_original_entry_filter,false,not_production_ready_research_only,2026-06-29 03:30:15 Asia/Taipei
structured_neckline_strict_45_90_follow_through_audit,structured_neckline_strict_45_90_review_packet,structured_neckline_strict_45_90_review_packet_20260629,warning_research_variant_only,structured_neckline_strict_45_90_follow_through_audit_20260629,warning_research_variant_only,post_entry_close_follow_through_diagnostic_grid,strict_45_90_non_bearish,low_position_le60_market_bull,9105,泰金寶-DR,20260114,20260120,6.6400,20260225,-8.1325,-1.8072,-11.2952,loss,available,,-1.8072,-4.0663,-4.2169,-7.3795,-1.8072,-1.8072,-1.8072,-1.8072,-1.8072,-4.0663,-4.2169,-7.5301,,,,,,,,,true,true,false,future_known_post_entry_diagnostic_not_original_entry_filter,false,not_production_ready_research_only,2026-06-29 03:30:15 Asia/Taipei
structured_neckline_strict_45_90_follow_through_audit,structured_neckline_strict_45_90_review_packet,structured_neckline_strict_45_90_review_packet_20260629,warning_research_variant_only,structured_neckline_strict_45_90_follow_through_audit_20260629,warning_research_variant_only,post_entry_close_follow_through_diagnostic_grid,strict_45_90_non_bearish,low_position_le60_market_bull,3019,亞光,20260126,20260129,165.0000,20260309,-25.4545,-0.9091,-25.4545,loss,available,,-4.2424,-0.9091,-10.0000,-6.0606,-4.2424,-0.9091,-0.9091,-0.9091,-4.2424,-4.2424,-10.0000,-10.0000,,,,,,,,,true,true,true,future_known_post_entry_diagnostic_not_original_entry_filter,false,not_production_ready_research_only,2026-06-29 03:30:15 Asia/Taipei
structured_neckline_strict_45_90_follow_through_audit,structured_neckline_strict_45_90_review_packet,structured_neckline_strict_45_90_review_packet_20260629,warning_research_variant_only,structured_neckline_strict_45_90_follow_through_audit_20260629,warning_research_variant_only,post_entry_close_follow_through_diagnostic_grid,strict_45_90_non_bearish,low_position_le60_market_bull,6290,良維,20260224,20260306,233.0000,20260402,-17.5966,3.4335,-17.8112,loss,available,,2.7897,-7.2961,-12.4464,-7.2961,2.7897,2.7897,2.7897,2.7897,2.7897,-7.2961,-12.4464,-12.4464,1,20260306,1,20260306,,,,,true,true,true,future_known_post_entry_diagnostic_not_original_entry_filter,false,not_production_ready_research_only,2026-06-29 03:30:15 Asia/Taipei
structured_neckline_strict_45_90_follow_through_audit,structured_neckline_strict_45_90_review_packet,structured_neckline_strict_45_90_review_packet_20260629,warning_research_variant_only,structured_neckline_strict_45_90_follow_through_audit_20260629,warning_research_variant_only,post_entry_close_follow_through_diagnostic_grid,strict_45_90_non_bearish,low_position_le60_market_bull,3260,威剛,20250217,20250226,87.7000,20250313,3.3067,6.0433,-3.5348,neutral,unavailable,entry_date_missing_from_stock_price_history,,,,,,,,,,,,,,,,,,,,,unknown,unknown,unknown,future_known_post_entry_diagnostic_not_original_entry_filter,false,not_production_ready_research_only,2026-06-29 03:30:15 Asia/Taipei
structured_neckline_strict_45_90_follow_through_audit,structured_neckline_strict_45_90_review_packet,structured_neckline_strict_45_90_review_packet_20260629,warning_research_variant_only,structured_neckline_strict_45_90_follow_through_audit_20260629,warning_research_variant_only,post_entry_close_follow_through_diagnostic_grid,strict_45_90_non_bearish,low_position_le60_market_bull,3017,奇鋐,20250604,20250611,704.0000,20250618,3.6932,8.3807,2.8409,neutral,available,,2.8409,7.8125,8.3807,7.5284,2.8409,7.8125,8.3807,8.3807,2.8409,2.8409,2.8409,2.8409,1,20250611,1,20250611,2,20250612,2,20250612,false,false,false,future_known_post_entry_diagnostic_not_original_entry_filter,false,not_production_ready_research_only,2026-06-29 03:30:15 Asia/Taipei
structured_neckline_strict_45_90_follow_through_audit,structured_neckline_strict_45_90_review_packet,structured_neckline_strict_45_90_review_packet_20260629,warning_research_variant_only,structured_neckline_strict_45_90_follow_through_audit_20260629,warning_research_variant_only,post_entry_close_follow_through_diagnostic_grid,strict_45_90_non_bearish,low_position_le60_market_bull,2368,金像電,20250630,20250707,299.5000,20250710,4.8414,7.8464,-0.5008,neutral,available,,-0.5008,5.3422,7.8464,3.6728,-0.5008,5.3422,7.8464,7.8464,-0.5008,-0.5008,-0.5008,-0.5008,2,20250708,2,20250708,2,20250708,2,20250708,false,false,false,future_known_post_entry_diagnostic_not_original_entry_filter,false,not_production_ready_research_only,2026-06-29 03:30:15 Asia/Taipei
structured_neckline_strict_45_90_follow_through_audit,structured_neckline_strict_45_90_review_packet,structured_neckline_strict_45_90_review_packet_20260629,warning_research_variant_only,structured_neckline_strict_45_90_follow_through_audit_20260629,warning_research_variant_only,post_entry_close_follow_through_diagnostic_grid,strict_45_90_non_bearish,low_position_le60_market_bull,2301,光寶科,20250703,20250710,116.0000,20250731,2.5862,8.6207,-0.8621,neutral,available,,1.2931,1.7241,-0.4310,0.8621,1.2931,1.7241,1.7241,1.7241,1.2931,1.2931,-0.4310,-0.4310,1,20250710,,,,,,,true,true,false,future_known_post_entry_diagnostic_not_original_entry_filter,false,not_production_ready_research_only,2026-06-29 03:30:15 Asia/Taipei
structured_neckline_strict_45_90_follow_through_audit,structured_neckline_strict_45_90_review_packet,structured_neckline_strict_45_90_review_packet_20260629,warning_research_variant_only,structured_neckline_strict_45_90_follow_through_audit_20260629,warning_research_variant_only,post_entry_close_follow_through_diagnostic_grid,strict_45_90_non_bearish,low_position_le60_market_bull,1313,聯成,20250716,20250724,10.2500,20250820,2.9268,7.8049,-6.4390,neutral,available,,-2.9268,-3.4146,1.9512,0.9756,-2.9268,-2.9268,1.9512,1.9512,-2.9268,-3.4146,-3.4146,-3.4146,3,20250728,,,,,,,true,true,false,future_known_post_entry_diagnostic_not_original_entry_filter,false,not_production_ready_research_only,2026-06-29 03:30:15 Asia/Taipei
structured_neckline_strict_45_90_follow_through_audit,structured_neckline_strict_45_90_review_packet,structured_neckline_strict_45_90_review_packet_20260629,warning_research_variant_only,structured_neckline_strict_45_90_follow_through_audit_20260629,warning_research_variant_only,post_entry_close_follow_through_diagnostic_grid,strict_45_90_non_bearish,low_position_le60_market_bull,1727,中華化,20250723,20250728,31.0000,20250729,3.2258,7.7419,3.2258,neutral,available,,7.7419,3.2258,7.0968,6.6129,7.7419,7.7419,7.7419,7.7419,7.7419,3.2258,3.2258,3.2258,1,20250728,1,20250728,1,20250728,1,20250728,false,false,false,future_known_post_entry_diagnostic_not_original_entry_filter,false,not_production_ready_research_only,2026-06-29 03:30:15 Asia/Taipei
structured_neckline_strict_45_90_follow_through_audit,structured_neckline_strict_45_90_review_packet,structured_neckline_strict_45_90_review_packet_20260629,warning_research_variant_only,structured_neckline_strict_45_90_follow_through_audit_20260629,warning_research_variant_only,post_entry_close_follow_through_diagnostic_grid,strict_45_90_non_bearish,low_position_le60_market_bull,2316,楠梓電,20250723,20250730,76.2000,20250804,2.6247,7.6115,-1.0499,neutral,available,,-1.0499,7.6115,5.9055,0.0000,-1.0499,7.6115,7.6115,7.6115,-1.0499,-1.0499,-1.0499,-1.0499,2,20250731,2,20250731,2,20250731,2,20250731,false,false,false,future_known_post_entry_diagnostic_not_original_entry_filter,false,not_production_ready_research_only,2026-06-29 03:30:15 Asia/Taipei
structured_neckline_strict_45_90_follow_through_audit,structured_neckline_strict_45_90_review_packet,structured_neckline_strict_45_90_review_packet_20260629,warning_research_variant_only,structured_neckline_strict_45_90_follow_through_audit_20260629,warning_research_variant_only,post_entry_close_follow_through_diagnostic_grid,strict_45_90_non_bearish,low_position_le60_market_bull,6706,惠特,20250918,20250930,83.9000,20251001,2.8605,6.3170,2.8605,neutral,available,,6.3170,2.8605,-2.2646,-5.4827,6.3170,6.3170,6.3170,6.3170,6.3170,2.8605,-2.2646,-5.4827,1,20250930,1,20250930,1,20250930,1,20250930,false,false,false,future_known_post_entry_diagnostic_not_original_entry_filter,false,not_production_ready_research_only,2026-06-29 03:30:15 Asia/Taipei
structured_neckline_strict_45_90_follow_through_audit,structured_neckline_strict_45_90_review_packet,structured_neckline_strict_45_90_review_packet_20260629,warning_research_variant_only,structured_neckline_strict_45_90_follow_through_audit_20260629,warning_research_variant_only,post_entry_close_follow_through_diagnostic_grid,strict_45_90_non_bearish,low_position_le60_market_bull,4904,遠傳,20250930,20251003,89.0000,20251027,3.8202,6.2921,0.0000,neutral,available,,0.0000,1.7978,2.4719,2.4719,0.0000,1.7978,2.4719,2.4719,0.0000,0.0000,0.0000,0.0000,2,20251007,3,20251008,,,,,true,true,false,future_known_post_entry_diagnostic_not_original_entry_filter,false,not_production_ready_research_only,2026-06-29 03:30:15 Asia/Taipei
structured_neckline_strict_45_90_follow_through_audit,structured_neckline_strict_45_90_review_packet,structured_neckline_strict_45_90_review_packet_20260629,warning_research_variant_only,structured_neckline_strict_45_90_follow_through_audit_20260629,warning_research_variant_only,post_entry_close_follow_through_diagnostic_grid,strict_45_90_non_bearish,low_position_le60_market_bull,6197,佳必琪,20260311,20260316,178.5000,20260323,0.8403,9.8039,-1.6807,neutral,available,,-1.6807,7.2829,9.2437,9.5238,-1.6807,7.2829,9.2437,9.8039,-1.6807,-1.6807,-1.6807,-1.6807,2,20260317,2,20260317,2,20260317,2,20260317,false,false,false,future_known_post_entry_diagnostic_not_original_entry_filter,false,not_production_ready_research_only,2026-06-29 03:30:15 Asia/Taipei
structured_neckline_strict_45_90_follow_through_audit,structured_neckline_strict_45_90_review_packet,structured_neckline_strict_45_90_review_packet_20260629,warning_research_variant_only,structured_neckline_strict_45_90_follow_through_audit_20260629,warning_research_variant_only,post_entry_close_follow_through_diagnostic_grid,strict_45_90_non_bearish,low_position_le60_market_bull,8358,金居,20260415,20260420,373.0000,20260423,-0.8043,8.3110,-0.8043,neutral,available,,8.3110,5.4960,5.4960,-3.6193,8.3110,8.3110,8.3110,8.3110,8.3110,5.4960,5.4960,-3.6193,1,20260420,1,20260420,1,20260420,1,20260420,false,false,false,future_known_post_entry_diagnostic_not_original_entry_filter,false,not_production_ready_research_only,2026-06-29 03:30:15 Asia/Taipei
structured_neckline_strict_45_90_follow_through_audit,structured_neckline_strict_45_90_review_packet,structured_neckline_strict_45_90_review_packet_20260629,warning_research_variant_only,structured_neckline_strict_45_90_follow_through_audit_20260629,warning_research_variant_only,post_entry_close_follow_through_diagnostic_grid,strict_45_90_non_bearish,low_position_le60_market_bull,3044,健鼎,20250618,20250624,243.0000,20250721,12.1399,12.1399,-2.6749,win,available,,-0.2058,-0.2058,0.0000,1.8519,-0.2058,-0.2058,0.0000,1.8519,-0.2058,-0.2058,-0.2058,-0.2058,4,20250627,,,,,,,true,true,false,future_known_post_entry_diagnostic_not_original_entry_filter,false,not_production_ready_research_only,2026-06-29 03:30:15 Asia/Taipei
structured_neckline_strict_45_90_follow_through_audit,structured_neckline_strict_45_90_review_packet,structured_neckline_strict_45_90_review_packet_20260629,warning_research_variant_only,structured_neckline_strict_45_90_follow_through_audit_20260629,warning_research_variant_only,post_entry_close_follow_through_diagnostic_grid,strict_45_90_non_bearish,low_position_le60_market_bull,2404,漢唐,20250620,20250625,653.0000,20250711,12.4043,12.4043,-6.5850,win,available,,-2.6034,-4.7473,-6.5850,-4.1348,-2.6034,-2.6034,-2.6034,-2.6034,-2.6034,-4.7473,-6.5850,-6.5850,,,,,,,,,true,true,true,future_known_post_entry_diagnostic_not_original_entry_filter,false,not_production_ready_research_only,2026-06-29 03:30:15 Asia/Taipei
structured_neckline_strict_45_90_follow_through_audit,structured_neckline_strict_45_90_review_packet,structured_neckline_strict_45_90_review_packet_20260629,warning_research_variant_only,structured_neckline_strict_45_90_follow_through_audit_20260629,warning_research_variant_only,post_entry_close_follow_through_diagnostic_grid,strict_45_90_non_bearish,low_position_le60_market_bull,2308,台達電,20250703,20250711,471.0000,20250723,10.4034,10.4034,0.4246,win,available,,2.5478,0.4246,4.8832,5.9448,2.5478,2.5478,4.8832,6.1571,2.5478,0.4246,0.4246,0.4246,1,20250711,1,20250711,3,20250715,4,20250716,false,false,false,future_known_post_entry_diagnostic_not_original_entry_filter,false,not_production_ready_research_only,2026-06-29 03:30:15 Asia/Taipei
structured_neckline_strict_45_90_follow_through_audit,structured_neckline_strict_45_90_review_packet,structured_neckline_strict_45_90_review_packet_20260629,warning_research_variant_only,structured_neckline_strict_45_90_follow_through_audit_20260629,warning_research_variant_only,post_entry_close_follow_through_diagnostic_grid,strict_45_90_non_bearish,low_position_le60_market_bull,1802,台玻,20250715,20250724,18.9500,20250728,17.9420,17.9420,6.8602,win,available,,6.8602,9.4987,17.9420,14.7757,6.8602,9.4987,17.9420,17.9420,6.8602,6.8602,6.8602,6.8602,1,20250724,1,20250724,1,20250724,1,20250724,false,false,false,future_known_post_entry_diagnostic_not_original_entry_filter,false,not_production_ready_research_only,2026-06-29 03:30:15 Asia/Taipei
structured_neckline_strict_45_90_follow_through_audit,structured_neckline_strict_45_90_review_packet,structured_neckline_strict_45_90_review_packet_20260629,warning_research_variant_only,structured_neckline_strict_45_90_follow_through_audit_20260629,warning_research_variant_only,post_entry_close_follow_through_diagnostic_grid,strict_45_90_non_bearish,low_position_le60_market_bull,8033,雷虎,20250723,20250728,78.0000,20250729,11.1538,11.1538,1.1538,win,available,,1.1538,11.1538,22.1795,24.4872,1.1538,11.1538,22.1795,24.4872,1.1538,1.1538,1.1538,1.1538,1,20250728,2,20250729,2,20250729,2,20250729,false,false,false,future_known_post_entry_diagnostic_not_original_entry_filter,false,not_production_ready_research_only,2026-06-29 03:30:15 Asia/Taipei
structured_neckline_strict_45_90_follow_through_audit,structured_neckline_strict_45_90_review_packet,structured_neckline_strict_45_90_review_packet_20260629,warning_research_variant_only,structured_neckline_strict_45_90_follow_through_audit_20260629,warning_research_variant_only,post_entry_close_follow_through_diagnostic_grid,strict_45_90_non_bearish,low_position_le60_market_bull,2317,鴻海,20250724,20250801,175.0000,20250807,11.1429,11.1429,2.8571,win,available,,3.7143,2.8571,5.4286,11.1429,3.7143,3.7143,5.4286,11.1429,3.7143,2.8571,2.8571,2.8571,1,20250801,1,20250801,1,20250801,3,20250805,false,false,false,future_known_post_entry_diagnostic_not_original_entry_filter,false,not_production_ready_research_only,2026-06-29 03:30:15 Asia/Taipei
structured_neckline_strict_45_90_follow_through_audit,structured_neckline_strict_45_90_review_packet,structured_neckline_strict_45_90_review_packet_20260629,warning_research_variant_only,structured_neckline_strict_45_90_follow_through_audit_20260629,warning_research_variant_only,post_entry_close_follow_through_diagnostic_grid,strict_45_90_non_bearish,low_position_le60_market_bull,6209,今國光,20250805,20250811,29.5000,20250815,13.2203,13.2203,1.6949,win,available,,1.8644,1.6949,5.7627,13.2203,1.8644,1.8644,5.7627,13.2203,1.8644,1.6949,1.6949,1.6949,1,20250811,3,20250813,3,20250813,3,20250813,false,false,false,future_known_post_entry_diagnostic_not_original_entry_filter,false,not_production_ready_research_only,2026-06-29 03:30:15 Asia/Taipei
structured_neckline_strict_45_90_follow_through_audit,structured_neckline_strict_45_90_review_packet,structured_neckline_strict_45_90_review_packet_20260629,warning_research_variant_only,structured_neckline_strict_45_90_follow_through_audit_20260629,warning_research_variant_only,post_entry_close_follow_through_diagnostic_grid,strict_45_90_non_bearish,low_position_le60_market_bull,2328,廣宇,20250815,20250820,48.1000,20250821,10.6029,10.6029,0.7277,win,available,,0.7277,10.6029,12.2661,28.8981,0.7277,10.6029,12.2661,28.8981,0.7277,0.7277,0.7277,0.7277,2,20250821,2,20250821,2,20250821,2,20250821,false,false,false,future_known_post_entry_diagnostic_not_original_entry_filter,false,not_production_ready_research_only,2026-06-29 03:30:15 Asia/Taipei
structured_neckline_strict_45_90_follow_through_audit,structured_neckline_strict_45_90_review_packet,structured_neckline_strict_45_90_review_packet_20260629,warning_research_variant_only,structured_neckline_strict_45_90_follow_through_audit_20260629,warning_research_variant_only,post_entry_close_follow_through_diagnostic_grid,strict_45_90_non_bearish,low_position_le60_market_bull,3704,合勤控,20250826,20250829,33.5000,20250905,10.1493,10.1493,-11.6418,win,available,,1.3433,-7.9104,-11.6418,6.8657,1.3433,1.3433,1.3433,6.8657,1.3433,-7.9104,-11.6418,-11.6418,1,20250829,5,20250904,5,20250904,5,20250904,false,true,true,future_known_post_entry_diagnostic_not_original_entry_filter,false,not_production_ready_research_only,2026-06-29 03:30:15 Asia/Taipei
structured_neckline_strict_45_90_follow_through_audit,structured_neckline_strict_45_90_review_packet,structured_neckline_strict_45_90_review_packet_20260629,warning_research_variant_only,structured_neckline_strict_45_90_follow_through_audit_20260629,warning_research_variant_only,post_entry_close_follow_through_diagnostic_grid,strict_45_90_non_bearish,low_position_le60_market_bull,6217,中探針,20260119,20260204,63.1000,20260223,11.7274,11.7274,-10.3011,win,available,,-2.6941,-5.8637,-10.3011,1.4263,-2.6941,-2.6941,-2.6941,1.4263,-2.6941,-5.8637,-10.3011,-10.3011,5,20260210,,,,,,,true,true,true,future_known_post_entry_diagnostic_not_original_entry_filter,false,not_production_ready_research_only,2026-06-29 03:30:15 Asia/Taipei
structured_neckline_strict_45_90_follow_through_audit,structured_neckline_strict_45_90_review_packet,structured_neckline_strict_45_90_review_packet_20260629,warning_research_variant_only,structured_neckline_strict_45_90_follow_through_audit_20260629,warning_research_variant_only,post_entry_close_follow_through_diagnostic_grid,strict_45_90_non_bearish,low_position_le60_market_bull,3163,波若威,20260128,20260205,485.0000,20260209,10.7216,10.7216,-2.6804,win,available,,-2.6804,0.8247,10.7216,21.4433,-2.6804,0.8247,10.7216,21.4433,-2.6804,-2.6804,-2.6804,-2.6804,3,20260209,3,20260209,3,20260209,3,20260209,false,false,false,future_known_post_entry_diagnostic_not_original_entry_filter,false,not_production_ready_research_only,2026-06-29 03:30:15 Asia/Taipei
structured_neckline_strict_45_90_follow_through_audit,structured_neckline_strict_45_90_review_packet,structured_neckline_strict_45_90_review_packet_20260629,warning_research_variant_only,structured_neckline_strict_45_90_follow_through_audit_20260629,warning_research_variant_only,post_entry_close_follow_through_diagnostic_grid,strict_45_90_non_bearish,low_position_le60_market_bull,6291,沛亨,20260128,20260210,241.0000,20260211,14.7303,14.7303,4.3568,win,available,,4.3568,14.7303,17.0124,12.2407,4.3568,14.7303,17.0124,20.3320,4.3568,4.3568,4.3568,4.3568,1,20260210,1,20260210,1,20260210,2,20260211,false,false,false,future_known_post_entry_diagnostic_not_original_entry_filter,false,not_production_ready_research_only,2026-06-29 03:30:15 Asia/Taipei
structured_neckline_strict_45_90_follow_through_audit,structured_neckline_strict_45_90_review_packet,structured_neckline_strict_45_90_review_packet_20260629,warning_research_variant_only,structured_neckline_strict_45_90_follow_through_audit_20260629,warning_research_variant_only,post_entry_close_follow_through_diagnostic_grid,strict_45_90_non_bearish,low_position_le60_market_bull,8289,泰藝,20260224,20260302,35.1000,20260302,10.3989,10.3989,10.3989,win,available,,10.3989,15.3846,3.8462,2.2792,10.3989,15.3846,15.3846,15.3846,10.3989,10.3989,3.8462,2.2792,1,20260302,1,20260302,1,20260302,1,20260302,false,false,false,future_known_post_entry_diagnostic_not_original_entry_filter,false,not_production_ready_research_only,2026-06-29 03:30:15 Asia/Taipei
structured_neckline_strict_45_90_follow_through_audit,structured_neckline_strict_45_90_review_packet,structured_neckline_strict_45_90_review_packet_20260629,warning_research_variant_only,structured_neckline_strict_45_90_follow_through_audit_20260629,warning_research_variant_only,post_entry_close_follow_through_diagnostic_grid,strict_45_90_non_bearish,low_position_le60_market_bull,4908,前鼎,20260302,20260312,94.6000,20260313,12.0507,12.0507,2.3256,win,available,,2.3256,12.0507,10.4651,8.8795,2.3256,12.0507,12.0507,12.0507,2.3256,2.3256,2.3256,2.3256,1,20260312,1,20260312,2,20260313,2,20260313,false,false,false,future_known_post_entry_diagnostic_not_original_entry_filter,false,not_production_ready_research_only,2026-06-29 03:30:15 Asia/Taipei
structured_neckline_strict_45_90_follow_through_audit,structured_neckline_strict_45_90_review_packet,structured_neckline_strict_45_90_review_packet_20260629,warning_research_variant_only,structured_neckline_strict_45_90_follow_through_audit_20260629,warning_research_variant_only,post_entry_close_follow_through_diagnostic_grid,strict_45_90_non_bearish,low_position_le60_market_bull,4973,廣穎電通,20260312,20260317,80.7000,20260318,10.6568,10.6568,0.6196,win,available,,0.6196,10.6568,21.6853,-1.3631,0.6196,10.6568,21.6853,21.6853,0.6196,0.6196,0.6196,-1.3631,2,20260318,2,20260318,2,20260318,2,20260318,false,false,false,future_known_post_entry_diagnostic_not_original_entry_filter,false,not_production_ready_research_only,2026-06-29 03:30:15 Asia/Taipei
structured_neckline_strict_45_90_follow_through_audit,structured_neckline_strict_45_90_review_packet,structured_neckline_strict_45_90_review_packet_20260629,warning_research_variant_only,structured_neckline_strict_45_90_follow_through_audit_20260629,warning_research_variant_only,post_entry_close_follow_through_diagnostic_grid,strict_45_90_non_bearish,low_position_le60_market_bull,2376,技嘉,20260410,20260416,280.0000,20260507,10.3571,10.3571,-2.6786,win,available,,0.3571,0.5357,-0.3571,1.7857,0.3571,0.5357,0.5357,3.0357,0.3571,0.3571,-0.3571,-0.3571,4,20260421,4,20260421,4,20260421,,,true,true,false,future_known_post_entry_diagnostic_not_original_entry_filter,false,not_production_ready_research_only,2026-06-29 03:30:15 Asia/Taipei
structured_neckline_strict_45_90_follow_through_audit,structured_neckline_strict_45_90_review_packet,structured_neckline_strict_45_90_review_packet_20260629,warning_research_variant_only,structured_neckline_strict_45_90_follow_through_audit_20260629,warning_research_variant_only,post_entry_close_follow_through_diagnostic_grid,strict_45_90_non_bearish,low_position_le60_market_bull,4707,磐亞,20260410,20260416,14.6000,20260422,12.6712,12.6712,-2.3973,win,available,,-2.3973,3.0822,8.5616,12.6712,-2.3973,3.0822,8.5616,12.6712,-2.3973,-2.3973,-2.3973,-2.3973,2,20260417,2,20260417,2,20260417,3,20260420,false,false,false,future_known_post_entry_diagnostic_not_original_entry_filter,false,not_production_ready_research_only,2026-06-29 03:30:15 Asia/Taipei
structured_neckline_strict_45_90_follow_through_audit,structured_neckline_strict_45_90_review_packet,structured_neckline_strict_45_90_review_packet_20260629,warning_research_variant_only,structured_neckline_strict_45_90_follow_through_audit_20260629,warning_research_variant_only,post_entry_close_follow_through_diagnostic_grid,strict_45_90_non_bearish,low_position_le60_market_bull,8383,千附,20260413,20260416,54.7000,20260417,14.0768,14.0768,3.8391,win,available,,3.8391,14.0768,25.4113,32.3583,3.8391,14.0768,25.4113,32.3583,3.8391,3.8391,3.8391,3.8391,1,20260416,1,20260416,1,20260416,2,20260417,false,false,false,future_known_post_entry_diagnostic_not_original_entry_filter,false,not_production_ready_research_only,2026-06-29 03:30:15 Asia/Taipei
structured_neckline_strict_45_90_follow_through_audit,structured_neckline_strict_45_90_review_packet,structured_neckline_strict_45_90_review_packet_20260629,warning_research_variant_only,structured_neckline_strict_45_90_follow_through_audit_20260629,warning_research_variant_only,post_entry_close_follow_through_diagnostic_grid,strict_45_90_non_bearish,low_position_le60_market_bull,6234,高僑,20260414,20260422,35.6000,20260423,18.1180,18.1180,7.4438,win,available,,7.4438,18.1180,23.1742,22.7528,7.4438,18.1180,23.1742,26.4045,7.4438,7.4438,7.4438,7.4438,1,20260422,1,20260422,1,20260422,1,20260422,false,false,false,future_known_post_entry_diagnostic_not_original_entry_filter,false,not_production_ready_research_only,2026-06-29 03:30:15 Asia/Taipei
structured_neckline_strict_45_90_follow_through_audit,structured_neckline_strict_45_90_review_packet,structured_neckline_strict_45_90_review_packet_20260629,warning_research_variant_only,structured_neckline_strict_45_90_follow_through_audit_20260629,warning_research_variant_only,post_entry_close_follow_through_diagnostic_grid,strict_45_90_non_bearish,low_position_le60_market_bull,6173,信昌電,20260415,20260420,93.5000,20260507,18.7166,18.7166,-18.5027,win,available,,-2.9947,-4.3850,-5.3476,-18.5027,-2.9947,-2.9947,-2.9947,-2.9947,-2.9947,-4.3850,-5.3476,-18.5027,,,,,,,,,true,true,true,future_known_post_entry_diagnostic_not_original_entry_filter,false,not_production_ready_research_only,2026-06-29 03:30:15 Asia/Taipei
structured_neckline_strict_45_90_follow_through_audit,structured_neckline_strict_45_90_review_packet,structured_neckline_strict_45_90_review_packet_20260629,warning_research_variant_only,structured_neckline_strict_45_90_follow_through_audit_20260629,warning_research_variant_only,post_entry_close_follow_through_diagnostic_grid,strict_45_90_non_bearish,low_position_le60_market_bull,6175,立敦,20260415,20260420,65.9000,20260515,12.1396,12.1396,-7.8907,win,available,,-0.4552,0.4552,-0.3035,-3.6419,-0.4552,0.4552,0.4552,0.4552,-0.4552,-0.4552,-0.4552,-4.4006,,,,,,,,,true,true,false,future_known_post_entry_diagnostic_not_original_entry_filter,false,not_production_ready_research_only,2026-06-29 03:30:15 Asia/Taipei
structured_neckline_strict_45_90_follow_through_audit,structured_neckline_strict_45_90_review_packet,structured_neckline_strict_45_90_review_packet_20260629,warning_research_variant_only,structured_neckline_strict_45_90_follow_through_audit_20260629,warning_research_variant_only,post_entry_close_follow_through_diagnostic_grid,strict_45_90_non_bearish,low_position_le60_market_bull,6488,環球晶,20260421,20260428,603.0000,20260505,10.4478,10.4478,-11.1111,win,available,,-3.8143,-11.1111,-3.8143,10.4478,-3.8143,-3.8143,-3.8143,10.4478,-3.8143,-11.1111,-11.1111,-11.1111,5,20260505,5,20260505,5,20260505,5,20260505,false,true,true,future_known_post_entry_diagnostic_not_original_entry_filter,false,not_production_ready_research_only,2026-06-29 03:30:15 Asia/Taipei
structured_neckline_strict_45_90_follow_through_audit,structured_neckline_strict_45_90_review_packet,structured_neckline_strict_45_90_review_packet_20260629,warning_research_variant_only,structured_neckline_strict_45_90_follow_through_audit_20260629,warning_research_variant_only,post_entry_close_follow_through_diagnostic_grid,strict_45_90_non_bearish,low_position_le60_market_bull,6016,康和證,20260424,20260505,20.1000,20260511,19.6517,19.6517,-0.4975,win,available,,-0.4975,1.4925,8.9552,19.6517,-0.4975,1.4925,8.9552,19.6517,-0.4975,-0.4975,-0.4975,-0.4975,2,20260506,3,20260507,3,20260507,3,20260507,false,false,false,future_known_post_entry_diagnostic_not_original_entry_filter,false,not_production_ready_research_only,2026-06-29 03:30:15 Asia/Taipei
structured_neckline_strict_45_90_follow_through_audit,structured_neckline_strict_45_90_review_packet,structured_neckline_strict_45_90_review_packet_20260629,warning_research_variant_only,structured_neckline_strict_45_90_follow_through_audit_20260629,warning_research_variant_only,post_entry_close_follow_through_diagnostic_grid,strict_45_90_non_bearish,low_position_le60_market_bull,6207,雷科,20260430,20260506,68.3000,20260515,13.0307,13.0307,-6.8814,win,available,,0.5857,1.0249,-6.8814,0.7321,0.5857,1.0249,1.0249,1.0249,0.5857,0.5857,-6.8814,-6.8814,2,20260507,,,,,,,true,true,true,future_known_post_entry_diagnostic_not_original_entry_filter,false,not_production_ready_research_only,2026-06-29 03:30:15 Asia/Taipei
structured_neckline_strict_45_90_follow_through_audit,structured_neckline_strict_45_90_review_packet,structured_neckline_strict_45_90_review_packet_20260629,warning_research_variant_only,structured_neckline_strict_45_90_follow_through_audit_20260629,warning_research_variant_only,post_entry_close_follow_through_diagnostic_grid,strict_45_90_non_bearish,low_position_le60_market_bull,3317,尼克森,20260505,20260508,66.2000,20260514,11.7825,11.7825,-6.0423,win,available,,-6.0423,3.0211,2.5680,11.7825,-6.0423,3.0211,3.0211,11.7825,-6.0423,-6.0423,-6.0423,-6.0423,2,20260511,2,20260511,2,20260511,5,20260514,false,false,true,future_known_post_entry_diagnostic_not_original_entry_filter,false,not_production_ready_research_only,2026-06-29 03:30:15 Asia/Taipei
structured_neckline_strict_45_90_follow_through_audit,structured_neckline_strict_45_90_review_packet,structured_neckline_strict_45_90_review_packet_20260629,warning_research_variant_only,structured_neckline_strict_45_90_follow_through_audit_20260629,warning_research_variant_only,post_entry_close_follow_through_diagnostic_grid,strict_45_90_non_bearish,low_position_le60_market_bull,8163,達方,20260508,20260515,32.3500,20260522,10.2009,10.2009,1.5456,win,available,,4.6368,3.0912,1.5456,9.8918,4.6368,4.6368,4.6368,9.8918,4.6368,3.0912,1.5456,1.5456,1,20260515,1,20260515,1,20260515,5,20260521,false,false,false,future_known_post_entry_diagnostic_not_original_entry_filter,false,not_production_ready_research_only,2026-06-29 03:30:15 Asia/Taipei
structured_neckline_strict_45_90_follow_through_audit,structured_neckline_strict_45_90_review_packet,structured_neckline_strict_45_90_review_packet_20260629,warning_research_variant_only,structured_neckline_strict_45_90_follow_through_audit_20260629,warning_research_variant_only,post_entry_close_follow_through_diagnostic_grid,strict_45_90_non_bearish,low_position_le60_market_bull,1447,力鵬,20260518,20260521,5.8900,20260603,18.3362,18.3362,-6.6214,win,available,,0.1698,1.8676,-0.6791,-6.6214,0.1698,1.8676,1.8676,1.8676,0.1698,0.1698,-0.6791,-6.6214,2,20260522,,,,,,,true,true,false,future_known_post_entry_diagnostic_not_original_entry_filter,false,not_production_ready_research_only,2026-06-29 03:30:15 Asia/Taipei
