stock_id,stock_name,quarter,announcement_date,eps,eps_yoy,eps_qoq,gross_margin,gross_margin_yoy_change,gross_margin_qoq_change,operating_margin,operating_margin_yoy_change,operating_margin_qoq_change,net_income_yoy,net_income_qoq,profit_turnaround,eps_surprise_flag,margin_improvement_flag,earnings_acceleration_flag,revenue_good_eps_unconfirmed,source_url,last_updated
1101,台泥,monthly_revenue_202605,20260614,,,,,,,,,,,,False,False,False,False,False,https://openapi.twse.com.tw/v1/opendata/t187ap05_L,2026-06-15 14:53:27 Asia/Taipei
1102,亞泥,monthly_revenue_202605,20260614,,,,,,,,,,,,False,False,False,False,False,https://openapi.twse.com.tw/v1/opendata/t187ap05_L,2026-06-15 23:10:31 Asia/Taipei
1210,大成,monthly_revenue_202605,20260614,,,,,,,,,,,,False,False,False,False,False,https://openapi.twse.com.tw/v1/opendata/t187ap05_L,2026-06-15 23:10:31 Asia/Taipei
1216,統一,monthly_revenue_202605,20260614,,,,,,,,,,,,False,False,False,False,False,https://openapi.twse.com.tw/v1/opendata/t187ap05_L,2026-06-15 23:10:31 Asia/Taipei
1227,佳格,monthly_revenue_202605,20260614,,,,,,,,,,,,False,False,False,False,False,https://openapi.twse.com.tw/v1/opendata/t187ap05_L,2026-06-15 23:10:31 Asia/Taipei
1229,聯華,monthly_revenue_202605,20260614,,,,,,,,,,,,False,False,False,False,False,https://openapi.twse.com.tw/v1/opendata/t187ap05_L,2026-06-15 23:10:31 Asia/Taipei
1303,南亞,monthly_revenue_202605,20260614,,,,,,,,,,,,False,False,False,False,True,https://openapi.twse.com.tw/v1/opendata/t187ap05_L,2026-06-15 23:10:31 Asia/Taipei
1307,三芳,monthly_revenue_202605,20260614,,,,,,,,,,,,False,False,False,False,False,https://openapi.twse.com.tw/v1/opendata/t187ap05_L,2026-06-15 23:10:31 Asia/Taipei
1313,聯成,monthly_revenue_202605,20260614,,,,,,,,,,,,False,False,False,False,False,https://openapi.twse.com.tw/v1/opendata/t187ap05_L,2026-06-15 14:53:27 Asia/Taipei
1316,上曜,monthly_revenue_202605,20260614,,,,,,,,,,,,False,False,False,False,True,https://openapi.twse.com.tw/v1/opendata/t187ap05_L,2026-06-15 23:10:31 Asia/Taipei
1319,東陽,monthly_revenue_202605,20260614,,,,,,,,,,,,False,False,False,False,False,https://openapi.twse.com.tw/v1/opendata/t187ap05_L,2026-06-15 23:10:31 Asia/Taipei
1326,台化,monthly_revenue_202605,20260614,,,,,,,,,,,,False,False,False,False,True,https://openapi.twse.com.tw/v1/opendata/t187ap05_L,2026-06-15 23:10:31 Asia/Taipei
1342,八貫,monthly_revenue_202605,20260614,,,,,,,,,,,,False,False,False,False,True,https://openapi.twse.com.tw/v1/opendata/t187ap05_L,2026-06-15 23:10:31 Asia/Taipei
1402,遠東新,monthly_revenue_202605,20260614,,,,,,,,,,,,False,False,False,False,False,https://openapi.twse.com.tw/v1/opendata/t187ap05_L,2026-06-15 23:10:31 Asia/Taipei
1423,利華,monthly_revenue_202605,20260614,,,,,,,,,,,,False,False,False,False,False,https://openapi.twse.com.tw/v1/opendata/t187ap05_L,2026-06-15 14:53:27 Asia/Taipei
1434,福懋,monthly_revenue_202605,20260614,,,,,,,,,,,,False,False,False,False,False,https://openapi.twse.com.tw/v1/opendata/t187ap05_L,2026-06-15 23:10:31 Asia/Taipei
1440,南紡,monthly_revenue_202605,20260614,,,,,,,,,,,,False,False,False,False,False,https://openapi.twse.com.tw/v1/opendata/t187ap05_L,2026-06-15 23:10:31 Asia/Taipei
1442,名軒,monthly_revenue_202605,20260614,,,,,,,,,,,,False,False,False,False,False,https://openapi.twse.com.tw/v1/opendata/t187ap05_L,2026-06-15 14:53:27 Asia/Taipei
1444,力麗,monthly_revenue_202605,20260614,,,,,,,,,,,,False,False,False,False,True,https://openapi.twse.com.tw/v1/opendata/t187ap05_L,2026-06-15 14:53:27 Asia/Taipei
1447,力鵬,monthly_revenue_202605,20260614,,,,,,,,,,,,False,False,False,False,False,https://openapi.twse.com.tw/v1/opendata/t187ap05_L,2026-06-15 23:10:31 Asia/Taipei
1449,佳和,monthly_revenue_202605,20260614,,,,,,,,,,,,False,False,False,False,True,https://openapi.twse.com.tw/v1/opendata/t187ap05_L,2026-06-15 23:10:31 Asia/Taipei
1476,儒鴻,monthly_revenue_202605,20260614,,,,,,,,,,,,False,False,False,False,False,https://openapi.twse.com.tw/v1/opendata/t187ap05_L,2026-06-15 14:53:27 Asia/Taipei
1477,聚陽,monthly_revenue_202605,20260614,,,,,,,,,,,,False,False,False,False,False,https://openapi.twse.com.tw/v1/opendata/t187ap05_L,2026-06-15 14:53:27 Asia/Taipei
1503,士電,monthly_revenue_202605,20260614,,,,,,,,,,,,False,False,False,False,True,https://openapi.twse.com.tw/v1/opendata/t187ap05_L,2026-06-15 14:53:27 Asia/Taipei
1504,東元,monthly_revenue_202605,20260614,,,,,,,,,,,,False,False,False,False,False,https://openapi.twse.com.tw/v1/opendata/t187ap05_L,2026-06-15 23:10:31 Asia/Taipei
1513,中興電,monthly_revenue_202605,20260614,,,,,,,,,,,,False,False,False,False,False,https://openapi.twse.com.tw/v1/opendata/t187ap05_L,2026-06-15 23:10:31 Asia/Taipei
1514,亞力,monthly_revenue_202605,20260614,,,,,,,,,,,,False,False,False,False,True,https://openapi.twse.com.tw/v1/opendata/t187ap05_L,2026-06-15 23:10:31 Asia/Taipei
1532,勤美,monthly_revenue_202605,20260614,,,,,,,,,,,,False,False,False,False,True,https://openapi.twse.com.tw/v1/opendata/t187ap05_L,2026-06-15 23:10:31 Asia/Taipei
1560,中砂,monthly_revenue_202605,20260614,,,,,,,,,,,,False,False,False,False,True,https://openapi.twse.com.tw/v1/opendata/t187ap05_L,2026-06-15 23:10:31 Asia/Taipei
1597,直得,monthly_revenue_202605,20260614,,,,,,,,,,,,False,False,False,False,True,https://openapi.twse.com.tw/v1/opendata/t187ap05_L,2026-06-15 23:10:31 Asia/Taipei
1605,華新,monthly_revenue_202605,20260614,,,,,,,,,,,,False,False,False,False,False,https://openapi.twse.com.tw/v1/opendata/t187ap05_L,2026-06-15 23:10:31 Asia/Taipei
1608,華榮,monthly_revenue_202605,20260614,,,,,,,,,,,,False,False,False,False,True,https://openapi.twse.com.tw/v1/opendata/t187ap05_L,2026-06-15 23:10:31 Asia/Taipei
1609,大亞,monthly_revenue_202605,20260614,,,,,,,,,,,,False,False,False,False,True,https://openapi.twse.com.tw/v1/opendata/t187ap05_L,2026-06-15 23:10:31 Asia/Taipei
1612,宏泰,monthly_revenue_202605,20260614,,,,,,,,,,,,False,False,False,False,False,https://openapi.twse.com.tw/v1/opendata/t187ap05_L,2026-06-15 23:10:31 Asia/Taipei
1618,合機,monthly_revenue_202605,20260614,,,,,,,,,,,,False,False,False,False,True,https://openapi.twse.com.tw/v1/opendata/t187ap05_L,2026-06-15 23:10:31 Asia/Taipei
1708,東鹼,monthly_revenue_202605,20260614,,,,,,,,,,,,False,False,False,False,True,https://openapi.twse.com.tw/v1/opendata/t187ap05_L,2026-06-15 23:10:31 Asia/Taipei
1710,東聯,monthly_revenue_202605,20260614,,,,,,,,,,,,False,False,False,False,False,https://openapi.twse.com.tw/v1/opendata/t187ap05_L,2026-06-15 23:10:31 Asia/Taipei
1711,永光,monthly_revenue_202605,20260614,,,,,,,,,,,,False,False,False,False,False,https://openapi.twse.com.tw/v1/opendata/t187ap05_L,2026-06-15 23:10:31 Asia/Taipei
1714,和桐,monthly_revenue_202605,20260614,,,,,,,,,,,,False,False,False,False,True,https://openapi.twse.com.tw/v1/opendata/t187ap05_L,2026-06-15 23:10:31 Asia/Taipei
1722,台肥,monthly_revenue_202605,20260614,,,,,,,,,,,,False,False,False,False,False,https://openapi.twse.com.tw/v1/opendata/t187ap05_L,2026-06-15 14:53:27 Asia/Taipei
1723,中碳,monthly_revenue_202605,20260614,,,,,,,,,,,,False,False,False,False,True,https://openapi.twse.com.tw/v1/opendata/t187ap05_L,2026-06-15 23:10:31 Asia/Taipei
1727,中華化,monthly_revenue_202605,20260614,,,,,,,,,,,,False,False,False,False,True,https://openapi.twse.com.tw/v1/opendata/t187ap05_L,2026-06-15 23:10:31 Asia/Taipei
1795,美時,monthly_revenue_202605,20260614,,,,,,,,,,,,False,False,False,False,True,https://openapi.twse.com.tw/v1/opendata/t187ap05_L,2026-06-15 23:10:31 Asia/Taipei
1802,台玻,monthly_revenue_202605,20260614,,,,,,,,,,,,False,False,False,False,False,https://openapi.twse.com.tw/v1/opendata/t187ap05_L,2026-06-15 23:10:31 Asia/Taipei
1808,潤隆,monthly_revenue_202605,20260614,,,,,,,,,,,,False,False,False,False,True,https://openapi.twse.com.tw/v1/opendata/t187ap05_L,2026-06-15 23:10:31 Asia/Taipei
1907,永豐餘,monthly_revenue_202605,20260614,,,,,,,,,,,,False,False,False,False,False,https://openapi.twse.com.tw/v1/opendata/t187ap05_L,2026-06-15 23:10:31 Asia/Taipei
1909,榮成,monthly_revenue_202605,20260614,,,,,,,,,,,,False,False,False,False,False,https://openapi.twse.com.tw/v1/opendata/t187ap05_L,2026-06-15 23:10:31 Asia/Taipei
2002,中鋼,monthly_revenue_202605,20260614,,,,,,,,,,,,False,False,False,False,False,https://openapi.twse.com.tw/v1/opendata/t187ap05_L,2026-06-15 23:10:31 Asia/Taipei
2006,東和鋼鐵,monthly_revenue_202605,20260614,,,,,,,,,,,,False,False,False,False,False,https://openapi.twse.com.tw/v1/opendata/t187ap05_L,2026-06-15 23:10:31 Asia/Taipei
2009,第一銅,monthly_revenue_202605,20260614,,,,,,,,,,,,False,False,False,False,True,https://openapi.twse.com.tw/v1/opendata/t187ap05_L,2026-06-15 23:10:31 Asia/Taipei
2010,春源,monthly_revenue_202605,20260614,,,,,,,,,,,,False,False,False,False,False,https://openapi.twse.com.tw/v1/opendata/t187ap05_L,2026-06-15 14:53:27 Asia/Taipei
2014,中鴻,monthly_revenue_202605,20260614,,,,,,,,,,,,False,False,False,False,False,https://openapi.twse.com.tw/v1/opendata/t187ap05_L,2026-06-15 23:10:31 Asia/Taipei
2017,官田鋼,monthly_revenue_202605,20260614,,,,,,,,,,,,False,False,False,False,False,https://openapi.twse.com.tw/v1/opendata/t187ap05_L,2026-06-15 14:53:27 Asia/Taipei
2023,燁輝,monthly_revenue_202605,20260614,,,,,,,,,,,,False,False,False,False,False,https://openapi.twse.com.tw/v1/opendata/t187ap05_L,2026-06-15 23:10:31 Asia/Taipei
2025,千興,monthly_revenue_202605,20260614,,,,,,,,,,,,False,False,False,False,True,https://openapi.twse.com.tw/v1/opendata/t187ap05_L,2026-06-15 23:10:31 Asia/Taipei
2027,大成鋼,monthly_revenue_202605,20260614,,,,,,,,,,,,False,False,False,False,True,https://openapi.twse.com.tw/v1/opendata/t187ap05_L,2026-06-15 23:10:31 Asia/Taipei
2030,彰源,monthly_revenue_202605,20260614,,,,,,,,,,,,False,False,False,False,True,https://openapi.twse.com.tw/v1/opendata/t187ap05_L,2026-06-15 23:10:31 Asia/Taipei
2031,新光鋼,monthly_revenue_202605,20260614,,,,,,,,,,,,False,False,False,False,True,https://openapi.twse.com.tw/v1/opendata/t187ap05_L,2026-06-15 14:53:27 Asia/Taipei
2034,允強,monthly_revenue_202605,20260614,,,,,,,,,,,,False,False,False,False,False,https://openapi.twse.com.tw/v1/opendata/t187ap05_L,2026-06-15 23:10:31 Asia/Taipei
2049,上銀,monthly_revenue_202605,20260614,,,,,,,,,,,,False,False,False,False,True,https://openapi.twse.com.tw/v1/opendata/t187ap05_L,2026-06-15 23:10:31 Asia/Taipei
2059,川湖,monthly_revenue_202605,20260614,,,,,,,,,,,,False,False,False,False,True,https://openapi.twse.com.tw/v1/opendata/t187ap05_L,2026-06-15 14:53:27 Asia/Taipei
2101,南港,monthly_revenue_202605,20260614,,,,,,,,,,,,False,False,False,False,True,https://openapi.twse.com.tw/v1/opendata/t187ap05_L,2026-06-15 23:10:31 Asia/Taipei
2104,國際中橡,monthly_revenue_202605,20260614,,,,,,,,,,,,False,False,False,False,False,https://openapi.twse.com.tw/v1/opendata/t187ap05_L,2026-06-15 23:10:31 Asia/Taipei
2105,正新,monthly_revenue_202605,20260614,,,,,,,,,,,,False,False,False,False,False,https://openapi.twse.com.tw/v1/opendata/t187ap05_L,2026-06-15 14:53:27 Asia/Taipei
2107,厚生,monthly_revenue_202605,20260614,,,,,,,,,,,,False,False,False,False,False,https://openapi.twse.com.tw/v1/opendata/t187ap05_L,2026-06-15 14:53:27 Asia/Taipei
2108,南帝,monthly_revenue_202605,20260614,,,,,,,,,,,,False,False,False,False,True,https://openapi.twse.com.tw/v1/opendata/t187ap05_L,2026-06-15 14:53:27 Asia/Taipei
2201,裕隆,monthly_revenue_202605,20260614,,,,,,,,,,,,False,False,False,False,False,https://openapi.twse.com.tw/v1/opendata/t187ap05_L,2026-06-15 23:10:31 Asia/Taipei
2204,中華,monthly_revenue_202605,20260614,,,,,,,,,,,,False,False,False,False,True,https://openapi.twse.com.tw/v1/opendata/t187ap05_L,2026-06-15 23:10:31 Asia/Taipei
2206,三陽工業,monthly_revenue_202605,20260614,,,,,,,,,,,,False,False,False,False,False,https://openapi.twse.com.tw/v1/opendata/t187ap05_L,2026-06-15 23:10:31 Asia/Taipei
2241,艾姆勒,monthly_revenue_202605,20260614,,,,,,,,,,,,False,False,False,False,True,https://openapi.twse.com.tw/v1/opendata/t187ap05_L,2026-06-15 14:53:27 Asia/Taipei
2243,宏旭-KY,monthly_revenue_202605,20260614,,,,,,,,,,,,False,False,False,False,True,https://openapi.twse.com.tw/v1/opendata/t187ap05_L,2026-06-15 23:10:31 Asia/Taipei
2301,光寶科,monthly_revenue_202605,20260614,,,,,,,,,,,,False,False,False,False,True,https://openapi.twse.com.tw/v1/opendata/t187ap05_L,2026-06-15 23:10:31 Asia/Taipei
2303,聯電,monthly_revenue_202605,20260614,,,,,,,,,,,,False,False,False,False,False,https://openapi.twse.com.tw/v1/opendata/t187ap05_L,2026-06-15 14:53:27 Asia/Taipei
2305,全友,monthly_revenue_202605,20260614,,,,,,,,,,,,False,False,False,False,True,https://openapi.twse.com.tw/v1/opendata/t187ap05_L,2026-06-15 23:10:31 Asia/Taipei
2308,台達電,monthly_revenue_202605,20260614,,,,,,,,,,,,False,False,False,False,True,https://openapi.twse.com.tw/v1/opendata/t187ap05_L,2026-06-15 23:10:31 Asia/Taipei
2312,金寶,monthly_revenue_202605,20260614,,,,,,,,,,,,False,False,False,False,False,https://openapi.twse.com.tw/v1/opendata/t187ap05_L,2026-06-15 23:10:31 Asia/Taipei
2316,楠梓電,monthly_revenue_202605,20260614,,,,,,,,,,,,False,False,False,False,True,https://openapi.twse.com.tw/v1/opendata/t187ap05_L,2026-06-15 23:10:31 Asia/Taipei
2317,鴻海,monthly_revenue_202605,20260614,,,,,,,,,,,,False,False,False,False,True,https://openapi.twse.com.tw/v1/opendata/t187ap05_L,2026-06-15 23:10:31 Asia/Taipei
2323,中環,monthly_revenue_202605,20260614,,,,,,,,,,,,False,False,False,False,True,https://openapi.twse.com.tw/v1/opendata/t187ap05_L,2026-06-15 23:10:31 Asia/Taipei
2324,仁寶,monthly_revenue_202605,20260614,,,,,,,,,,,,False,False,False,False,True,https://openapi.twse.com.tw/v1/opendata/t187ap05_L,2026-06-15 14:53:27 Asia/Taipei
2327,國巨*,monthly_revenue_202605,20260614,,,,,,,,,,,,False,False,False,False,True,https://openapi.twse.com.tw/v1/opendata/t187ap05_L,2026-06-15 23:10:31 Asia/Taipei
2328,廣宇,monthly_revenue_202605,20260614,,,,,,,,,,,,False,False,False,False,False,https://openapi.twse.com.tw/v1/opendata/t187ap05_L,2026-06-15 23:10:31 Asia/Taipei
2329,華泰,monthly_revenue_202605,20260614,,,,,,,,,,,,False,False,False,False,True,https://openapi.twse.com.tw/v1/opendata/t187ap05_L,2026-06-15 23:10:31 Asia/Taipei
2330,台積電,monthly_revenue_202605,20260614,,,,,,,,,,,,False,False,False,False,True,https://openapi.twse.com.tw/v1/opendata/t187ap05_L,2026-06-15 23:10:31 Asia/Taipei
2331,精英,monthly_revenue_202605,20260614,,,,,,,,,,,,False,False,False,False,True,https://openapi.twse.com.tw/v1/opendata/t187ap05_L,2026-06-15 23:10:31 Asia/Taipei
2332,友訊,monthly_revenue_202605,20260614,,,,,,,,,,,,False,False,False,False,False,https://openapi.twse.com.tw/v1/opendata/t187ap05_L,2026-06-15 23:10:31 Asia/Taipei
2337,旺宏,monthly_revenue_202605,20260614,,,,,,,,,,,,False,False,False,False,True,https://openapi.twse.com.tw/v1/opendata/t187ap05_L,2026-06-15 23:10:31 Asia/Taipei
2338,光罩,monthly_revenue_202605,20260614,,,,,,,,,,,,False,False,False,False,False,https://openapi.twse.com.tw/v1/opendata/t187ap05_L,2026-06-15 23:10:31 Asia/Taipei
2340,台亞,monthly_revenue_202605,20260614,,,,,,,,,,,,False,False,False,False,False,https://openapi.twse.com.tw/v1/opendata/t187ap05_L,2026-06-15 23:10:31 Asia/Taipei
2342,茂矽,monthly_revenue_202605,20260614,,,,,,,,,,,,False,False,False,False,False,https://openapi.twse.com.tw/v1/opendata/t187ap05_L,2026-06-15 23:10:31 Asia/Taipei
2344,華邦電,monthly_revenue_202605,20260614,,,,,,,,,,,,False,False,False,False,True,https://openapi.twse.com.tw/v1/opendata/t187ap05_L,2026-06-15 23:10:31 Asia/Taipei
2345,智邦,monthly_revenue_202605,20260614,,,,,,,,,,,,False,False,False,False,True,https://openapi.twse.com.tw/v1/opendata/t187ap05_L,2026-06-15 23:10:31 Asia/Taipei
2347,聯強,monthly_revenue_202605,20260614,,,,,,,,,,,,False,False,False,False,True,https://openapi.twse.com.tw/v1/opendata/t187ap05_L,2026-06-15 23:10:31 Asia/Taipei
2348,海悅,monthly_revenue_202605,20260614,,,,,,,,,,,,False,False,False,False,False,https://openapi.twse.com.tw/v1/opendata/t187ap05_L,2026-06-15 14:53:27 Asia/Taipei
2349,錸德,monthly_revenue_202605,20260614,,,,,,,,,,,,False,False,False,False,False,https://openapi.twse.com.tw/v1/opendata/t187ap05_L,2026-06-15 23:10:31 Asia/Taipei
2351,順德,monthly_revenue_202605,20260614,,,,,,,,,,,,False,False,False,False,True,https://openapi.twse.com.tw/v1/opendata/t187ap05_L,2026-06-15 23:10:31 Asia/Taipei
2353,宏碁,monthly_revenue_202605,20260614,,,,,,,,,,,,False,False,False,False,True,https://openapi.twse.com.tw/v1/opendata/t187ap05_L,2026-06-15 14:53:27 Asia/Taipei
2355,敬鵬,monthly_revenue_202605,20260614,,,,,,,,,,,,False,False,False,False,False,https://openapi.twse.com.tw/v1/opendata/t187ap05_L,2026-06-15 23:10:31 Asia/Taipei
2356,英業達,monthly_revenue_202605,20260614,,,,,,,,,,,,False,False,False,False,True,https://openapi.twse.com.tw/v1/opendata/t187ap05_L,2026-06-15 23:10:31 Asia/Taipei
2359,所羅門,monthly_revenue_202605,20260614,,,,,,,,,,,,False,False,False,False,True,https://openapi.twse.com.tw/v1/opendata/t187ap05_L,2026-06-15 23:10:31 Asia/Taipei
2360,致茂,monthly_revenue_202605,20260614,,,,,,,,,,,,False,False,False,False,True,https://openapi.twse.com.tw/v1/opendata/t187ap05_L,2026-06-15 23:10:31 Asia/Taipei
2363,矽統,monthly_revenue_202605,20260614,,,,,,,,,,,,False,False,False,False,True,https://openapi.twse.com.tw/v1/opendata/t187ap05_L,2026-06-15 23:10:31 Asia/Taipei
2365,昆盈,monthly_revenue_202605,20260614,,,,,,,,,,,,False,False,False,False,True,https://openapi.twse.com.tw/v1/opendata/t187ap05_L,2026-06-15 23:10:31 Asia/Taipei
2368,金像電,monthly_revenue_202605,20260614,,,,,,,,,,,,False,False,False,False,True,https://openapi.twse.com.tw/v1/opendata/t187ap05_L,2026-06-15 23:10:31 Asia/Taipei
2369,菱生,monthly_revenue_202605,20260614,,,,,,,,,,,,False,False,False,False,True,https://openapi.twse.com.tw/v1/opendata/t187ap05_L,2026-06-15 23:10:31 Asia/Taipei
2374,佳能,monthly_revenue_202605,20260614,,,,,,,,,,,,False,False,False,False,True,https://openapi.twse.com.tw/v1/opendata/t187ap05_L,2026-06-15 23:10:31 Asia/Taipei
2375,凱美,monthly_revenue_202605,20260614,,,,,,,,,,,,False,False,False,False,False,https://openapi.twse.com.tw/v1/opendata/t187ap05_L,2026-06-15 23:10:31 Asia/Taipei
2376,技嘉,monthly_revenue_202605,20260614,,,,,,,,,,,,False,False,False,False,True,https://openapi.twse.com.tw/v1/opendata/t187ap05_L,2026-06-15 23:10:31 Asia/Taipei
2379,瑞昱,monthly_revenue_202605,20260614,,,,,,,,,,,,False,False,False,False,True,https://openapi.twse.com.tw/v1/opendata/t187ap05_L,2026-06-15 14:53:27 Asia/Taipei
2380,虹光,monthly_revenue_202605,20260614,,,,,,,,,,,,False,False,False,False,True,https://openapi.twse.com.tw/v1/opendata/t187ap05_L,2026-06-15 14:53:27 Asia/Taipei
2382,廣達,monthly_revenue_202605,20260614,,,,,,,,,,,,False,False,False,False,True,https://openapi.twse.com.tw/v1/opendata/t187ap05_L,2026-06-15 23:10:31 Asia/Taipei
2383,台光電,monthly_revenue_202605,20260614,,,,,,,,,,,,False,False,False,False,True,https://openapi.twse.com.tw/v1/opendata/t187ap05_L,2026-06-15 23:10:31 Asia/Taipei
2385,群光,monthly_revenue_202605,20260614,,,,,,,,,,,,False,False,False,False,False,https://openapi.twse.com.tw/v1/opendata/t187ap05_L,2026-06-15 14:53:27 Asia/Taipei
2388,威盛,monthly_revenue_202605,20260614,,,,,,,,,,,,False,False,False,False,True,https://openapi.twse.com.tw/v1/opendata/t187ap05_L,2026-06-15 23:10:31 Asia/Taipei
2392,正崴,monthly_revenue_202605,20260614,,,,,,,,,,,,False,False,False,False,False,https://openapi.twse.com.tw/v1/opendata/t187ap05_L,2026-06-15 23:10:31 Asia/Taipei
2393,億光,monthly_revenue_202605,20260614,,,,,,,,,,,,False,False,False,False,False,https://openapi.twse.com.tw/v1/opendata/t187ap05_L,2026-06-15 14:53:27 Asia/Taipei
2395,研華,monthly_revenue_202605,20260614,,,,,,,,,,,,False,False,False,False,True,https://openapi.twse.com.tw/v1/opendata/t187ap05_L,2026-06-15 23:10:31 Asia/Taipei
2399,映泰,monthly_revenue_202605,20260614,,,,,,,,,,,,False,False,False,False,True,https://openapi.twse.com.tw/v1/opendata/t187ap05_L,2026-06-15 23:10:31 Asia/Taipei
2401,凌陽,monthly_revenue_202605,20260614,,,,,,,,,,,,False,False,False,False,True,https://openapi.twse.com.tw/v1/opendata/t187ap05_L,2026-06-15 23:10:31 Asia/Taipei
2402,毅嘉,monthly_revenue_202605,20260614,,,,,,,,,,,,False,False,False,False,True,https://openapi.twse.com.tw/v1/opendata/t187ap05_L,2026-06-15 23:10:31 Asia/Taipei
2404,漢唐,monthly_revenue_202605,20260614,,,,,,,,,,,,False,False,False,False,True,https://openapi.twse.com.tw/v1/opendata/t187ap05_L,2026-06-15 14:53:27 Asia/Taipei
2406,國碩,monthly_revenue_202605,20260614,,,,,,,,,,,,False,False,False,False,True,https://openapi.twse.com.tw/v1/opendata/t187ap05_L,2026-06-15 23:10:31 Asia/Taipei
2408,南亞科,monthly_revenue_202605,20260614,,,,,,,,,,,,False,False,False,False,True,https://openapi.twse.com.tw/v1/opendata/t187ap05_L,2026-06-15 14:53:27 Asia/Taipei
2409,友達,monthly_revenue_202605,20260614,,,,,,,,,,,,False,False,False,False,False,https://openapi.twse.com.tw/v1/opendata/t187ap05_L,2026-06-15 23:10:31 Asia/Taipei
2412,中華電,monthly_revenue_202605,20260614,,,,,,,,,,,,False,False,False,False,False,https://openapi.twse.com.tw/v1/opendata/t187ap05_L,2026-06-15 23:10:31 Asia/Taipei
2413,環科,monthly_revenue_202605,20260614,,,,,,,,,,,,False,False,False,False,True,https://openapi.twse.com.tw/v1/opendata/t187ap05_L,2026-06-15 23:10:31 Asia/Taipei
2414,精技,monthly_revenue_202605,20260614,,,,,,,,,,,,False,False,False,False,True,https://openapi.twse.com.tw/v1/opendata/t187ap05_L,2026-06-15 14:53:27 Asia/Taipei
2419,仲琦,monthly_revenue_202605,20260614,,,,,,,,,,,,False,False,False,False,False,https://openapi.twse.com.tw/v1/opendata/t187ap05_L,2026-06-15 23:10:31 Asia/Taipei
2425,承啟,monthly_revenue_202605,20260614,,,,,,,,,,,,False,False,False,False,True,https://openapi.twse.com.tw/v1/opendata/t187ap05_L,2026-06-15 23:10:31 Asia/Taipei
2426,鼎元,monthly_revenue_202605,20260614,,,,,,,,,,,,False,False,False,False,False,https://openapi.twse.com.tw/v1/opendata/t187ap05_L,2026-06-15 23:10:31 Asia/Taipei
2428,興勤,monthly_revenue_202605,20260614,,,,,,,,,,,,False,False,False,False,True,https://openapi.twse.com.tw/v1/opendata/t187ap05_L,2026-06-15 23:10:31 Asia/Taipei
2436,偉詮電,monthly_revenue_202605,20260614,,,,,,,,,,,,False,False,False,False,True,https://openapi.twse.com.tw/v1/opendata/t187ap05_L,2026-06-15 23:10:31 Asia/Taipei
2439,美律,monthly_revenue_202605,20260614,,,,,,,,,,,,False,False,False,False,True,https://openapi.twse.com.tw/v1/opendata/t187ap05_L,2026-06-15 23:10:31 Asia/Taipei
2441,超豐,monthly_revenue_202605,20260614,,,,,,,,,,,,False,False,False,False,True,https://openapi.twse.com.tw/v1/opendata/t187ap05_L,2026-06-15 23:10:31 Asia/Taipei
2442,新美齊,monthly_revenue_202605,20260614,,,,,,,,,,,,False,False,False,False,True,https://openapi.twse.com.tw/v1/opendata/t187ap05_L,2026-06-15 23:10:31 Asia/Taipei
2444,兆勁,monthly_revenue_202605,20260614,,,,,,,,,,,,False,False,False,False,False,https://openapi.twse.com.tw/v1/opendata/t187ap05_L,2026-06-15 23:10:31 Asia/Taipei
2449,京元電子,monthly_revenue_202605,20260614,,,,,,,,,,,,False,False,False,False,True,https://openapi.twse.com.tw/v1/opendata/t187ap05_L,2026-06-15 23:10:31 Asia/Taipei
2451,創見,monthly_revenue_202605,20260614,,,,,,,,,,,,False,False,False,False,True,https://openapi.twse.com.tw/v1/opendata/t187ap05_L,2026-06-15 23:10:31 Asia/Taipei
2454,聯發科,monthly_revenue_202605,20260614,,,,,,,,,,,,False,False,False,False,False,https://openapi.twse.com.tw/v1/opendata/t187ap05_L,2026-06-15 14:53:27 Asia/Taipei
2455,全新,monthly_revenue_202605,20260614,,,,,,,,,,,,False,False,False,False,True,https://openapi.twse.com.tw/v1/opendata/t187ap05_L,2026-06-15 23:10:31 Asia/Taipei
2457,飛宏,monthly_revenue_202605,20260614,,,,,,,,,,,,False,False,False,False,False,https://openapi.twse.com.tw/v1/opendata/t187ap05_L,2026-06-15 14:53:27 Asia/Taipei
2458,義隆,monthly_revenue_202605,20260614,,,,,,,,,,,,False,False,False,False,False,https://openapi.twse.com.tw/v1/opendata/t187ap05_L,2026-06-15 23:10:31 Asia/Taipei
2460,建通,monthly_revenue_202605,20260614,,,,,,,,,,,,False,False,False,False,True,https://openapi.twse.com.tw/v1/opendata/t187ap05_L,2026-06-15 23:10:31 Asia/Taipei
2464,盟立,monthly_revenue_202605,20260614,,,,,,,,,,,,False,False,False,False,True,https://openapi.twse.com.tw/v1/opendata/t187ap05_L,2026-06-15 23:10:31 Asia/Taipei
2465,麗臺,monthly_revenue_202605,20260614,,,,,,,,,,,,False,False,False,False,True,https://openapi.twse.com.tw/v1/opendata/t187ap05_L,2026-06-15 23:10:31 Asia/Taipei
2474,可成,monthly_revenue_202605,20260614,,,,,,,,,,,,False,False,False,False,False,https://openapi.twse.com.tw/v1/opendata/t187ap05_L,2026-06-15 23:10:31 Asia/Taipei
2476,鉅祥,monthly_revenue_202605,20260614,,,,,,,,,,,,False,False,False,False,True,https://openapi.twse.com.tw/v1/opendata/t187ap05_L,2026-06-15 23:10:31 Asia/Taipei
2478,大毅,monthly_revenue_202605,20260614,,,,,,,,,,,,False,False,False,False,True,https://openapi.twse.com.tw/v1/opendata/t187ap05_L,2026-06-15 23:10:31 Asia/Taipei
2480,敦陽科,monthly_revenue_202605,20260614,,,,,,,,,,,,False,False,False,False,True,https://openapi.twse.com.tw/v1/opendata/t187ap05_L,2026-06-15 23:10:31 Asia/Taipei
2481,強茂,monthly_revenue_202605,20260614,,,,,,,,,,,,False,False,False,False,True,https://openapi.twse.com.tw/v1/opendata/t187ap05_L,2026-06-15 23:10:31 Asia/Taipei
2483,百容,monthly_revenue_202605,20260614,,,,,,,,,,,,False,False,False,False,True,https://openapi.twse.com.tw/v1/opendata/t187ap05_L,2026-06-15 23:10:31 Asia/Taipei
2484,希華,monthly_revenue_202605,20260614,,,,,,,,,,,,False,False,False,False,False,https://openapi.twse.com.tw/v1/opendata/t187ap05_L,2026-06-15 23:10:31 Asia/Taipei
2486,一詮,monthly_revenue_202605,20260614,,,,,,,,,,,,False,False,False,False,True,https://openapi.twse.com.tw/v1/opendata/t187ap05_L,2026-06-15 23:10:31 Asia/Taipei
2489,瑞軒,monthly_revenue_202605,20260614,,,,,,,,,,,,False,False,False,False,True,https://openapi.twse.com.tw/v1/opendata/t187ap05_L,2026-06-15 23:10:31 Asia/Taipei
2492,華新科,monthly_revenue_202605,20260614,,,,,,,,,,,,False,False,False,False,True,https://openapi.twse.com.tw/v1/opendata/t187ap05_L,2026-06-15 23:10:31 Asia/Taipei
2493,揚博,monthly_revenue_202605,20260614,,,,,,,,,,,,False,False,False,False,True,https://openapi.twse.com.tw/v1/opendata/t187ap05_L,2026-06-15 14:53:27 Asia/Taipei
2495,普安,monthly_revenue_202605,20260614,,,,,,,,,,,,False,False,False,False,True,https://openapi.twse.com.tw/v1/opendata/t187ap05_L,2026-06-15 23:10:31 Asia/Taipei
2498,宏達電,monthly_revenue_202605,20260614,,,,,,,,,,,,False,False,False,False,False,https://openapi.twse.com.tw/v1/opendata/t187ap05_L,2026-06-15 23:10:31 Asia/Taipei
2501,國建,monthly_revenue_202605,20260614,,,,,,,,,,,,False,False,False,False,True,https://openapi.twse.com.tw/v1/opendata/t187ap05_L,2026-06-15 23:10:31 Asia/Taipei
2511,太子,monthly_revenue_202605,20260614,,,,,,,,,,,,False,False,False,False,True,https://openapi.twse.com.tw/v1/opendata/t187ap05_L,2026-06-15 14:53:27 Asia/Taipei
2515,中工,monthly_revenue_202605,20260614,,,,,,,,,,,,False,False,False,False,True,https://openapi.twse.com.tw/v1/opendata/t187ap05_L,2026-06-15 23:10:31 Asia/Taipei
2520,冠德,monthly_revenue_202605,20260614,,,,,,,,,,,,False,False,False,False,True,https://openapi.twse.com.tw/v1/opendata/t187ap05_L,2026-06-15 14:53:27 Asia/Taipei
2527,宏璟,monthly_revenue_202605,20260614,,,,,,,,,,,,False,False,False,False,True,https://openapi.twse.com.tw/v1/opendata/t187ap05_L,2026-06-15 23:10:31 Asia/Taipei
2534,宏盛,monthly_revenue_202605,20260614,,,,,,,,,,,,False,False,False,False,False,https://openapi.twse.com.tw/v1/opendata/t187ap05_L,2026-06-15 14:53:27 Asia/Taipei
2536,宏普,monthly_revenue_202605,20260614,,,,,,,,,,,,False,False,False,False,True,https://openapi.twse.com.tw/v1/opendata/t187ap05_L,2026-06-15 14:53:27 Asia/Taipei
2537,聯上發,monthly_revenue_202605,20260614,,,,,,,,,,,,False,False,False,False,True,https://openapi.twse.com.tw/v1/opendata/t187ap05_L,2026-06-15 23:10:31 Asia/Taipei
2539,櫻花建,monthly_revenue_202605,20260614,,,,,,,,,,,,False,False,False,False,True,https://openapi.twse.com.tw/v1/opendata/t187ap05_L,2026-06-15 23:10:31 Asia/Taipei
2542,興富發,monthly_revenue_202605,20260614,,,,,,,,,,,,False,False,False,False,True,https://openapi.twse.com.tw/v1/opendata/t187ap05_L,2026-06-15 23:10:31 Asia/Taipei
2543,皇昌,monthly_revenue_202605,20260614,,,,,,,,,,,,False,False,False,False,True,https://openapi.twse.com.tw/v1/opendata/t187ap05_L,2026-06-15 23:10:31 Asia/Taipei
2547,日勝生,monthly_revenue_202605,20260614,,,,,,,,,,,,False,False,False,False,True,https://openapi.twse.com.tw/v1/opendata/t187ap05_L,2026-06-15 23:10:31 Asia/Taipei
2548,華固,monthly_revenue_202605,20260614,,,,,,,,,,,,False,False,False,False,True,https://openapi.twse.com.tw/v1/opendata/t187ap05_L,2026-06-15 23:10:31 Asia/Taipei
2603,長榮,monthly_revenue_202605,20260614,,,,,,,,,,,,False,False,False,False,True,https://openapi.twse.com.tw/v1/opendata/t187ap05_L,2026-06-15 23:10:31 Asia/Taipei
2605,新興,monthly_revenue_202605,20260614,,,,,,,,,,,,False,False,False,False,True,https://openapi.twse.com.tw/v1/opendata/t187ap05_L,2026-06-15 23:10:31 Asia/Taipei
2606,裕民,monthly_revenue_202605,20260614,,,,,,,,,,,,False,False,False,False,True,https://openapi.twse.com.tw/v1/opendata/t187ap05_L,2026-06-15 23:10:31 Asia/Taipei
2610,華航,monthly_revenue_202605,20260614,,,,,,,,,,,,False,False,False,False,True,https://openapi.twse.com.tw/v1/opendata/t187ap05_L,2026-06-15 23:10:31 Asia/Taipei
2615,萬海,monthly_revenue_202605,20260614,,,,,,,,,,,,False,False,False,False,True,https://openapi.twse.com.tw/v1/opendata/t187ap05_L,2026-06-15 23:10:31 Asia/Taipei
2617,台航,monthly_revenue_202605,20260614,,,,,,,,,,,,False,False,False,False,True,https://openapi.twse.com.tw/v1/opendata/t187ap05_L,2026-06-15 14:53:27 Asia/Taipei
2633,台灣高鐵,monthly_revenue_202605,20260614,,,,,,,,,,,,False,False,False,False,False,https://openapi.twse.com.tw/v1/opendata/t187ap05_L,2026-06-15 23:10:31 Asia/Taipei
2634,漢翔,monthly_revenue_202605,20260614,,,,,,,,,,,,False,False,False,False,False,https://openapi.twse.com.tw/v1/opendata/t187ap05_L,2026-06-15 23:10:31 Asia/Taipei
2637,慧洋-KY,monthly_revenue_202605,20260614,,,,,,,,,,,,False,False,False,False,True,https://openapi.twse.com.tw/v1/opendata/t187ap05_L,2026-06-15 23:10:31 Asia/Taipei
2645,長榮航太,monthly_revenue_202605,20260614,,,,,,,,,,,,False,False,False,False,True,https://openapi.twse.com.tw/v1/opendata/t187ap05_L,2026-06-15 23:10:31 Asia/Taipei
2646,星宇航空,monthly_revenue_202605,20260614,,,,,,,,,,,,False,False,False,False,True,https://openapi.twse.com.tw/v1/opendata/t187ap05_L,2026-06-15 23:10:31 Asia/Taipei
2705,六福,monthly_revenue_202605,20260614,,,,,,,,,,,,False,False,False,False,False,https://openapi.twse.com.tw/v1/opendata/t187ap05_L,2026-06-15 23:10:31 Asia/Taipei
2801,彰銀,monthly_revenue_202605,20260614,,,,,,,,,,,,False,False,False,False,True,https://openapi.twse.com.tw/v1/opendata/t187ap05_L,2026-06-15 23:10:31 Asia/Taipei
2812,台中銀,monthly_revenue_202605,20260614,,,,,,,,,,,,False,False,False,False,True,https://openapi.twse.com.tw/v1/opendata/t187ap05_L,2026-06-15 23:10:31 Asia/Taipei
2820,華票,monthly_revenue_202605,20260614,,,,,,,,,,,,False,False,False,False,True,https://openapi.twse.com.tw/v1/opendata/t187ap05_L,2026-06-15 23:10:31 Asia/Taipei
2836,高雄銀,monthly_revenue_202605,20260614,,,,,,,,,,,,False,False,False,False,False,https://openapi.twse.com.tw/v1/opendata/t187ap05_L,2026-06-15 23:10:31 Asia/Taipei
2838,聯邦銀,monthly_revenue_202605,20260614,,,,,,,,,,,,False,False,False,False,True,https://openapi.twse.com.tw/v1/opendata/t187ap05_L,2026-06-15 23:10:31 Asia/Taipei
2845,遠東銀,monthly_revenue_202605,20260614,,,,,,,,,,,,False,False,False,False,True,https://openapi.twse.com.tw/v1/opendata/t187ap05_L,2026-06-15 23:10:31 Asia/Taipei
2852,第一保,monthly_revenue_202605,20260614,,,,,,,,,,,,False,False,False,False,False,https://openapi.twse.com.tw/v1/opendata/t187ap05_L,2026-06-15 23:10:31 Asia/Taipei
2855,統一證,monthly_revenue_202605,20260614,,,,,,,,,,,,False,False,False,False,True,https://openapi.twse.com.tw/v1/opendata/t187ap05_L,2026-06-15 23:10:31 Asia/Taipei
2867,三商壽,monthly_revenue_202605,20260614,,,,,,,,,,,,False,False,False,False,True,https://openapi.twse.com.tw/v1/opendata/t187ap05_L,2026-06-15 23:10:31 Asia/Taipei
2881,富邦金,monthly_revenue_202605,20260614,,,,,,,,,,,,False,False,False,False,True,https://openapi.twse.com.tw/v1/opendata/t187ap05_L,2026-06-15 23:10:31 Asia/Taipei
2884,玉山金,monthly_revenue_202605,20260614,,,,,,,,,,,,False,False,False,False,True,https://openapi.twse.com.tw/v1/opendata/t187ap05_L,2026-06-15 23:10:31 Asia/Taipei
2886,兆豐金,monthly_revenue_202605,20260614,,,,,,,,,,,,False,False,False,False,True,https://openapi.twse.com.tw/v1/opendata/t187ap05_L,2026-06-15 23:10:31 Asia/Taipei
2887,台新新光金,monthly_revenue_202605,20260614,,,,,,,,,,,,False,False,False,False,True,https://openapi.twse.com.tw/v1/opendata/t187ap05_L,2026-06-15 23:10:31 Asia/Taipei
2889,國票金,monthly_revenue_202605,20260614,,,,,,,,,,,,False,False,False,False,True,https://openapi.twse.com.tw/v1/opendata/t187ap05_L,2026-06-15 23:10:31 Asia/Taipei
2890,永豐金,monthly_revenue_202605,20260614,,,,,,,,,,,,False,False,False,False,True,https://openapi.twse.com.tw/v1/opendata/t187ap05_L,2026-06-15 14:53:27 Asia/Taipei
2891,中信金,monthly_revenue_202605,20260614,,,,,,,,,,,,False,False,False,False,True,https://openapi.twse.com.tw/v1/opendata/t187ap05_L,2026-06-15 14:53:27 Asia/Taipei
2892,第一金,monthly_revenue_202605,20260614,,,,,,,,,,,,False,False,False,False,True,https://openapi.twse.com.tw/v1/opendata/t187ap05_L,2026-06-15 23:10:31 Asia/Taipei
2897,王道銀行,monthly_revenue_202605,20260614,,,,,,,,,,,,False,False,False,False,True,https://openapi.twse.com.tw/v1/opendata/t187ap05_L,2026-06-15 23:10:31 Asia/Taipei
2903,遠百,monthly_revenue_202605,20260614,,,,,,,,,,,,False,False,False,False,False,https://openapi.twse.com.tw/v1/opendata/t187ap05_L,2026-06-15 23:10:31 Asia/Taipei
2905,三商,monthly_revenue_202605,20260614,,,,,,,,,,,,False,False,False,False,True,https://openapi.twse.com.tw/v1/opendata/t187ap05_L,2026-06-15 23:10:31 Asia/Taipei
2912,統一超,monthly_revenue_202605,20260614,,,,,,,,,,,,False,False,False,False,False,https://openapi.twse.com.tw/v1/opendata/t187ap05_L,2026-06-15 23:10:31 Asia/Taipei
2913,農林,monthly_revenue_202605,20260614,,,,,,,,,,,,False,False,False,False,False,https://openapi.twse.com.tw/v1/opendata/t187ap05_L,2026-06-15 23:10:31 Asia/Taipei
2915,潤泰全,monthly_revenue_202605,20260614,,,,,,,,,,,,False,False,False,False,False,https://openapi.twse.com.tw/v1/opendata/t187ap05_L,2026-06-15 23:10:31 Asia/Taipei
3003,健和興,monthly_revenue_202605,20260614,,,,,,,,,,,,False,False,False,False,True,https://openapi.twse.com.tw/v1/opendata/t187ap05_L,2026-06-15 23:10:31 Asia/Taipei
3004,豐達科,monthly_revenue_202605,20260614,,,,,,,,,,,,False,False,False,False,True,https://openapi.twse.com.tw/v1/opendata/t187ap05_L,2026-06-15 23:10:31 Asia/Taipei
3005,神基,monthly_revenue_202605,20260614,,,,,,,,,,,,False,False,False,False,False,https://openapi.twse.com.tw/v1/opendata/t187ap05_L,2026-06-15 14:53:27 Asia/Taipei
3006,晶豪科,monthly_revenue_202605,20260614,,,,,,,,,,,,False,False,False,False,True,https://openapi.twse.com.tw/v1/opendata/t187ap05_L,2026-06-15 23:10:31 Asia/Taipei
3008,大立光,monthly_revenue_202605,20260614,,,,,,,,,,,,False,False,False,False,True,https://openapi.twse.com.tw/v1/opendata/t187ap05_L,2026-06-15 23:10:31 Asia/Taipei
3010,華立,monthly_revenue_202605,20260614,,,,,,,,,,,,False,False,False,False,True,https://openapi.twse.com.tw/v1/opendata/t187ap05_L,2026-06-15 23:10:31 Asia/Taipei
3011,今皓,monthly_revenue_202605,20260614,,,,,,,,,,,,False,False,False,False,False,https://openapi.twse.com.tw/v1/opendata/t187ap05_L,2026-06-15 14:53:27 Asia/Taipei
3013,晟銘電,monthly_revenue_202605,20260614,,,,,,,,,,,,False,False,False,False,True,https://openapi.twse.com.tw/v1/opendata/t187ap05_L,2026-06-15 23:10:31 Asia/Taipei
3014,聯陽,monthly_revenue_202605,20260614,,,,,,,,,,,,False,False,False,False,False,https://openapi.twse.com.tw/v1/opendata/t187ap05_L,2026-06-15 23:10:31 Asia/Taipei
3016,嘉晶,monthly_revenue_202605,20260614,,,,,,,,,,,,False,False,False,False,True,https://openapi.twse.com.tw/v1/opendata/t187ap05_L,2026-06-15 23:10:31 Asia/Taipei
3017,奇鋐,monthly_revenue_202605,20260614,,,,,,,,,,,,False,False,False,False,True,https://openapi.twse.com.tw/v1/opendata/t187ap05_L,2026-06-15 23:10:31 Asia/Taipei
3019,亞光,monthly_revenue_202605,20260614,,,,,,,,,,,,False,False,False,False,True,https://openapi.twse.com.tw/v1/opendata/t187ap05_L,2026-06-15 23:10:31 Asia/Taipei
3022,威強電,monthly_revenue_202605,20260614,,,,,,,,,,,,False,False,False,False,True,https://openapi.twse.com.tw/v1/opendata/t187ap05_L,2026-06-15 23:10:31 Asia/Taipei
3025,星通,monthly_revenue_202605,20260614,,,,,,,,,,,,False,False,False,False,True,https://openapi.twse.com.tw/v1/opendata/t187ap05_L,2026-06-15 23:10:31 Asia/Taipei
3026,禾伸堂,monthly_revenue_202605,20260614,,,,,,,,,,,,False,False,False,False,True,https://openapi.twse.com.tw/v1/opendata/t187ap05_L,2026-06-15 23:10:31 Asia/Taipei
3028,增你強,monthly_revenue_202605,20260614,,,,,,,,,,,,False,False,False,False,True,https://openapi.twse.com.tw/v1/opendata/t187ap05_L,2026-06-15 23:10:31 Asia/Taipei
3029,零壹,monthly_revenue_202605,20260614,,,,,,,,,,,,False,False,False,False,True,https://openapi.twse.com.tw/v1/opendata/t187ap05_L,2026-06-15 23:10:31 Asia/Taipei
3032,偉訓,monthly_revenue_202605,20260614,,,,,,,,,,,,False,False,False,False,False,https://openapi.twse.com.tw/v1/opendata/t187ap05_L,2026-06-15 23:10:31 Asia/Taipei
3033,威健,monthly_revenue_202605,20260614,,,,,,,,,,,,False,False,False,False,True,https://openapi.twse.com.tw/v1/opendata/t187ap05_L,2026-06-15 23:10:31 Asia/Taipei
3034,聯詠,monthly_revenue_202605,20260614,,,,,,,,,,,,False,False,False,False,False,https://openapi.twse.com.tw/v1/opendata/t187ap05_L,2026-06-15 23:10:31 Asia/Taipei
3035,智原,monthly_revenue_202605,20260614,,,,,,,,,,,,False,False,False,False,False,https://openapi.twse.com.tw/v1/opendata/t187ap05_L,2026-06-15 23:10:31 Asia/Taipei
3036,文曄,monthly_revenue_202605,20260614,,,,,,,,,,,,False,False,False,False,True,https://openapi.twse.com.tw/v1/opendata/t187ap05_L,2026-06-15 23:10:31 Asia/Taipei
3037,欣興,monthly_revenue_202605,20260614,,,,,,,,,,,,False,False,False,False,True,https://openapi.twse.com.tw/v1/opendata/t187ap05_L,2026-06-15 23:10:31 Asia/Taipei
3041,揚智,monthly_revenue_202605,20260614,,,,,,,,,,,,False,False,False,False,True,https://openapi.twse.com.tw/v1/opendata/t187ap05_L,2026-06-15 23:10:31 Asia/Taipei
3042,晶技,monthly_revenue_202605,20260614,,,,,,,,,,,,False,False,False,False,False,https://openapi.twse.com.tw/v1/opendata/t187ap05_L,2026-06-15 23:10:31 Asia/Taipei
3044,健鼎,monthly_revenue_202605,20260614,,,,,,,,,,,,False,False,False,False,True,https://openapi.twse.com.tw/v1/opendata/t187ap05_L,2026-06-15 23:10:31 Asia/Taipei
3045,台灣大,monthly_revenue_202605,20260614,,,,,,,,,,,,False,False,False,False,False,https://openapi.twse.com.tw/v1/opendata/t187ap05_L,2026-06-15 23:10:31 Asia/Taipei
3047,訊舟,monthly_revenue_202605,20260614,,,,,,,,,,,,False,False,False,False,False,https://openapi.twse.com.tw/v1/opendata/t187ap05_L,2026-06-15 14:53:27 Asia/Taipei
3048,益登,monthly_revenue_202605,20260614,,,,,,,,,,,,False,False,False,False,True,https://openapi.twse.com.tw/v1/opendata/t187ap05_L,2026-06-15 23:10:31 Asia/Taipei
3049,精金,monthly_revenue_202605,20260614,,,,,,,,,,,,False,False,False,False,False,https://openapi.twse.com.tw/v1/opendata/t187ap05_L,2026-06-15 14:53:27 Asia/Taipei
3050,鈺德,monthly_revenue_202605,20260614,,,,,,,,,,,,False,False,False,False,False,https://openapi.twse.com.tw/v1/opendata/t187ap05_L,2026-06-15 23:10:31 Asia/Taipei
3051,力特,monthly_revenue_202605,20260614,,,,,,,,,,,,False,False,False,False,True,https://openapi.twse.com.tw/v1/opendata/t187ap05_L,2026-06-15 23:10:31 Asia/Taipei
3056,富華新,monthly_revenue_202605,20260614,,,,,,,,,,,,False,False,False,False,False,https://openapi.twse.com.tw/v1/opendata/t187ap05_L,2026-06-15 14:53:27 Asia/Taipei
3059,華晶科,monthly_revenue_202605,20260614,,,,,,,,,,,,False,False,False,False,False,https://openapi.twse.com.tw/v1/opendata/t187ap05_L,2026-06-15 23:10:31 Asia/Taipei
3060,銘異,monthly_revenue_202605,20260614,,,,,,,,,,,,False,False,False,False,True,https://openapi.twse.com.tw/v1/opendata/t187ap05_L,2026-06-15 23:10:31 Asia/Taipei
3090,日電貿,monthly_revenue_202605,20260614,,,,,,,,,,,,False,False,False,False,True,https://openapi.twse.com.tw/v1/opendata/t187ap05_L,2026-06-15 23:10:31 Asia/Taipei
3094,聯傑,monthly_revenue_202605,20260614,,,,,,,,,,,,False,False,False,False,False,https://openapi.twse.com.tw/v1/opendata/t187ap05_L,2026-06-15 23:10:31 Asia/Taipei
3131,弘塑,monthly_revenue_202605,20260615,,,,,,,,,,,,False,False,False,False,True,https://www.tpex.org.tw/openapi/v1/mopsfin_t187ap05_O,2026-06-15 23:10:33 Asia/Taipei
3135,凌航,monthly_revenue_202605,20260614,,,,,,,,,,,,False,False,False,False,True,https://openapi.twse.com.tw/v1/opendata/t187ap05_L,2026-06-15 23:10:31 Asia/Taipei
3167,大量,monthly_revenue_202605,20260614,,,,,,,,,,,,False,False,False,False,True,https://openapi.twse.com.tw/v1/opendata/t187ap05_L,2026-06-15 23:10:31 Asia/Taipei
3189,景碩,monthly_revenue_202605,20260614,,,,,,,,,,,,False,False,False,False,True,https://openapi.twse.com.tw/v1/opendata/t187ap05_L,2026-06-15 23:10:31 Asia/Taipei
3209,全科,monthly_revenue_202605,20260614,,,,,,,,,,,,False,False,False,False,True,https://openapi.twse.com.tw/v1/opendata/t187ap05_L,2026-06-15 23:10:31 Asia/Taipei
3231,緯創,monthly_revenue_202605,20260614,,,,,,,,,,,,False,False,False,False,True,https://openapi.twse.com.tw/v1/opendata/t187ap05_L,2026-06-15 23:10:31 Asia/Taipei
3305,昇貿,monthly_revenue_202605,20260614,,,,,,,,,,,,False,False,False,False,True,https://openapi.twse.com.tw/v1/opendata/t187ap05_L,2026-06-15 23:10:31 Asia/Taipei
3311,閎暉,monthly_revenue_202605,20260614,,,,,,,,,,,,False,False,False,False,False,https://openapi.twse.com.tw/v1/opendata/t187ap05_L,2026-06-15 23:10:31 Asia/Taipei
3312,弘憶股,monthly_revenue_202605,20260614,,,,,,,,,,,,False,False,False,False,False,https://openapi.twse.com.tw/v1/opendata/t187ap05_L,2026-06-15 14:53:27 Asia/Taipei
3321,同泰,monthly_revenue_202605,20260614,,,,,,,,,,,,False,False,False,False,True,https://openapi.twse.com.tw/v1/opendata/t187ap05_L,2026-06-15 23:10:31 Asia/Taipei
3356,奇偶,monthly_revenue_202605,20260614,,,,,,,,,,,,False,False,False,False,False,https://openapi.twse.com.tw/v1/opendata/t187ap05_L,2026-06-15 23:10:31 Asia/Taipei
3357,臺慶科,monthly_revenue_202605,20260615,,,,,,,,,,,,False,False,False,False,True,https://www.tpex.org.tw/openapi/v1/mopsfin_t187ap05_O,2026-06-15 23:10:33 Asia/Taipei
3406,玉晶光,monthly_revenue_202605,20260614,,,,,,,,,,,,False,False,False,False,True,https://openapi.twse.com.tw/v1/opendata/t187ap05_L,2026-06-15 23:10:31 Asia/Taipei
3413,京鼎,monthly_revenue_202605,20260614,,,,,,,,,,,,False,False,False,False,True,https://openapi.twse.com.tw/v1/opendata/t187ap05_L,2026-06-15 23:10:31 Asia/Taipei
3443,創意,monthly_revenue_202605,20260614,,,,,,,,,,,,False,False,False,False,True,https://openapi.twse.com.tw/v1/opendata/t187ap05_L,2026-06-15 23:10:31 Asia/Taipei
3450,聯鈞,monthly_revenue_202605,20260614,,,,,,,,,,,,False,False,False,False,True,https://openapi.twse.com.tw/v1/opendata/t187ap05_L,2026-06-15 23:10:31 Asia/Taipei
3481,群創,monthly_revenue_202605,20260614,,,,,,,,,,,,False,False,False,False,True,https://openapi.twse.com.tw/v1/opendata/t187ap05_L,2026-06-15 23:10:31 Asia/Taipei
3498,陽程,monthly_revenue_202605,20260615,,,,,,,,,,,,False,False,False,False,True,https://www.tpex.org.tw/openapi/v1/mopsfin_t187ap05_O,2026-06-15 23:10:33 Asia/Taipei
3504,揚明光,monthly_revenue_202605,20260614,,,,,,,,,,,,False,False,False,False,False,https://openapi.twse.com.tw/v1/opendata/t187ap05_L,2026-06-15 23:10:31 Asia/Taipei
3532,台勝科,monthly_revenue_202605,20260614,,,,,,,,,,,,False,False,False,False,True,https://openapi.twse.com.tw/v1/opendata/t187ap05_L,2026-06-15 23:10:31 Asia/Taipei
3550,聯穎,monthly_revenue_202605,20260614,,,,,,,,,,,,False,False,False,False,True,https://openapi.twse.com.tw/v1/opendata/t187ap05_L,2026-06-15 23:10:31 Asia/Taipei
3576,聯合再生,monthly_revenue_202605,20260614,,,,,,,,,,,,False,False,False,False,True,https://openapi.twse.com.tw/v1/opendata/t187ap05_L,2026-06-15 23:10:31 Asia/Taipei
3583,辛耘,monthly_revenue_202605,20260614,,,,,,,,,,,,False,False,False,False,False,https://openapi.twse.com.tw/v1/opendata/t187ap05_L,2026-06-15 14:53:27 Asia/Taipei
3596,智易,monthly_revenue_202605,20260614,,,,,,,,,,,,False,False,False,False,False,https://openapi.twse.com.tw/v1/opendata/t187ap05_L,2026-06-15 23:10:31 Asia/Taipei
3607,谷崧,monthly_revenue_202605,20260614,,,,,,,,,,,,False,False,False,False,False,https://openapi.twse.com.tw/v1/opendata/t187ap05_L,2026-06-15 23:10:31 Asia/Taipei
3624,光頡,monthly_revenue_202605,20260615,,,,,,,,,,,,False,False,False,False,True,https://www.tpex.org.tw/openapi/v1/mopsfin_t187ap05_O,2026-06-15 23:10:33 Asia/Taipei
3653,健策,monthly_revenue_202605,20260614,,,,,,,,,,,,False,False,False,False,True,https://openapi.twse.com.tw/v1/opendata/t187ap05_L,2026-06-15 23:10:31 Asia/Taipei
3661,世芯-KY,monthly_revenue_202605,20260614,,,,,,,,,,,,False,False,False,False,False,https://openapi.twse.com.tw/v1/opendata/t187ap05_L,2026-06-15 23:10:31 Asia/Taipei
3665,貿聯-KY,monthly_revenue_202605,20260614,,,,,,,,,,,,False,False,False,False,True,https://openapi.twse.com.tw/v1/opendata/t187ap05_L,2026-06-15 23:10:31 Asia/Taipei
3673,TPK-KY,monthly_revenue_202605,20260614,,,,,,,,,,,,False,False,False,False,True,https://openapi.twse.com.tw/v1/opendata/t187ap05_L,2026-06-15 23:10:31 Asia/Taipei
3702,大聯大,monthly_revenue_202605,20260614,,,,,,,,,,,,False,False,False,False,True,https://openapi.twse.com.tw/v1/opendata/t187ap05_L,2026-06-15 23:10:31 Asia/Taipei
3703,欣陸,monthly_revenue_202605,20260614,,,,,,,,,,,,False,False,False,False,False,https://openapi.twse.com.tw/v1/opendata/t187ap05_L,2026-06-15 23:10:31 Asia/Taipei
3704,合勤控,monthly_revenue_202605,20260614,,,,,,,,,,,,False,False,False,False,True,https://openapi.twse.com.tw/v1/opendata/t187ap05_L,2026-06-15 23:10:31 Asia/Taipei
3706,神達,monthly_revenue_202605,20260614,,,,,,,,,,,,False,False,False,False,True,https://openapi.twse.com.tw/v1/opendata/t187ap05_L,2026-06-15 23:10:31 Asia/Taipei
3707,漢磊,monthly_revenue_202605,20260615,,,,,,,,,,,,False,False,False,False,True,https://www.tpex.org.tw/openapi/v1/mopsfin_t187ap05_O,2026-06-15 23:10:33 Asia/Taipei
3711,日月光投控,monthly_revenue_202605,20260614,,,,,,,,,,,,False,False,False,False,True,https://openapi.twse.com.tw/v1/opendata/t187ap05_L,2026-06-15 23:10:31 Asia/Taipei
3715,定穎投控,monthly_revenue_202605,20260614,,,,,,,,,,,,False,False,False,False,True,https://openapi.twse.com.tw/v1/opendata/t187ap05_L,2026-06-15 23:10:31 Asia/Taipei
3717,聯嘉投控,monthly_revenue_202605,20260614,,,,,,,,,,,,False,False,False,False,False,https://openapi.twse.com.tw/v1/opendata/t187ap05_L,2026-06-15 23:10:31 Asia/Taipei
4306,炎洲,monthly_revenue_202605,20260614,,,,,,,,,,,,False,False,False,False,True,https://openapi.twse.com.tw/v1/opendata/t187ap05_L,2026-06-15 14:53:27 Asia/Taipei
4526,東台,monthly_revenue_202605,20260614,,,,,,,,,,,,False,False,False,False,True,https://openapi.twse.com.tw/v1/opendata/t187ap05_L,2026-06-15 23:10:31 Asia/Taipei
4532,瑞智,monthly_revenue_202605,20260614,,,,,,,,,,,,False,False,False,False,False,https://openapi.twse.com.tw/v1/opendata/t187ap05_L,2026-06-15 23:10:31 Asia/Taipei
4540,全球傳動,monthly_revenue_202605,20260614,,,,,,,,,,,,False,False,False,False,True,https://openapi.twse.com.tw/v1/opendata/t187ap05_L,2026-06-15 23:10:31 Asia/Taipei
4551,智伸科,monthly_revenue_202605,20260614,,,,,,,,,,,,False,False,False,False,True,https://openapi.twse.com.tw/v1/opendata/t187ap05_L,2026-06-15 23:10:31 Asia/Taipei
4566,時碩工業,monthly_revenue_202605,20260614,,,,,,,,,,,,False,False,False,False,False,https://openapi.twse.com.tw/v1/opendata/t187ap05_L,2026-06-15 14:53:27 Asia/Taipei
4576,大銀微系統,monthly_revenue_202605,20260614,,,,,,,,,,,,False,False,False,False,True,https://openapi.twse.com.tw/v1/opendata/t187ap05_L,2026-06-15 23:10:31 Asia/Taipei
4722,國精化,monthly_revenue_202605,20260614,,,,,,,,,,,,False,False,False,False,False,https://openapi.twse.com.tw/v1/opendata/t187ap05_L,2026-06-15 23:10:31 Asia/Taipei
4763,材料*-KY,monthly_revenue_202605,20260614,,,,,,,,,,,,False,False,False,False,False,https://openapi.twse.com.tw/v1/opendata/t187ap05_L,2026-06-15 23:10:31 Asia/Taipei
4764,雙鍵,monthly_revenue_202605,20260614,,,,,,,,,,,,False,False,False,False,True,https://openapi.twse.com.tw/v1/opendata/t187ap05_L,2026-06-15 23:10:31 Asia/Taipei
4904,遠傳,monthly_revenue_202605,20260614,,,,,,,,,,,,False,False,False,False,False,https://openapi.twse.com.tw/v1/opendata/t187ap05_L,2026-06-15 23:10:31 Asia/Taipei
4906,正文,monthly_revenue_202605,20260614,,,,,,,,,,,,False,False,False,False,False,https://openapi.twse.com.tw/v1/opendata/t187ap05_L,2026-06-15 23:10:31 Asia/Taipei
4916,事欣科,monthly_revenue_202605,20260614,,,,,,,,,,,,False,False,False,False,True,https://openapi.twse.com.tw/v1/opendata/t187ap05_L,2026-06-15 23:10:31 Asia/Taipei
4919,新唐,monthly_revenue_202605,20260614,,,,,,,,,,,,False,False,False,False,False,https://openapi.twse.com.tw/v1/opendata/t187ap05_L,2026-06-15 23:10:31 Asia/Taipei
4927,泰鼎-KY,monthly_revenue_202605,20260614,,,,,,,,,,,,False,False,False,False,False,https://openapi.twse.com.tw/v1/opendata/t187ap05_L,2026-06-15 23:10:31 Asia/Taipei
4934,太極,monthly_revenue_202605,20260614,,,,,,,,,,,,False,False,False,False,True,https://openapi.twse.com.tw/v1/opendata/t187ap05_L,2026-06-15 23:10:31 Asia/Taipei
4938,和碩,monthly_revenue_202605,20260614,,,,,,,,,,,,False,False,False,False,False,https://openapi.twse.com.tw/v1/opendata/t187ap05_L,2026-06-15 14:53:27 Asia/Taipei
4949,有成精密,monthly_revenue_202605,20260614,,,,,,,,,,,,False,False,False,False,True,https://openapi.twse.com.tw/v1/opendata/t187ap05_L,2026-06-15 23:10:31 Asia/Taipei
4952,凌通,monthly_revenue_202605,20260614,,,,,,,,,,,,False,False,False,False,True,https://openapi.twse.com.tw/v1/opendata/t187ap05_L,2026-06-15 23:10:31 Asia/Taipei
4958,臻鼎-KY,monthly_revenue_202605,20260614,,,,,,,,,,,,False,False,False,False,True,https://openapi.twse.com.tw/v1/opendata/t187ap05_L,2026-06-15 23:10:31 Asia/Taipei
4960,誠美材,monthly_revenue_202605,20260614,,,,,,,,,,,,False,False,False,False,False,https://openapi.twse.com.tw/v1/opendata/t187ap05_L,2026-06-15 23:10:31 Asia/Taipei
4966,譜瑞-KY,monthly_revenue_202605,20260615,,,,,,,,,,,,False,False,False,False,False,https://www.tpex.org.tw/openapi/v1/mopsfin_t187ap05_O,2026-06-15 23:10:33 Asia/Taipei
4967,十銓,monthly_revenue_202605,20260614,,,,,,,,,,,,False,False,False,False,True,https://openapi.twse.com.tw/v1/opendata/t187ap05_L,2026-06-15 23:10:31 Asia/Taipei
4976,佳凌,monthly_revenue_202605,20260614,,,,,,,,,,,,False,False,False,False,False,https://openapi.twse.com.tw/v1/opendata/t187ap05_L,2026-06-15 23:10:31 Asia/Taipei
5243,乙盛-KY,monthly_revenue_202605,20260614,,,,,,,,,,,,False,False,False,False,False,https://openapi.twse.com.tw/v1/opendata/t187ap05_L,2026-06-15 23:10:31 Asia/Taipei
5285,界霖,monthly_revenue_202605,20260614,,,,,,,,,,,,False,False,False,False,True,https://openapi.twse.com.tw/v1/opendata/t187ap05_L,2026-06-15 23:10:31 Asia/Taipei
5351,鈺創,monthly_revenue_202605,20260615,,,,,,,,,,,,False,False,False,False,True,https://www.tpex.org.tw/openapi/v1/mopsfin_t187ap05_O,2026-06-15 23:10:33 Asia/Taipei
5388,中磊,monthly_revenue_202605,20260614,,,,,,,,,,,,False,False,False,False,True,https://openapi.twse.com.tw/v1/opendata/t187ap05_L,2026-06-15 23:10:31 Asia/Taipei
5425,台半,monthly_revenue_202605,20260615,,,,,,,,,,,,False,False,False,False,False,https://www.tpex.org.tw/openapi/v1/mopsfin_t187ap05_O,2026-06-15 23:10:33 Asia/Taipei
5434,崇越,monthly_revenue_202605,20260614,,,,,,,,,,,,False,False,False,False,True,https://openapi.twse.com.tw/v1/opendata/t187ap05_L,2026-06-15 14:53:27 Asia/Taipei
5439,高技,monthly_revenue_202605,20260615,,,,,,,,,,,,False,False,False,False,True,https://www.tpex.org.tw/openapi/v1/mopsfin_t187ap05_O,2026-06-15 23:10:33 Asia/Taipei
5464,霖宏,monthly_revenue_202605,20260615,,,,,,,,,,,,False,False,False,False,True,https://www.tpex.org.tw/openapi/v1/mopsfin_t187ap05_O,2026-06-15 23:10:33 Asia/Taipei
5469,瀚宇博,monthly_revenue_202605,20260614,,,,,,,,,,,,False,False,False,False,True,https://openapi.twse.com.tw/v1/opendata/t187ap05_L,2026-06-15 23:10:31 Asia/Taipei
5471,松翰,monthly_revenue_202605,20260614,,,,,,,,,,,,False,False,False,False,True,https://openapi.twse.com.tw/v1/opendata/t187ap05_L,2026-06-15 23:10:31 Asia/Taipei
5519,隆大,monthly_revenue_202605,20260614,,,,,,,,,,,,False,False,False,False,True,https://openapi.twse.com.tw/v1/opendata/t187ap05_L,2026-06-15 14:53:27 Asia/Taipei
5521,工信,monthly_revenue_202605,20260614,,,,,,,,,,,,False,False,False,False,True,https://openapi.twse.com.tw/v1/opendata/t187ap05_L,2026-06-15 23:10:31 Asia/Taipei
5522,遠雄,monthly_revenue_202605,20260614,,,,,,,,,,,,False,False,False,False,True,https://openapi.twse.com.tw/v1/opendata/t187ap05_L,2026-06-15 23:10:31 Asia/Taipei
5534,長虹,monthly_revenue_202605,20260614,,,,,,,,,,,,False,False,False,False,True,https://openapi.twse.com.tw/v1/opendata/t187ap05_L,2026-06-15 23:10:31 Asia/Taipei
5608,四維航,monthly_revenue_202605,20260614,,,,,,,,,,,,False,False,False,False,False,https://openapi.twse.com.tw/v1/opendata/t187ap05_L,2026-06-15 23:10:31 Asia/Taipei
5871,中租-KY,monthly_revenue_202605,20260614,,,,,,,,,,,,False,False,False,False,False,https://openapi.twse.com.tw/v1/opendata/t187ap05_L,2026-06-15 23:10:31 Asia/Taipei
5876,上海商銀,monthly_revenue_202605,20260614,,,,,,,,,,,,False,False,False,False,False,https://openapi.twse.com.tw/v1/opendata/t187ap05_L,2026-06-15 23:10:31 Asia/Taipei
5880,合庫金,monthly_revenue_202605,20260614,,,,,,,,,,,,False,False,False,False,True,https://openapi.twse.com.tw/v1/opendata/t187ap05_L,2026-06-15 23:10:31 Asia/Taipei
6005,群益證,monthly_revenue_202605,20260614,,,,,,,,,,,,False,False,False,False,True,https://openapi.twse.com.tw/v1/opendata/t187ap05_L,2026-06-15 23:10:31 Asia/Taipei
6108,競國,monthly_revenue_202605,20260614,,,,,,,,,,,,False,False,False,False,True,https://openapi.twse.com.tw/v1/opendata/t187ap05_L,2026-06-15 23:10:31 Asia/Taipei
6120,達運,monthly_revenue_202605,20260614,,,,,,,,,,,,False,False,False,False,False,https://openapi.twse.com.tw/v1/opendata/t187ap05_L,2026-06-15 23:10:31 Asia/Taipei
6133,金橋,monthly_revenue_202605,20260614,,,,,,,,,,,,False,False,False,False,False,https://openapi.twse.com.tw/v1/opendata/t187ap05_L,2026-06-15 23:10:31 Asia/Taipei
6139,亞翔,monthly_revenue_202605,20260614,,,,,,,,,,,,False,False,False,False,True,https://openapi.twse.com.tw/v1/opendata/t187ap05_L,2026-06-15 23:10:31 Asia/Taipei
6141,柏承,monthly_revenue_202605,20260614,,,,,,,,,,,,False,False,False,False,True,https://openapi.twse.com.tw/v1/opendata/t187ap05_L,2026-06-15 14:53:27 Asia/Taipei
6152,百一,monthly_revenue_202605,20260614,,,,,,,,,,,,False,False,False,False,True,https://openapi.twse.com.tw/v1/opendata/t187ap05_L,2026-06-15 23:10:31 Asia/Taipei
6153,嘉聯益,monthly_revenue_202605,20260614,,,,,,,,,,,,False,False,False,False,False,https://openapi.twse.com.tw/v1/opendata/t187ap05_L,2026-06-15 23:10:31 Asia/Taipei
6155,鈞寶,monthly_revenue_202605,20260614,,,,,,,,,,,,False,False,False,False,True,https://openapi.twse.com.tw/v1/opendata/t187ap05_L,2026-06-15 23:10:31 Asia/Taipei
6166,凌華,monthly_revenue_202605,20260614,,,,,,,,,,,,False,False,False,False,True,https://openapi.twse.com.tw/v1/opendata/t187ap05_L,2026-06-15 23:10:31 Asia/Taipei
6168,宏齊,monthly_revenue_202605,20260614,,,,,,,,,,,,False,False,False,False,False,https://openapi.twse.com.tw/v1/opendata/t187ap05_L,2026-06-15 23:10:31 Asia/Taipei
6173,信昌電,monthly_revenue_202605,20260615,,,,,,,,,,,,False,False,False,False,True,https://www.tpex.org.tw/openapi/v1/mopsfin_t187ap05_O,2026-06-15 23:10:33 Asia/Taipei
6177,達麗,monthly_revenue_202605,20260614,,,,,,,,,,,,False,False,False,False,True,https://openapi.twse.com.tw/v1/opendata/t187ap05_L,2026-06-15 23:10:31 Asia/Taipei
6189,豐藝,monthly_revenue_202605,20260614,,,,,,,,,,,,False,False,False,False,False,https://openapi.twse.com.tw/v1/opendata/t187ap05_L,2026-06-15 23:10:31 Asia/Taipei
6191,精成科,monthly_revenue_202605,20260614,,,,,,,,,,,,False,False,False,False,True,https://openapi.twse.com.tw/v1/opendata/t187ap05_L,2026-06-15 23:10:31 Asia/Taipei
6196,帆宣,monthly_revenue_202605,20260614,,,,,,,,,,,,False,False,False,False,True,https://openapi.twse.com.tw/v1/opendata/t187ap05_L,2026-06-15 14:53:27 Asia/Taipei
6202,盛群,monthly_revenue_202605,20260614,,,,,,,,,,,,False,False,False,False,False,https://openapi.twse.com.tw/v1/opendata/t187ap05_L,2026-06-15 23:10:31 Asia/Taipei
6205,詮欣,monthly_revenue_202605,20260614,,,,,,,,,,,,False,False,False,False,False,https://openapi.twse.com.tw/v1/opendata/t187ap05_L,2026-06-15 23:10:31 Asia/Taipei
6206,飛捷,monthly_revenue_202605,20260614,,,,,,,,,,,,False,False,False,False,True,https://openapi.twse.com.tw/v1/opendata/t187ap05_L,2026-06-15 23:10:31 Asia/Taipei
6209,今國光,monthly_revenue_202605,20260614,,,,,,,,,,,,False,False,False,False,True,https://openapi.twse.com.tw/v1/opendata/t187ap05_L,2026-06-15 23:10:31 Asia/Taipei
6213,聯茂,monthly_revenue_202605,20260614,,,,,,,,,,,,False,False,False,False,True,https://openapi.twse.com.tw/v1/opendata/t187ap05_L,2026-06-15 23:10:31 Asia/Taipei
6214,精誠,monthly_revenue_202605,20260614,,,,,,,,,,,,False,False,False,False,True,https://openapi.twse.com.tw/v1/opendata/t187ap05_L,2026-06-15 23:10:31 Asia/Taipei
6215,和椿,monthly_revenue_202605,20260614,,,,,,,,,,,,False,False,False,False,True,https://openapi.twse.com.tw/v1/opendata/t187ap05_L,2026-06-15 23:10:31 Asia/Taipei
6224,聚鼎,monthly_revenue_202605,20260614,,,,,,,,,,,,False,False,False,False,False,https://openapi.twse.com.tw/v1/opendata/t187ap05_L,2026-06-15 23:10:31 Asia/Taipei
6239,力成,monthly_revenue_202605,20260614,,,,,,,,,,,,False,False,False,False,True,https://openapi.twse.com.tw/v1/opendata/t187ap05_L,2026-06-15 23:10:31 Asia/Taipei
6257,矽格,monthly_revenue_202605,20260614,,,,,,,,,,,,False,False,False,False,True,https://openapi.twse.com.tw/v1/opendata/t187ap05_L,2026-06-15 23:10:31 Asia/Taipei
6269,台郡,monthly_revenue_202605,20260614,,,,,,,,,,,,False,False,False,False,False,https://openapi.twse.com.tw/v1/opendata/t187ap05_L,2026-06-15 23:10:31 Asia/Taipei
6271,同欣電,monthly_revenue_202605,20260614,,,,,,,,,,,,False,False,False,False,False,https://openapi.twse.com.tw/v1/opendata/t187ap05_L,2026-06-15 14:53:27 Asia/Taipei
6278,台表科,monthly_revenue_202605,20260614,,,,,,,,,,,,False,False,False,False,False,https://openapi.twse.com.tw/v1/opendata/t187ap05_L,2026-06-15 23:10:31 Asia/Taipei
6282,康舒,monthly_revenue_202605,20260614,,,,,,,,,,,,False,False,False,False,True,https://openapi.twse.com.tw/v1/opendata/t187ap05_L,2026-06-15 23:10:31 Asia/Taipei
6285,啟碁,monthly_revenue_202605,20260614,,,,,,,,,,,,False,False,False,False,True,https://openapi.twse.com.tw/v1/opendata/t187ap05_L,2026-06-15 23:10:31 Asia/Taipei
6409,旭隼,monthly_revenue_202605,20260614,,,,,,,,,,,,False,False,False,False,False,https://openapi.twse.com.tw/v1/opendata/t187ap05_L,2026-06-15 14:53:27 Asia/Taipei
6412,群電,monthly_revenue_202605,20260614,,,,,,,,,,,,False,False,False,False,False,https://openapi.twse.com.tw/v1/opendata/t187ap05_L,2026-06-15 23:10:31 Asia/Taipei
6414,樺漢,monthly_revenue_202605,20260614,,,,,,,,,,,,False,False,False,False,True,https://openapi.twse.com.tw/v1/opendata/t187ap05_L,2026-06-15 23:10:31 Asia/Taipei
6415,矽力*-KY,monthly_revenue_202605,20260614,,,,,,,,,,,,False,False,False,False,True,https://openapi.twse.com.tw/v1/opendata/t187ap05_L,2026-06-15 23:10:31 Asia/Taipei
6426,統新,monthly_revenue_202605,20260614,,,,,,,,,,,,False,False,False,False,True,https://openapi.twse.com.tw/v1/opendata/t187ap05_L,2026-06-15 23:10:31 Asia/Taipei
6443,元晶,monthly_revenue_202605,20260614,,,,,,,,,,,,False,False,False,False,False,https://openapi.twse.com.tw/v1/opendata/t187ap05_L,2026-06-15 23:10:31 Asia/Taipei
6446,藥華藥,monthly_revenue_202605,20260614,,,,,,,,,,,,False,False,False,False,True,https://openapi.twse.com.tw/v1/opendata/t187ap05_L,2026-06-15 23:10:31 Asia/Taipei
6449,鈺邦,monthly_revenue_202605,20260614,,,,,,,,,,,,False,False,False,False,True,https://openapi.twse.com.tw/v1/opendata/t187ap05_L,2026-06-15 14:53:27 Asia/Taipei
6451,訊芯-KY,monthly_revenue_202605,20260614,,,,,,,,,,,,False,False,False,False,False,https://openapi.twse.com.tw/v1/opendata/t187ap05_L,2026-06-15 23:10:31 Asia/Taipei
6456,GIS-KY,monthly_revenue_202605,20260614,,,,,,,,,,,,False,False,False,False,False,https://openapi.twse.com.tw/v1/opendata/t187ap05_L,2026-06-15 23:10:31 Asia/Taipei
6472,保瑞,monthly_revenue_202605,20260614,,,,,,,,,,,,False,False,False,False,True,https://openapi.twse.com.tw/v1/opendata/t187ap05_L,2026-06-15 23:10:31 Asia/Taipei
6505,台塑化,monthly_revenue_202605,20260614,,,,,,,,,,,,False,False,False,False,True,https://openapi.twse.com.tw/v1/opendata/t187ap05_L,2026-06-15 23:10:31 Asia/Taipei
6525,捷敏-KY,monthly_revenue_202605,20260614,,,,,,,,,,,,False,False,False,False,True,https://openapi.twse.com.tw/v1/opendata/t187ap05_L,2026-06-15 23:10:31 Asia/Taipei
6531,愛普*,monthly_revenue_202605,20260614,,,,,,,,,,,,False,False,False,False,True,https://openapi.twse.com.tw/v1/opendata/t187ap05_L,2026-06-15 23:10:31 Asia/Taipei
6585,鼎基,monthly_revenue_202605,20260614,,,,,,,,,,,,False,False,False,False,True,https://openapi.twse.com.tw/v1/opendata/t187ap05_L,2026-06-15 23:10:31 Asia/Taipei
6668,中揚光,monthly_revenue_202605,20260614,,,,,,,,,,,,False,False,False,False,True,https://openapi.twse.com.tw/v1/opendata/t187ap05_L,2026-06-15 23:10:31 Asia/Taipei
6670,復盛應用,monthly_revenue_202605,20260614,,,,,,,,,,,,False,False,False,False,True,https://openapi.twse.com.tw/v1/opendata/t187ap05_L,2026-06-15 23:10:31 Asia/Taipei
6672,騰輝電子-KY,monthly_revenue_202605,20260614,,,,,,,,,,,,False,False,False,False,True,https://openapi.twse.com.tw/v1/opendata/t187ap05_L,2026-06-15 23:10:31 Asia/Taipei
6691,洋基工程,monthly_revenue_202605,20260614,,,,,,,,,,,,False,False,False,False,True,https://openapi.twse.com.tw/v1/opendata/t187ap05_L,2026-06-15 23:10:31 Asia/Taipei
6695,芯鼎,monthly_revenue_202605,20260614,,,,,,,,,,,,False,False,False,False,False,https://openapi.twse.com.tw/v1/opendata/t187ap05_L,2026-06-15 23:10:31 Asia/Taipei
6719,力智,monthly_revenue_202605,20260614,,,,,,,,,,,,False,False,False,False,False,https://openapi.twse.com.tw/v1/opendata/t187ap05_L,2026-06-15 23:10:31 Asia/Taipei
6742,澤米,monthly_revenue_202605,20260614,,,,,,,,,,,,False,False,False,False,False,https://openapi.twse.com.tw/v1/opendata/t187ap05_L,2026-06-15 23:10:31 Asia/Taipei
6757,台灣虎航,monthly_revenue_202605,20260614,,,,,,,,,,,,False,False,False,False,True,https://openapi.twse.com.tw/v1/opendata/t187ap05_L,2026-06-15 23:10:31 Asia/Taipei
6768,志強-KY,monthly_revenue_202605,20260614,,,,,,,,,,,,False,False,False,False,False,https://openapi.twse.com.tw/v1/opendata/t187ap05_L,2026-06-15 23:10:31 Asia/Taipei
6770,力積電,monthly_revenue_202605,20260614,,,,,,,,,,,,False,False,False,False,True,https://openapi.twse.com.tw/v1/opendata/t187ap05_L,2026-06-15 23:10:31 Asia/Taipei
6781,AES-KY,monthly_revenue_202605,20260614,,,,,,,,,,,,False,False,False,False,True,https://openapi.twse.com.tw/v1/opendata/t187ap05_L,2026-06-15 23:10:31 Asia/Taipei
6789,采鈺,monthly_revenue_202605,20260614,,,,,,,,,,,,False,False,False,False,False,https://openapi.twse.com.tw/v1/opendata/t187ap05_L,2026-06-15 23:10:31 Asia/Taipei
6805,富世達,monthly_revenue_202605,20260614,,,,,,,,,,,,False,False,False,False,True,https://openapi.twse.com.tw/v1/opendata/t187ap05_L,2026-06-15 23:10:31 Asia/Taipei
6831,邁科,monthly_revenue_202605,20260614,,,,,,,,,,,,False,False,False,False,True,https://openapi.twse.com.tw/v1/opendata/t187ap05_L,2026-06-15 23:10:31 Asia/Taipei
6834,天二科技,monthly_revenue_202605,20260614,,,,,,,,,,,,False,False,False,False,True,https://openapi.twse.com.tw/v1/opendata/t187ap05_L,2026-06-15 23:10:31 Asia/Taipei
6862,三集瑞-KY,monthly_revenue_202605,20260614,,,,,,,,,,,,False,False,False,False,False,https://openapi.twse.com.tw/v1/opendata/t187ap05_L,2026-06-15 23:10:31 Asia/Taipei
6901,鑽石投資,monthly_revenue_202605,20260614,,,,,,,,,,,,False,False,False,False,True,https://openapi.twse.com.tw/v1/opendata/t187ap05_L,2026-06-15 23:10:31 Asia/Taipei
6944,兆聯實業,monthly_revenue_202605,20260614,,,,,,,,,,,,False,False,False,False,True,https://openapi.twse.com.tw/v1/opendata/t187ap05_L,2026-06-15 14:53:27 Asia/Taipei
6962,奕力-KY,monthly_revenue_202605,20260614,,,,,,,,,,,,False,False,False,False,False,https://openapi.twse.com.tw/v1/opendata/t187ap05_L,2026-06-15 23:10:31 Asia/Taipei
6994,富威電力,monthly_revenue_202605,20260614,,,,,,,,,,,,False,False,False,False,True,https://openapi.twse.com.tw/v1/opendata/t187ap05_L,2026-06-15 23:10:31 Asia/Taipei
7721,微程式,monthly_revenue_202605,20260614,,,,,,,,,,,,False,False,False,False,True,https://openapi.twse.com.tw/v1/opendata/t187ap05_L,2026-06-15 23:10:31 Asia/Taipei
7722,LINEPAY,monthly_revenue_202605,20260614,,,,,,,,,,,,False,False,False,False,True,https://openapi.twse.com.tw/v1/opendata/t187ap05_L,2026-06-15 14:53:27 Asia/Taipei
7780,大研生醫*,monthly_revenue_202605,20260614,,,,,,,,,,,,False,False,False,False,True,https://openapi.twse.com.tw/v1/opendata/t187ap05_L,2026-06-15 23:10:31 Asia/Taipei
7788,松川精密,monthly_revenue_202605,20260614,,,,,,,,,,,,False,False,False,False,True,https://openapi.twse.com.tw/v1/opendata/t187ap05_L,2026-06-15 23:10:31 Asia/Taipei
8016,矽創,monthly_revenue_202605,20260614,,,,,,,,,,,,False,False,False,False,True,https://openapi.twse.com.tw/v1/opendata/t187ap05_L,2026-06-15 23:10:31 Asia/Taipei
8021,尖點,monthly_revenue_202605,20260614,,,,,,,,,,,,False,False,False,False,True,https://openapi.twse.com.tw/v1/opendata/t187ap05_L,2026-06-15 14:53:27 Asia/Taipei
8028,昇陽半導體,monthly_revenue_202605,20260614,,,,,,,,,,,,False,False,False,False,True,https://openapi.twse.com.tw/v1/opendata/t187ap05_L,2026-06-15 23:10:31 Asia/Taipei
8039,台虹,monthly_revenue_202605,20260614,,,,,,,,,,,,False,False,False,False,False,https://openapi.twse.com.tw/v1/opendata/t187ap05_L,2026-06-15 23:10:31 Asia/Taipei
8042,金山電,monthly_revenue_202605,20260615,,,,,,,,,,,,False,False,False,False,True,https://www.tpex.org.tw/openapi/v1/mopsfin_t187ap05_O,2026-06-15 23:10:33 Asia/Taipei
8046,南電,monthly_revenue_202605,20260614,,,,,,,,,,,,False,False,False,False,True,https://openapi.twse.com.tw/v1/opendata/t187ap05_L,2026-06-15 23:10:31 Asia/Taipei
8104,錸寶,monthly_revenue_202605,20260614,,,,,,,,,,,,False,False,False,False,False,https://openapi.twse.com.tw/v1/opendata/t187ap05_L,2026-06-15 14:53:27 Asia/Taipei
8105,凌巨,monthly_revenue_202605,20260614,,,,,,,,,,,,False,False,False,False,False,https://openapi.twse.com.tw/v1/opendata/t187ap05_L,2026-06-15 23:10:31 Asia/Taipei
8110,華東,monthly_revenue_202605,20260614,,,,,,,,,,,,False,False,False,False,True,https://openapi.twse.com.tw/v1/opendata/t187ap05_L,2026-06-15 23:10:31 Asia/Taipei
8112,至上,monthly_revenue_202605,20260614,,,,,,,,,,,,False,False,False,False,True,https://openapi.twse.com.tw/v1/opendata/t187ap05_L,2026-06-15 23:10:31 Asia/Taipei
8131,福懋科,monthly_revenue_202605,20260614,,,,,,,,,,,,False,False,False,False,True,https://openapi.twse.com.tw/v1/opendata/t187ap05_L,2026-06-15 23:10:31 Asia/Taipei
8150,南茂,monthly_revenue_202605,20260614,,,,,,,,,,,,False,False,False,False,True,https://openapi.twse.com.tw/v1/opendata/t187ap05_L,2026-06-15 23:10:31 Asia/Taipei
8163,達方,monthly_revenue_202605,20260614,,,,,,,,,,,,False,False,False,False,True,https://openapi.twse.com.tw/v1/opendata/t187ap05_L,2026-06-15 23:10:31 Asia/Taipei
8210,勤誠,monthly_revenue_202605,20260614,,,,,,,,,,,,False,False,False,False,True,https://openapi.twse.com.tw/v1/opendata/t187ap05_L,2026-06-15 23:10:31 Asia/Taipei
8215,明基材,monthly_revenue_202605,20260614,,,,,,,,,,,,False,False,False,False,False,https://openapi.twse.com.tw/v1/opendata/t187ap05_L,2026-06-15 23:10:31 Asia/Taipei
8261,富鼎,monthly_revenue_202605,20260614,,,,,,,,,,,,False,False,False,False,False,https://openapi.twse.com.tw/v1/opendata/t187ap05_L,2026-06-15 23:10:31 Asia/Taipei
8271,宇瞻,monthly_revenue_202605,20260614,,,,,,,,,,,,False,False,False,False,True,https://openapi.twse.com.tw/v1/opendata/t187ap05_L,2026-06-15 23:10:31 Asia/Taipei
8422,可寧衛*,monthly_revenue_202605,20260614,,,,,,,,,,,,False,False,False,False,True,https://openapi.twse.com.tw/v1/opendata/t187ap05_L,2026-06-15 23:10:31 Asia/Taipei
8476,台境*,monthly_revenue_202605,20260614,,,,,,,,,,,,False,False,False,False,False,https://openapi.twse.com.tw/v1/opendata/t187ap05_L,2026-06-15 23:10:31 Asia/Taipei
8926,台汽電,monthly_revenue_202605,20260614,,,,,,,,,,,,False,False,False,False,True,https://openapi.twse.com.tw/v1/opendata/t187ap05_L,2026-06-15 23:10:31 Asia/Taipei
8996,高力,monthly_revenue_202605,20260614,,,,,,,,,,,,False,False,False,False,True,https://openapi.twse.com.tw/v1/opendata/t187ap05_L,2026-06-15 23:10:31 Asia/Taipei
9802,鈺齊-KY,monthly_revenue_202605,20260614,,,,,,,,,,,,False,False,False,False,False,https://openapi.twse.com.tw/v1/opendata/t187ap05_L,2026-06-15 23:10:31 Asia/Taipei
9904,寶成,monthly_revenue_202605,20260614,,,,,,,,,,,,False,False,False,False,False,https://openapi.twse.com.tw/v1/opendata/t187ap05_L,2026-06-15 14:53:27 Asia/Taipei
9907,統一實,monthly_revenue_202605,20260614,,,,,,,,,,,,False,False,False,False,False,https://openapi.twse.com.tw/v1/opendata/t187ap05_L,2026-06-15 14:53:27 Asia/Taipei
9910,豐泰,monthly_revenue_202605,20260614,,,,,,,,,,,,False,False,False,False,False,https://openapi.twse.com.tw/v1/opendata/t187ap05_L,2026-06-15 23:10:31 Asia/Taipei
9917,中保科,monthly_revenue_202605,20260614,,,,,,,,,,,,False,False,False,False,False,https://openapi.twse.com.tw/v1/opendata/t187ap05_L,2026-06-15 23:10:31 Asia/Taipei
9921,巨大,monthly_revenue_202605,20260614,,,,,,,,,,,,False,False,False,False,False,https://openapi.twse.com.tw/v1/opendata/t187ap05_L,2026-06-15 23:10:31 Asia/Taipei
9933,中鼎,monthly_revenue_202605,20260614,,,,,,,,,,,,False,False,False,False,False,https://openapi.twse.com.tw/v1/opendata/t187ap05_L,2026-06-15 23:10:31 Asia/Taipei
9934,成霖,monthly_revenue_202605,20260614,,,,,,,,,,,,False,False,False,False,False,https://openapi.twse.com.tw/v1/opendata/t187ap05_L,2026-06-15 14:53:27 Asia/Taipei
9941,裕融,monthly_revenue_202605,20260614,,,,,,,,,,,,False,False,False,False,False,https://openapi.twse.com.tw/v1/opendata/t187ap05_L,2026-06-15 23:10:31 Asia/Taipei
9945,潤泰新,monthly_revenue_202605,20260614,,,,,,,,,,,,False,False,False,False,True,https://openapi.twse.com.tw/v1/opendata/t187ap05_L,2026-06-15 23:10:31 Asia/Taipei
9946,三發地產,monthly_revenue_202605,20260614,,,,,,,,,,,,False,False,False,False,True,https://openapi.twse.com.tw/v1/opendata/t187ap05_L,2026-06-15 23:10:31 Asia/Taipei
9958,世紀鋼,monthly_revenue_202605,20260614,,,,,,,,,,,,False,False,False,False,True,https://openapi.twse.com.tw/v1/opendata/t187ap05_L,2026-06-15 23:10:31 Asia/Taipei
