date,stock_id,stock_name,industry,call_warrant_count,put_warrant_count,call_volume,put_volume,total_warrant_volume,call_turnover,put_turnover,total_warrant_turnover,call_put_turnover_ratio,call_turnover_change_1d,call_turnover_change_5d,put_turnover_change_1d,put_turnover_change_5d,call_volume_change_1d,call_volume_change_5d,put_volume_change_1d,put_volume_change_5d,low_float_call_spike_count,low_float_put_spike_count,issuer_count,top_issuer,top_issuer_call_turnover,top_issuer_put_turnover,latest_warrant_count,issued_quantity_total,cancelled_quantity_total,warrant_flow_signal,warrant_flow_signal_zh,warrant_flow_score,warrant_flow_warning,note
20260820,2454,聯發科,,290,30,63313000.0,2982000.0,66295000.0,166775530.0,1260940.0,168036470.0,132.26,178.46,222.81,-55.64,-13.92,314.08,338.79,-13.96,42.49,0,0,12,永豐,46916550.0,0.0,0.0,0.0,0.0,call_put_bullish,認購/認售結構偏多,3,認購權證成交金額很大且認購/認售比偏高，需檢查標的是否高位追價或獲利結清；認購權證成交量與成交金額同步偏大，短線資金關注度高,認購成交金額明顯大於認售，且認購資金明顯升溫
20260820,8039,台虹,,116,3,15257000.0,2544000.0,17801000.0,45462280.0,1734030.0,47196310.0,26.22,166.36,138.0,-5.07,2.83,76.4,59.74,7.52,12.27,0,0,12,統一,26979470.0,0.0,0.0,0.0,0.0,call_put_bullish,認購/認售結構偏多,3,,認購成交金額明顯大於認售，且認購資金明顯升溫
20260820,2324,仁寶,,106,4,31802000.0,12000.0,31814000.0,41890850.0,19440.0,41910290.0,2154.88,152.28,18.54,-97.44,-99.22,85.11,33.75,-98.05,-99.45,0,0,11,元大,10926430.0,0.0,0.0,0.0,0.0,call_put_bullish,認購/認售結構偏多,3,,認購成交金額明顯大於認售，且認購資金明顯升溫
20260820,2609,陽明,,67,3,34047000.0,785000.0,34832000.0,38508580.0,692340.0,39200920.0,55.62,35.94,136.73,190.78,356.63,23.1,77.62,204.26,387.58,0,0,11,台新,12526960.0,291870.0,0.0,0.0,0.0,call_put_bullish,認購/認售結構偏多,3,,認購成交金額明顯大於認售，且認購資金明顯升溫
20260820,3034,聯詠,,104,7,11933000.0,26000.0,11959000.0,20717320.0,13560.0,20730880.0,1527.83,-12.84,118.82,-63.63,-61.09,-11.08,99.56,-67.09,-86.02,0,0,11,元大,6799550.0,0.0,0.0,0.0,0.0,call_put_bullish,認購/認售結構偏多,3,,認購成交金額明顯大於認售，且認購資金明顯升溫
20260820,6472,保瑞,,90,1,15449000.0,28000.0,15477000.0,17120130.0,13340.0,17133470.0,1283.37,425.59,189.67,78.58,82.64,345.09,180.24,133.33,145.61,0,0,12,元大,4173220.0,0.0,0.0,0.0,0.0,call_put_bullish,認購/認售結構偏多,3,,認購成交金額明顯大於認售，且認購資金明顯升溫
20260820,8112,至上,,146,5,12244000.0,100000.0,12344000.0,14081090.0,61640.0,14142730.0,228.44,102.54,80.19,-44.48,-17.15,98.86,84.92,-57.63,-28.98,0,0,12,元大,6500430.0,0.0,0.0,0.0,0.0,call_put_bullish,認購/認售結構偏多,3,,認購成交金額明顯大於認售，且認購資金明顯升溫
20260820,6691,洋基工程,,48,1,13778000.0,22000.0,13800000.0,11604700.0,27080.0,11631780.0,428.53,-15.14,173.74,,345.1,3.73,206.56,,340.0,0,0,9,元大,4753900.0,0.0,0.0,0.0,0.0,call_put_bullish,認購/認售結構偏多,3,,認購成交金額明顯大於認售，且認購資金明顯升溫
20260820,4977,眾達-KY,,109,6,12868000.0,10000.0,12878000.0,11122000.0,21700.0,11143700.0,512.53,229.6,136.02,835.34,352.08,161.33,73.07,150.0,61.29,0,0,10,國泰,2101350.0,0.0,0.0,0.0,0.0,call_put_bullish,認購/認售結構偏多,3,,認購成交金額明顯大於認售，且認購資金明顯升溫
20260820,0070,期元大S&P黃金正2(原名：元大S&P黃金正2),,182,18,11047000.0,284000.0,11331000.0,10285540.0,404760.0,10690300.0,25.41,243.73,68.66,108.2,24.95,193.73,85.18,111.94,21.47,0,0,11,凱基,3383370.0,72000.0,0.0,0.0,0.0,call_put_bullish,認購/認售結構偏多,3,,認購成交金額明顯大於認售，且認購資金明顯升溫
20260820,1519,華城,,167,14,15178000.0,5000.0,15183000.0,9997030.0,4370.0,10001400.0,2287.65,162.4,48.61,,-66.57,162.55,73.14,,-58.33,0,0,12,元大,3524110.0,0.0,0.0,0.0,0.0,call_put_bullish,認購/認售結構偏多,3,,認購成交金額明顯大於認售，且認購資金明顯升溫
20260820,0073,期元大道瓊白銀(原名：元大道瓊白銀),,191,24,6610000.0,186000.0,6796000.0,6847180.0,130570.0,6977750.0,52.44,101.11,52.29,-83.17,-71.68,44.8,37.73,-73.58,-63.12,0,0,11,凱基,3612510.0,0.0,0.0,0.0,0.0,call_put_bullish,認購/認售結構偏多,3,,認購成交金額明顯大於認售，且認購資金明顯升溫
20260820,1605,華新,,107,3,7939000.0,6000.0,7945000.0,4284220.0,1360.0,4285580.0,3150.16,154.47,-31.62,-19.05,-97.55,340.32,52.51,0.0,-98.05,0,0,11,統一,1608630.0,0.0,0.0,0.0,0.0,call_put_bullish,認購/認售結構偏多,3,,認購成交金額明顯大於認售，且認購資金明顯升溫
20260820,1795,美時,,125,2,14973000.0,0.0,14973000.0,10265310.0,0.0,10265310.0,,153.08,279.95,-100.0,-100.0,174.43,254.19,-100.0,-100.0,0,0,12,元大,2654540.0,0.0,0.0,0.0,0.0,call_strong_inflow,認購強流入,2,,認購權證成交金額明顯升溫
20260820,3673,TPK-KY,,66,1,15410000.0,0.0,15410000.0,7927570.0,0.0,7927570.0,,402.04,365.72,,-100.0,230.76,365.56,,-100.0,0,0,9,統一,2518410.0,0.0,0.0,0.0,0.0,call_strong_inflow,認購強流入,2,,認購權證成交金額明顯升溫
20260820,2428,興勤,,48,0,11408000.0,0.0,11408000.0,7144570.0,0.0,7144570.0,,85.68,171.44,,,52.27,188.71,,,0,0,9,永豐,1408620.0,0.0,0.0,0.0,0.0,call_strong_inflow,認購強流入,2,,認購權證成交金額明顯升溫
20260820,7822,倍利科,,5,0,5186000.0,0.0,5186000.0,7128730.0,0.0,7128730.0,,329.85,417.96,,,256.67,353.24,,,0,0,5,台新,5680860.0,0.0,0.0,0.0,0.0,call_strong_inflow,認購強流入,2,,認購權證成交金額明顯升溫
20260820,6919,康霈*,,19,0,8226000.0,0.0,8226000.0,6066110.0,0.0,6066110.0,,200.83,115.46,,,144.09,103.54,,,0,0,6,永豐,2099310.0,0.0,0.0,0.0,0.0,call_strong_inflow,認購強流入,2,,認購權證成交金額明顯升溫
20260820,2637,慧洋-KY,,21,0,4534000.0,0.0,4534000.0,5894220.0,0.0,5894220.0,,14.98,274.77,,,14.55,266.53,,,0,0,8,富邦,2296410.0,0.0,0.0,0.0,0.0,call_strong_inflow,認購強流入,2,,認購權證成交金額明顯升溫
20260820,1504,東元,,77,1,7484000.0,0.0,7484000.0,5806320.0,0.0,5806320.0,,120.38,28.27,,,55.4,28.34,,,0,0,12,台新,1529480.0,0.0,0.0,0.0,0.0,call_strong_inflow,認購強流入,2,,認購權證成交金額明顯升溫
20260820,1402,遠東新,,13,0,5274000.0,0.0,5274000.0,5606640.0,0.0,5606640.0,,112.84,240.24,,,43.12,94.89,,,0,0,6,元大,3029420.0,0.0,0.0,0.0,0.0,call_strong_inflow,認購強流入,2,,認購權證成交金額明顯升溫
20260820,2458,義隆,,52,0,7432000.0,0.0,7432000.0,4906020.0,0.0,4906020.0,,189.66,541.48,,,178.87,502.46,,,0,0,8,群益,2090150.0,0.0,0.0,0.0,0.0,call_strong_inflow,認購強流入,2,,認購權證成交金額明顯升溫
20260820,0052,富邦科技,,27,3,5489000.0,0.0,5489000.0,4894990.0,0.0,4894990.0,,-35.15,102.4,,,-35.73,127.01,,,0,0,7,元大,4054560.0,0.0,0.0,0.0,0.0,call_strong_inflow,認購強流入,2,,認購權證成交金額明顯升溫
20260820,2002,中鋼,,47,0,4904000.0,0.0,4904000.0,4726410.0,0.0,4726410.0,,286.05,198.95,,,59.43,20.75,,,0,0,10,永豐,1730430.0,0.0,0.0,0.0,0.0,call_strong_inflow,認購強流入,2,,認購權證成交金額明顯升溫
20260820,1101,台泥,,20,0,4631000.0,0.0,4631000.0,4674070.0,0.0,4674070.0,,159.14,220.05,,,50.21,66.89,,,0,0,8,富邦,1379450.0,0.0,0.0,0.0,0.0,call_strong_inflow,認購強流入,2,,認購權證成交金額明顯升溫
20260820,3033,威健,,44,0,2339000.0,0.0,2339000.0,4667930.0,0.0,4667930.0,,1247.67,118.3,,,426.8,-23.75,,,0,0,9,永豐,2816760.0,0.0,0.0,0.0,0.0,call_strong_inflow,認購強流入,2,,認購權證成交金額明顯升溫
20260820,2630,亞航,,32,0,4549000.0,0.0,4549000.0,4572320.0,0.0,4572320.0,,26.27,131.61,,,22.88,112.04,,,0,0,8,元大,2348940.0,0.0,0.0,0.0,0.0,call_strong_inflow,認購強流入,2,,認購權證成交金額明顯升溫
20260820,1476,儒鴻,,17,0,4955000.0,0.0,4955000.0,4528810.0,0.0,4528810.0,,115.16,265.93,,,103.16,225.13,,,0,0,8,元大,2916430.0,0.0,0.0,0.0,0.0,call_strong_inflow,認購強流入,2,,認購權證成交金額明顯升溫
20260820,6426,統新,,6,0,2360000.0,0.0,2360000.0,4401460.0,0.0,4401460.0,,153.25,467.37,,,105.22,391.46,,,0,0,2,國票,2706590.0,0.0,0.0,0.0,0.0,call_strong_inflow,認購強流入,2,,認購權證成交金額明顯升溫
20260820,6579,研揚,,6,0,5400000.0,0.0,5400000.0,4003840.0,0.0,4003840.0,,376.82,311.07,,,436.25,339.88,,,0,0,6,凱基,1598320.0,0.0,0.0,0.0,0.0,call_strong_inflow,認購強流入,2,,認購權證成交金額明顯升溫
20260820,3049,精金,,4,0,4278000.0,0.0,4278000.0,3757880.0,0.0,3757880.0,,53.76,659.84,,,86.0,821.19,,,0,0,2,國票,2347630.0,0.0,0.0,0.0,0.0,call_strong_inflow,認購強流入,2,,認購權證成交金額明顯升溫
20260820,6715,嘉基,,15,0,6488000.0,0.0,6488000.0,3573060.0,0.0,3573060.0,,85.1,269.15,,,51.59,174.61,,,0,0,4,國票,1385110.0,0.0,0.0,0.0,0.0,call_strong_inflow,認購強流入,2,,認購權證成交金額明顯升溫
20260820,6456,GIS-KY,,60,0,5043000.0,0.0,5043000.0,3572610.0,0.0,3572610.0,,62.6,170.02,,,66.49,195.95,,,0,0,10,統一,1440110.0,0.0,0.0,0.0,0.0,call_strong_inflow,認購強流入,2,,認購權證成交金額明顯升溫
20260820,1477,聚陽,,14,0,5727000.0,0.0,5727000.0,3003350.0,0.0,3003350.0,,450.98,239.69,,,300.21,236.84,,,0,0,6,元大,1303200.0,0.0,0.0,0.0,0.0,call_strong_inflow,認購強流入,2,,認購權證成交金額明顯升溫
20260820,2615,萬海,,79,6,34583000.0,1752000.0,36335000.0,51619660.0,620620.0,52240280.0,83.17,38.22,82.8,170.43,249.91,48.06,59.48,238.22,290.03,0,0,11,元大,14434410.0,0.0,0.0,0.0,0.0,call_inflow,認購流入,1,,認購權證資金升溫
20260820,1802,台玻,,124,11,20902000.0,723000.0,21625000.0,28920060.0,282880.0,29202940.0,102.23,62.13,68.78,-66.18,-26.87,38.01,55.37,-37.51,27.78,0,0,11,群益,11120770.0,0.0,0.0,0.0,0.0,call_inflow,認購流入,1,,認購權證資金升溫
20260820,2634,漢翔,,86,3,17602000.0,251000.0,17853000.0,26549960.0,202530.0,26752490.0,131.09,74.17,-15.19,69.78,276.13,57.37,-14.71,81.88,304.84,0,0,10,凱基,5931180.0,22450.0,0.0,0.0,0.0,call_inflow,認購流入,1,,認購權證資金升溫
20260820,2357,華碩,,113,5,16978000.0,379000.0,17357000.0,25751280.0,161720.0,25913000.0,159.23,67.82,-7.83,-90.03,-80.94,38.16,0.49,-82.01,-69.08,0,0,12,元大,12383430.0,0.0,0.0,0.0,0.0,call_inflow,認購流入,1,,認購權證資金升溫
20260820,2049,上銀,,152,8,23643000.0,207000.0,23850000.0,25488330.0,245330.0,25733660.0,103.89,16.93,85.52,32.52,-66.04,14.74,98.3,7.81,-69.76,0,0,12,富邦,7265910.0,0.0,0.0,0.0,0.0,call_inflow,認購流入,1,,認購權證資金升溫
20260820,5269,祥碩,,135,0,31967000.0,0.0,31967000.0,22886540.0,0.0,22886540.0,,-16.13,81.38,,,-15.83,80.8,,,0,0,12,元大,6415000.0,0.0,0.0,0.0,0.0,call_inflow,認購流入,1,,認購權證資金升溫
20260820,2313,華通,,371,42,23789000.0,2490000.0,26279000.0,19660060.0,2499000.0,22159060.0,7.87,36.68,59.24,-16.83,8.17,-1.05,44.95,17.73,38.66,0,0,12,元大,5622330.0,536040.0,0.0,0.0,0.0,call_inflow,認購流入,1,,認購權證資金升溫
20260820,6781,AES-KY,,178,3,21415000.0,20000.0,21435000.0,13960920.0,15400.0,13976320.0,906.55,20.05,79.93,-47.12,-45.04,13.03,71.54,-37.5,-41.52,0,0,12,元大,3199040.0,0.0,0.0,0.0,0.0,call_inflow,認購流入,1,,認購權證資金升溫
20260820,4967,十銓,,82,0,12621000.0,0.0,12621000.0,13124820.0,0.0,13124820.0,,26.74,74.32,,,10.71,64.87,,,0,0,12,元大,3622160.0,0.0,0.0,0.0,0.0,call_inflow,認購流入,1,,認購權證資金升溫
20260820,6505,台塑化,,81,2,7733000.0,0.0,7733000.0,10611850.0,0.0,10611850.0,,97.27,64.05,-100.0,-100.0,48.17,39.98,-100.0,-100.0,0,0,9,元大,3667200.0,0.0,0.0,0.0,0.0,call_inflow,認購流入,1,,認購權證資金升溫
20260820,3605,宏致,,66,0,5270000.0,0.0,5270000.0,8051600.0,0.0,8051600.0,,63.1,-27.03,,,89.23,27.58,,,0,0,8,凱基,2116430.0,0.0,0.0,0.0,0.0,call_inflow,認購流入,1,,認購權證資金升溫
20260820,6451,訊芯-KY,,55,2,3700000.0,451000.0,4151000.0,6830200.0,206550.0,7036750.0,33.07,-7.87,68.27,-23.36,53.71,-5.52,46.73,-33.77,2.64,0,0,10,元大,2121310.0,0.0,0.0,0.0,0.0,call_inflow,認購流入,1,,認購權證資金升溫
20260820,2887,台新新光金,,28,0,1487000.0,0.0,1487000.0,6526800.0,0.0,6526800.0,,95.02,16.94,,,-27.6,-59.32,,,0,0,6,台新,3130970.0,0.0,0.0,0.0,0.0,call_inflow,認購流入,1,,認購權證資金升溫
20260820,3706,神達,,84,1,7099000.0,10000.0,7109000.0,5547550.0,12500.0,5560050.0,443.8,88.53,-23.13,,-59.42,86.72,-2.86,,-59.68,0,0,12,元大,2242160.0,0.0,0.0,0.0,0.0,call_inflow,認購流入,1,,認購權證資金升溫
20260820,9921,巨大,,17,0,3070000.0,0.0,3070000.0,5126780.0,0.0,5126780.0,,-9.02,89.14,,,-29.6,28.72,,,0,0,7,群益,2330610.0,0.0,0.0,0.0,0.0,call_inflow,認購流入,1,,認購權證資金升溫
20260820,4938,和碩,,34,1,6082000.0,0.0,6082000.0,4533460.0,0.0,4533460.0,,58.09,-19.51,-100.0,-100.0,141.64,20.23,-100.0,-100.0,0,0,10,元大,2269050.0,0.0,0.0,0.0,0.0,call_inflow,認購流入,1,,認購權證資金升溫
20260820,2606,裕民,,21,1,3874000.0,0.0,3874000.0,4278340.0,0.0,4278340.0,,53.29,55.12,,,30.75,38.28,,,0,0,10,元大,1155930.0,0.0,0.0,0.0,0.0,call_inflow,認購流入,1,,認購權證資金升溫
20260820,6116,彩晶,,34,0,3255000.0,0.0,3255000.0,4098640.0,0.0,4098640.0,,-25.25,50.77,,,-21.19,51.79,,,0,0,8,永豐,1990240.0,0.0,0.0,0.0,0.0,call_inflow,認購流入,1,,認購權證資金升溫
20260820,2363,矽統,,92,5,4713000.0,100000.0,4813000.0,3015030.0,144150.0,3159180.0,20.92,73.32,1.08,97.36,31.28,6.89,15.78,92.31,58.23,0,0,10,國票,2674250.0,0.0,0.0,0.0,0.0,call_inflow,認購流入,1,,認購權證資金升溫
20260820,6282,康舒,,139,6,7965000.0,17000.0,7982000.0,2847510.0,20060.0,2867570.0,141.95,403.32,24.08,-55.77,-22.89,474.68,141.35,-51.43,-16.67,0,0,12,元大,1151130.0,0.0,0.0,0.0,0.0,call_inflow,認購流入,1,,認購權證資金升溫
20260820,8103,瀚荃,,17,0,3827000.0,0.0,3827000.0,2751680.0,0.0,2751680.0,,109.13,391.96,,,62.92,282.01,,,0,0,6,台新,1511850.0,0.0,0.0,0.0,0.0,call_inflow,認購流入,1,,認購權證資金升溫
20260820,4722,國精化,,64,3,2758000.0,0.0,2758000.0,2522070.0,0.0,2522070.0,,75.43,10.08,-100.0,-100.0,57.15,21.51,-100.0,-100.0,0,0,10,元大,877900.0,0.0,0.0,0.0,0.0,call_inflow,認購流入,1,,認購權證資金升溫
20260820,2645,長榮航太,,54,0,4376000.0,0.0,4376000.0,2461700.0,0.0,2461700.0,,60.93,-51.16,,,46.6,-46.62,,,0,0,11,元大,1292570.0,0.0,0.0,0.0,0.0,call_inflow,認購流入,1,,認購權證資金升溫
20260820,1503,士電,,77,1,4417000.0,0.0,4417000.0,2260930.0,0.0,2260930.0,,594.3,0.4,,,416.61,31.58,,,0,0,10,統一,885750.0,0.0,0.0,0.0,0.0,call_inflow,認購流入,1,,認購權證資金升溫
20260820,2498,宏達電,,63,2,3894000.0,47000.0,3941000.0,2198310.0,25920.0,2224230.0,84.81,265.03,95.04,-77.78,-54.32,374.3,219.91,-75.26,-51.84,0,0,10,國票,1040120.0,200.0,0.0,0.0,0.0,call_inflow,認購流入,1,,認購權證資金升溫
20260820,3443,創意,,46,5,359000.0,51000.0,410000.0,2152540.0,510.0,2153050.0,4220.67,102.75,-76.79,,-95.62,77.72,-77.78,,-71.92,0,0,9,統一,1560060.0,0.0,0.0,0.0,0.0,call_inflow,認購流入,1,,認購權證資金升溫
20260820,3023,信邦,,22,1,1886000.0,0.0,1886000.0,2151160.0,0.0,2151160.0,,-24.38,206.47,-100.0,-100.0,-42.62,130.79,-100.0,-100.0,0,0,6,群益,710490.0,0.0,0.0,0.0,0.0,call_inflow,認購流入,1,,認購權證資金升溫
20260820,5284,jpp-KY,,68,1,2657000.0,1000.0,2658000.0,2132180.0,1250.0,2133430.0,1705.74,26.06,96.21,,,29.36,99.12,,,0,0,12,國票,547120.0,0.0,0.0,0.0,0.0,call_inflow,認購流入,1,,認購權證資金升溫
20260820,2009,第一銅,,20,0,2238000.0,0.0,2238000.0,2132400.0,0.0,2132400.0,,138.95,261.07,,,-39.35,33.5,,,0,0,10,永豐,1573910.0,0.0,0.0,0.0,0.0,call_inflow,認購流入,1,,認購權證資金升溫
20260820,9904,寶成,,12,0,1759000.0,0.0,1759000.0,2089120.0,0.0,2089120.0,,68.51,21.04,,,64.39,7.83,,,0,0,6,凱基,691120.0,0.0,0.0,0.0,0.0,call_inflow,認購流入,1,,認購權證資金升溫
20260820,2426,鼎元,,12,0,907000.0,0.0,907000.0,2005360.0,0.0,2005360.0,,52.15,-18.25,,,13.66,-42.32,,,0,0,6,凱基,1570420.0,0.0,0.0,0.0,0.0,call_inflow,認購流入,1,,認購權證資金升溫
20260820,2352,佳世達,,25,1,2880000.0,20000.0,2900000.0,1794990.0,36000.0,1830990.0,49.86,627.9,50.86,,347.76,889.69,107.67,,400.0,0,0,8,群益,485990.0,36000.0,0.0,0.0,0.0,call_inflow,認購流入,1,,認購權證資金升溫
20260820,7711,永擎,,9,0,1075000.0,0.0,1075000.0,1634090.0,0.0,1634090.0,,81.01,70.44,,,96.53,88.73,,,0,0,5,國票,614230.0,0.0,0.0,0.0,0.0,call_inflow,認購流入,1,,認購權證資金升溫
20260820,6526,達發,,49,1,2306000.0,20000.0,2326000.0,1594430.0,29000.0,1623430.0,54.98,111.93,3.63,1807.89,226.58,152.3,16.78,1900.0,222.58,0,0,9,元大,521150.0,0.0,0.0,0.0,0.0,call_inflow,認購流入,1,,認購權證資金升溫
20260820,1409,新纖,,29,2,1301000.0,10000.0,1311000.0,1610120.0,11400.0,1621520.0,141.24,118.59,-35.54,7.55,-42.73,38.4,-52.58,0.0,-43.82,0,0,8,凱基,504610.0,0.0,0.0,0.0,0.0,call_inflow,認購流入,1,,認購權證資金升溫
20260820,0069,期街口S&P黃豆,,29,2,3499000.0,0.0,3499000.0,1481580.0,0.0,1481580.0,,35.4,247.39,,-100.0,15.75,257.04,,-100.0,0,0,6,元大,1244620.0,0.0,0.0,0.0,0.0,call_inflow,認購流入,1,,認購權證資金升溫
20260820,1708,東鹼,,35,0,1166000.0,0.0,1166000.0,1472420.0,0.0,1472420.0,,61.69,221.14,,,34.95,173.71,,,0,0,9,國票,593600.0,0.0,0.0,0.0,0.0,call_inflow,認購流入,1,,認購權證資金升溫
20260820,1216,統一,,8,0,1811000.0,0.0,1811000.0,1383240.0,0.0,1383240.0,,48.44,272.79,,,32.87,230.96,,,0,0,4,富邦,1231280.0,0.0,0.0,0.0,0.0,call_inflow,認購流入,1,,認購權證資金升溫
20260820,1319,東陽,,17,0,1096000.0,0.0,1096000.0,1211300.0,0.0,1211300.0,,111.25,-5.12,,,122.76,-24.16,,,0,0,7,富邦,461980.0,0.0,0.0,0.0,0.0,call_inflow,認購流入,1,,認購權證資金升溫
20260820,1102,亞泥,,2,0,1403000.0,0.0,1403000.0,1208150.0,0.0,1208150.0,,38.84,95.17,,,49.41,111.3,,,0,0,2,永豐,872710.0,0.0,0.0,0.0,0.0,call_inflow,認購流入,1,,認購權證資金升溫
20260820,5871,中租-KY,,10,0,2641000.0,0.0,2641000.0,1155740.0,0.0,1155740.0,,720.26,613.51,,,1014.35,1071.69,,,0,0,5,富邦,375400.0,0.0,0.0,0.0,0.0,call_inflow,認購流入,1,,認購權證資金升溫
20260820,2520,冠德,,5,0,583000.0,0.0,583000.0,1155270.0,0.0,1155270.0,,-26.79,112.64,,,-29.25,98.16,,,0,0,3,凱基,571700.0,0.0,0.0,0.0,0.0,call_inflow,認購流入,1,,認購權證資金升溫
20260820,2548,華固,,6,0,1310000.0,0.0,1310000.0,1093550.0,0.0,1093550.0,,4416.94,4193.15,,,3869.7,3459.78,,,0,0,4,永豐,1029370.0,0.0,0.0,0.0,0.0,call_inflow,認購流入,1,,認購權證資金升溫
20260820,9939,宏全,,8,0,1410000.0,0.0,1410000.0,1090630.0,0.0,1090630.0,,912.28,52.01,,,1449.45,128.38,,,0,0,5,國票,895120.0,0.0,0.0,0.0,0.0,call_inflow,認購流入,1,,認購權證資金升溫
20260820,2439,美律,,16,0,2199000.0,0.0,2199000.0,1084440.0,0.0,1084440.0,,2365.2,1657.43,,,2290.22,725.45,,,0,0,8,台新,389540.0,0.0,0.0,0.0,0.0,call_inflow,認購流入,1,,認購權證資金升溫
20260820,2484,希華,,9,1,1059000.0,30000.0,1089000.0,1004780.0,72900.0,1077680.0,13.78,51.67,-34.65,-79.63,-40.26,43.3,-34.7,-79.17,-39.02,0,0,6,永豐,277830.0,0.0,0.0,0.0,0.0,call_inflow,認購流入,1,,認購權證資金升溫
20260820,3008,大立光,,297,18,40593000.0,2155000.0,42748000.0,96064890.0,904350.0,96969240.0,106.23,-33.24,-10.82,-42.04,24.21,-26.07,-18.78,-43.57,43.65,0,0,12,元大,31857050.0,0.0,0.0,0.0,0.0,no_signal,無明確權證訊號,0,,權證金流未見明顯高於近期平均的變化
20260820,3017,奇鋐,,457,32,58372000.0,1825000.0,60197000.0,86946360.0,1342400.0,88288760.0,64.77,-1.15,-26.46,-11.15,-29.05,-4.76,-16.35,-37.39,-44.24,0,0,12,凱基,15533430.0,264840.0,0.0,0.0,0.0,no_signal,無明確權證訊號,0,認購權證成交量與成交金額同步偏大，短線資金關注度高,權證金流未見明顯高於近期平均的變化
20260820,2408,南亞科,,439,53,48841000.0,13517000.0,62358000.0,80409510.0,5569370.0,85978880.0,14.44,18.0,-24.41,-36.67,6.42,3.11,-18.65,-10.25,22.38,0,0,13,元大,14886650.0,494560.0,0.0,0.0,0.0,no_signal,無明確權證訊號,0,,權證金流未見明顯高於近期平均的變化
20260820,2330,台積電,,1013,170,65551000.0,2400000.0,67951000.0,72073980.0,3518640.0,75592620.0,20.48,-10.59,-5.02,-40.65,21.67,-16.26,2.22,-43.62,-16.97,0,0,12,元大,21119060.0,2771310.0,0.0,0.0,0.0,no_signal,無明確權證訊號,0,認購權證成交量與成交金額同步偏大，短線資金關注度高,權證金流未見明顯高於近期平均的變化
20260820,6669,緯穎,,428,31,38212000.0,574000.0,38786000.0,68823180.0,219660.0,69042840.0,313.32,-32.51,-29.88,-61.51,-64.84,-31.44,-19.86,-58.97,-57.89,0,0,12,元大,34524000.0,5580.0,0.0,0.0,0.0,no_signal,無明確權證訊號,0,,權證金流未見明顯高於近期平均的變化
20260820,2368,金像電,,320,26,60043000.0,1579000.0,61622000.0,56087420.0,1351740.0,57439160.0,41.49,-34.5,-36.26,-0.56,28.42,-25.33,-27.94,-40.01,-18.93,0,0,12,元大,18414880.0,581090.0,0.0,0.0,0.0,no_signal,無明確權證訊號,0,認購權證成交量與成交金額同步偏大，短線資金關注度高,權證金流未見明顯高於近期平均的變化
20260820,2344,華邦電,,356,39,36680000.0,2610000.0,39290000.0,54890740.0,1765990.0,56656730.0,31.08,17.52,-8.14,-46.45,-13.06,-3.3,-14.75,-48.53,-27.89,0,0,12,元大,9278050.0,95050.0,0.0,0.0,0.0,no_signal,無明確權證訊號,0,,權證金流未見明顯高於近期平均的變化
20260820,2301,光寶科,,254,8,26758000.0,1159000.0,27917000.0,50076330.0,881410.0,50957740.0,56.81,-27.38,30.31,151.78,62.11,-19.37,40.67,78.03,19.73,0,0,12,群益,7992030.0,468180.0,0.0,0.0,0.0,no_signal,無明確權證訊號,0,,權證金流未見明顯高於近期平均的變化
20260820,2327,國巨*,,213,30,30906000.0,5345000.0,36251000.0,47584520.0,3071340.0,50655860.0,15.49,17.5,23.6,-1.54,16.85,-8.41,11.19,4.35,7.4,0,0,11,富邦,14294240.0,0.0,0.0,0.0,0.0,no_signal,無明確權證訊號,0,,權證金流未見明顯高於近期平均的變化
20260820,4958,臻鼎-KY,,322,16,39983000.0,884000.0,40867000.0,49545570.0,952630.0,50498200.0,52.01,-6.99,-25.34,-30.3,-23.3,-18.6,-25.2,-8.87,4.57,0,0,12,元大,21908970.0,31690.0,0.0,0.0,0.0,no_signal,無明確權證訊號,0,,權證金流未見明顯高於近期平均的變化
20260820,0063,元大滬深300正2,,682,162,42239000.0,11869000.0,54108000.0,35505550.0,10346430.0,45851980.0,3.43,-49.91,-24.51,-31.42,-17.11,-49.02,-13.37,-34.91,-19.99,0,0,11,凱基,8345270.0,2521560.0,0.0,0.0,0.0,no_signal,無明確權證訊號,0,,權證金流未見明顯高於近期平均的變化
20260820,2409,友達,,276,16,28047000.0,189000.0,28236000.0,43631870.0,236080.0,43867950.0,184.82,-20.87,-11.86,-34.52,-6.21,-22.84,-14.85,-32.98,-69.2,0,0,12,群益,12859720.0,0.0,0.0,0.0,0.0,no_signal,無明確權證訊號,0,,權證金流未見明顯高於近期平均的變化
20260820,3665,貿聯-KY,,273,10,39392000.0,393000.0,39785000.0,42814100.0,247710.0,43061810.0,172.84,6.58,14.9,-25.34,-6.44,5.83,16.77,24.76,31.61,0,0,12,台新,11153670.0,0.0,0.0,0.0,0.0,no_signal,無明確權證訊號,0,,權證金流未見明顯高於近期平均的變化
20260820,3661,世芯-KY,,240,15,44961000.0,1534000.0,46495000.0,39993630.0,643500.0,40637130.0,62.15,46.31,-24.22,-61.73,-62.19,64.77,18.52,-21.57,-29.93,0,0,12,富邦,7997050.0,0.0,0.0,0.0,0.0,no_signal,無明確權證訊號,0,,權證金流未見明顯高於近期平均的變化
20260820,6770,力積電,,253,30,36794000.0,6340000.0,43134000.0,35217110.0,4255850.0,39472960.0,8.27,-12.87,-47.91,19.54,29.09,-26.51,-34.71,9.35,46.32,0,0,10,元大,13647490.0,512120.0,0.0,0.0,0.0,no_signal,無明確權證訊號,0,,權證金流未見明顯高於近期平均的變化
20260820,0001,臺股指數,,444,421,11799000.0,32524000.0,44323000.0,13130450.0,25639050.0,38769500.0,0.51,-27.99,-36.6,-42.07,-4.99,-35.35,-27.19,-36.89,-12.0,0,0,11,凱基,4706810.0,7113340.0,0.0,0.0,0.0,no_signal,無明確權證訊號,0,,權證金流未見明顯高於近期平均的變化
20260820,2317,鴻海,,530,35,38087000.0,134000.0,38221000.0,38323290.0,94790.0,38418080.0,404.3,0.64,-34.21,-85.49,-90.86,17.2,-5.45,-83.33,-86.63,0,0,12,凱基,7623650.0,52050.0,0.0,0.0,0.0,no_signal,無明確權證訊號,0,,權證金流未見明顯高於近期平均的變化
20260820,2303,聯電,,291,19,37332000.0,958000.0,38290000.0,36296220.0,891780.0,37188000.0,40.7,31.69,19.18,-31.98,45.06,-13.32,-8.29,-24.45,24.13,0,0,12,國泰,9175830.0,0.0,0.0,0.0,0.0,no_signal,無明確權證訊號,0,,權證金流未見明顯高於近期平均的變化
20260820,0050,元大台灣50,,276,196,18464000.0,7980000.0,26444000.0,26591460.0,9808450.0,36399910.0,2.71,-58.88,-38.18,-23.34,-1.77,-53.41,-27.49,-29.39,-15.28,0,0,12,台新,14468300.0,5974990.0,0.0,0.0,0.0,no_signal,無明確權證訊號,0,,權證金流未見明顯高於近期平均的變化
20260820,6805,富世達,,182,7,31465000.0,236000.0,31701000.0,35355360.0,186060.0,35541420.0,190.02,-0.64,-8.66,-55.36,-54.59,4.36,-4.0,-55.05,-59.48,0,0,12,元大,8594110.0,0.0,0.0,0.0,0.0,no_signal,無明確權證訊號,0,,權證金流未見明顯高於近期平均的變化
20260820,2603,長榮,,129,3,26353000.0,100000.0,26453000.0,35047380.0,59550.0,35106930.0,588.54,-10.16,12.03,845.24,144.08,-14.76,3.71,900.0,182.49,0,0,11,元大,12857120.0,0.0,0.0,0.0,0.0,no_signal,無明確權證訊號,0,,權證金流未見明顯高於近期平均的變化
20260820,3042,晶技,,144,5,40693000.0,161000.0,40854000.0,34011760.0,358210.0,34369970.0,94.95,0.79,10.32,436.89,191.44,5.07,11.96,250.0,141.02,0,0,10,元大,14640650.0,0.0,0.0,0.0,0.0,no_signal,無明確權證訊號,0,,權證金流未見明顯高於近期平均的變化
20260820,3231,緯創,,271,21,24193000.0,138000.0,24331000.0,27287150.0,210130.0,27497280.0,129.86,-21.24,-36.25,-76.65,-75.17,-20.49,-26.24,-90.96,-88.9,0,0,11,元大,12923420.0,73700.0,0.0,0.0,0.0,no_signal,無明確權證訊號,0,,權證金流未見明顯高於近期平均的變化
20260820,1303,南亞,,240,15,14791000.0,682000.0,15473000.0,27001820.0,288760.0,27290580.0,93.51,-17.01,-23.14,-89.66,-65.29,-43.45,-36.27,-74.96,-45.06,0,0,12,統一,8508600.0,0.0,0.0,0.0,0.0,no_signal,無明確權證訊號,0,,權證金流未見明顯高於近期平均的變化
20260820,2345,智邦,,286,30,32955000.0,319000.0,33274000.0,24313850.0,439090.0,24752940.0,55.37,-26.13,-35.59,-5.66,33.88,-18.64,-10.45,-49.68,-18.79,0,0,12,元大,10609050.0,50240.0,0.0,0.0,0.0,no_signal,無明確權證訊號,0,,權證金流未見明顯高於近期平均的變化
20260820,2308,台達電,,157,19,24330000.0,1876000.0,26206000.0,21710620.0,875050.0,22585670.0,24.81,7.18,-19.13,1.08,33.87,9.17,4.67,2.79,21.33,0,0,12,國票,5226810.0,67650.0,0.0,0.0,0.0,no_signal,無明確權證訊號,0,,權證金流未見明顯高於近期平均的變化
20260820,6442,光聖,,46,0,15305000.0,0.0,15305000.0,21295050.0,0.0,21295050.0,,25.94,22.02,,,34.01,38.41,,,0,0,9,統一,6160580.0,0.0,0.0,0.0,0.0,no_signal,無明確權證訊號,0,,權證金流未見明顯高於近期平均的變化
20260820,2404,漢唐,,226,10,28661000.0,114000.0,28775000.0,20025890.0,192870.0,20218760.0,103.83,-25.23,-33.43,18.88,-70.7,-18.16,-18.35,29.55,-77.73,0,0,12,元大,7806880.0,0.0,0.0,0.0,0.0,no_signal,無明確權證訊號,0,,權證金流未見明顯高於近期平均的變化
20260820,3653,健策,,27,5,7257000.0,230000.0,7487000.0,18970690.0,54670.0,19025360.0,347.0,-20.57,-19.31,-87.63,-81.65,-19.21,-34.27,-91.67,-86.87,0,0,8,統一,7741290.0,0.0,0.0,0.0,0.0,no_signal,無明確權證訊號,0,,權證金流未見明顯高於近期平均的變化
20260820,2337,旺宏,,141,16,16923000.0,91000.0,17014000.0,18117650.0,116760.0,18234410.0,155.17,-49.12,-37.95,-78.6,-84.99,-41.51,-24.47,-75.2,-81.92,0,0,12,永豐,5334070.0,0.0,0.0,0.0,0.0,no_signal,無明確權證訊號,0,,權證金流未見明顯高於近期平均的變化
20260820,3006,晶豪科,,188,14,15108000.0,575000.0,15683000.0,17296930.0,294200.0,17591130.0,58.79,-64.69,-57.28,-57.67,-24.09,-56.17,-13.83,-41.98,-6.02,0,0,11,元大,4121290.0,48880.0,0.0,0.0,0.0,no_signal,無明確權證訊號,0,,權證金流未見明顯高於近期平均的變化
20260820,2395,研華,,107,0,9204000.0,0.0,9204000.0,17268610.0,0.0,17268610.0,,-47.74,-25.44,,,-42.93,-20.93,,,0,0,10,元大,5615160.0,0.0,0.0,0.0,0.0,no_signal,無明確權證訊號,0,,權證金流未見明顯高於近期平均的變化
20260820,2481,強茂,,158,2,21808000.0,58000.0,21866000.0,17064280.0,90790.0,17155070.0,187.95,-22.41,-7.7,-74.58,-57.38,-20.94,-2.97,-74.56,-57.79,0,0,12,統一,5667670.0,0.0,0.0,0.0,0.0,no_signal,無明確權證訊號,0,,權證金流未見明顯高於近期平均的變化
20260820,2377,微星,,121,7,16876000.0,609000.0,17485000.0,16016920.0,696870.0,16713790.0,22.98,9.0,-35.11,4.19,171.38,-1.35,-17.73,0.66,123.08,0,0,9,永豐,4516710.0,0.0,0.0,0.0,0.0,no_signal,無明確權證訊號,0,,權證金流未見明顯高於近期平均的變化
20260820,2379,瑞昱,,107,3,17223000.0,187000.0,17410000.0,15623690.0,283680.0,15907370.0,55.08,-40.69,25.2,125.5,212.93,-41.24,37.03,139.74,233.93,0,0,11,元大,8101840.0,131350.0,0.0,0.0,0.0,no_signal,無明確權證訊號,0,,權證金流未見明顯高於近期平均的變化
20260820,6239,力成,,252,13,15239000.0,54000.0,15293000.0,15454490.0,62460.0,15516950.0,247.43,-4.87,-15.14,-81.17,-68.72,-24.51,-11.91,-69.83,-68.31,0,0,12,元大,5381620.0,0.0,0.0,0.0,0.0,no_signal,無明確權證訊號,0,,權證金流未見明顯高於近期平均的變化
20260820,3044,健鼎,,83,2,11794000.0,0.0,11794000.0,14781440.0,0.0,14781440.0,,21.61,24.22,-100.0,-100.0,9.44,14.15,-100.0,-100.0,0,0,11,元大,4638140.0,0.0,0.0,0.0,0.0,no_signal,無明確權證訊號,0,,權證金流未見明顯高於近期平均的變化
20260820,3037,欣興,,123,17,1117000.0,14000.0,1131000.0,14018310.0,2240.0,14020550.0,6258.17,40.19,14.6,2388.89,11.78,-51.65,-49.02,600.0,-64.82,0,0,11,永豐,7094700.0,0.0,0.0,0.0,0.0,no_signal,無明確權證訊號,0,,權證金流未見明顯高於近期平均的變化
20260820,8271,宇瞻,,73,11,10487000.0,7000.0,10494000.0,13860700.0,5370.0,13866070.0,2581.14,24.79,25.38,-92.9,-90.25,50.42,52.78,-92.31,-90.74,0,0,10,元大,5020680.0,0.0,0.0,0.0,0.0,no_signal,無明確權證訊號,0,,權證金流未見明顯高於近期平均的變化
20260820,2449,京元電子,,292,11,16192000.0,281000.0,16473000.0,13117120.0,403460.0,13520580.0,32.51,-20.58,-17.32,20.27,-41.68,-24.5,-17.34,42.64,-52.98,0,0,12,元大,7972230.0,0.0,0.0,0.0,0.0,no_signal,無明確權證訊號,0,,權證金流未見明顯高於近期平均的變化
20260820,0098,主動統一台股增長,,103,16,7787000.0,4497000.0,12284000.0,6763910.0,5776900.0,12540810.0,1.17,-41.75,-45.14,-26.41,21.12,-40.59,-38.24,-32.79,-3.41,0,0,10,元大,4178840.0,588740.0,0.0,0.0,0.0,no_signal,無明確權證訊號,0,,權證金流未見明顯高於近期平均的變化
20260820,6409,旭隼,,98,5,15115000.0,21000.0,15136000.0,12280650.0,10620.0,12291270.0,1156.37,-47.84,-28.29,-12.52,40.7,-46.37,-24.05,0.0,156.1,0,0,10,元大,3602810.0,0.0,0.0,0.0,0.0,no_signal,無明確權證訊號,0,,權證金流未見明顯高於近期平均的變化
20260820,6531,愛普*,,87,5,9202000.0,143000.0,9345000.0,11875410.0,236260.0,12111670.0,50.26,-24.22,19.23,102.73,143.89,-25.19,54.0,95.89,131.39,0,0,12,元大,5019080.0,0.0,0.0,0.0,0.0,no_signal,無明確權證訊號,0,,權證金流未見明顯高於近期平均的變化
20260820,8261,富鼎,,121,2,17680000.0,0.0,17680000.0,11999080.0,0.0,11999080.0,,21.49,21.82,-100.0,-100.0,10.88,26.22,-100.0,-100.0,0,0,11,國票,2982350.0,0.0,0.0,0.0,0.0,no_signal,無明確權證訊號,0,,權證金流未見明顯高於近期平均的變化
20260820,2492,華新科,,79,0,3274000.0,0.0,3274000.0,11499990.0,0.0,11499990.0,,9.13,18.87,,,11.93,26.31,,,0,0,11,國泰,5949630.0,0.0,0.0,0.0,0.0,no_signal,無明確權證訊號,0,,權證金流未見明顯高於近期平均的變化
20260820,6753,龍德造船,,86,2,11445000.0,0.0,11445000.0,11484260.0,0.0,11484260.0,,47.12,11.01,-100.0,-100.0,44.97,3.96,-100.0,-100.0,0,0,11,元大,5640390.0,0.0,0.0,0.0,0.0,no_signal,無明確權證訊號,0,,權證金流未見明顯高於近期平均的變化
20260820,1326,台化,,145,7,8883000.0,0.0,8883000.0,10927140.0,0.0,10927140.0,,36.57,10.12,-100.0,-100.0,40.93,21.73,-100.0,-100.0,0,0,11,統一,3412470.0,0.0,0.0,0.0,0.0,no_signal,無明確權證訊號,0,,權證金流未見明顯高於近期平均的變化
20260820,2376,技嘉,,150,0,9192000.0,0.0,9192000.0,10625210.0,0.0,10625210.0,,-20.61,-68.33,,,-30.6,-60.71,,,0,0,12,元大,4824380.0,0.0,0.0,0.0,0.0,no_signal,無明確權證訊號,0,,權證金流未見明顯高於近期平均的變化
20260820,2059,川湖,,107,11,900000.0,986000.0,1886000.0,10231600.0,176530.0,10408130.0,57.96,-55.03,-13.48,-45.42,-23.31,-43.86,-11.21,-50.53,-41.03,0,0,12,凱基,4963250.0,22280.0,0.0,0.0,0.0,no_signal,無明確權證訊號,0,,權證金流未見明顯高於近期平均的變化
20260820,2605,新興,,65,2,10123000.0,61000.0,10184000.0,10206290.0,90880.0,10297170.0,112.31,-49.1,18.41,475.55,2777.77,-50.01,-0.85,454.55,2672.73,0,0,11,國泰,3234980.0,0.0,0.0,0.0,0.0,no_signal,無明確權證訊號,0,,權證金流未見明顯高於近期平均的變化
20260820,2351,順德,,96,0,14419000.0,0.0,14419000.0,10225120.0,0.0,10225120.0,,-48.58,-7.45,,,-37.54,4.98,,,0,0,9,統一,2530400.0,0.0,0.0,0.0,0.0,no_signal,無明確權證訊號,0,,權證金流未見明顯高於近期平均的變化
20260820,7788,松川精密,,62,2,9142000.0,95000.0,9237000.0,10115480.0,52350.0,10167830.0,193.23,-14.82,-36.91,-38.69,-40.43,-5.99,-28.15,-42.42,-41.29,0,0,9,元大,4577210.0,0.0,0.0,0.0,0.0,no_signal,無明確權證訊號,0,,權證金流未見明顯高於近期平均的變化
20260820,2027,大成鋼,,69,1,5686000.0,22000.0,5708000.0,9921950.0,16900.0,9938850.0,587.1,14.89,-27.89,969.62,-96.02,13.45,-25.92,1000.0,-95.7,0,0,10,元大,4190740.0,0.0,0.0,0.0,0.0,no_signal,無明確權證訊號,0,,權證金流未見明顯高於近期平均的變化
20260820,7750,新代,,44,1,6003000.0,0.0,6003000.0,9876230.0,0.0,9876230.0,,-51.59,9.97,-100.0,-100.0,-51.63,11.38,-100.0,-100.0,0,0,9,台新,2029370.0,0.0,0.0,0.0,0.0,no_signal,無明確權證訊號,0,,權證金流未見明顯高於近期平均的變化
20260820,6414,樺漢,,80,1,10748000.0,19000.0,10767000.0,9845070.0,20960.0,9866030.0,469.71,-33.79,-31.95,-49.9,-82.56,-26.27,-23.99,-50.0,-82.21,0,0,10,元大,5613850.0,0.0,0.0,0.0,0.0,no_signal,無明確權證訊號,0,,權證金流未見明顯高於近期平均的變化
20260820,3583,辛耘,,116,3,8973000.0,12000.0,8985000.0,9729540.0,8600.0,9738140.0,1131.34,-26.37,-2.81,-92.85,-72.08,-20.88,12.23,-93.62,-74.25,0,0,12,元大,3334120.0,0.0,0.0,0.0,0.0,no_signal,無明確權證訊號,0,,權證金流未見明顯高於近期平均的變化
20260820,8210,勤誠,,176,5,14979000.0,101000.0,15080000.0,9122710.0,86050.0,9208760.0,106.02,-19.35,-0.73,8.7,288.66,-28.7,5.22,-48.99,113.08,0,0,12,國泰,3826730.0,0.0,0.0,0.0,0.0,no_signal,無明確權證訊號,0,,權證金流未見明顯高於近期平均的變化
20260820,3406,玉晶光,,117,4,11894000.0,1313000.0,13207000.0,8590440.0,518290.0,9108730.0,16.57,-50.3,-67.87,126.33,317.93,-36.37,-56.46,98.04,259.14,0,0,12,元大,4545270.0,0.0,0.0,0.0,0.0,no_signal,無明確權證訊號,0,,權證金流未見明顯高於近期平均的變化
20260820,6139,亞翔,,224,2,8795000.0,30000.0,8825000.0,8449900.0,8500.0,8458400.0,994.11,-31.87,-9.05,-35.36,-8.41,-33.82,0.29,-33.33,-9.09,0,0,12,元大,5363170.0,0.0,0.0,0.0,0.0,no_signal,無明確權證訊號,0,,權證金流未見明顯高於近期平均的變化
20260820,2316,楠梓電,,89,0,10059000.0,0.0,10059000.0,8287620.0,0.0,8287620.0,,49.56,23.49,,,21.25,10.64,,,0,0,10,國票,2980060.0,0.0,0.0,0.0,0.0,no_signal,無明確權證訊號,0,,權證金流未見明顯高於近期平均的變化
20260820,6197,佳必琪,,119,0,5440000.0,0.0,5440000.0,8073770.0,0.0,8073770.0,,-0.98,-3.71,,,-10.08,-6.93,,,0,0,11,元大,3127990.0,0.0,0.0,0.0,0.0,no_signal,無明確權證訊號,0,,權證金流未見明顯高於近期平均的變化
20260820,3533,嘉澤,,178,3,20823000.0,145000.0,20968000.0,7317810.0,219300.0,7537110.0,33.37,9.63,-54.19,-75.53,-73.73,59.32,-36.62,-77.52,-77.58,0,0,12,富邦,1404870.0,0.0,0.0,0.0,0.0,no_signal,無明確權證訊號,0,,權證金流未見明顯高於近期平均的變化
20260820,3090,日電貿,,48,0,4928000.0,0.0,4928000.0,7172260.0,0.0,7172260.0,,-12.18,43.05,,,-11.05,22.0,,,0,0,11,台新,2608510.0,0.0,0.0,0.0,0.0,no_signal,無明確權證訊號,0,,權證金流未見明顯高於近期平均的變化
20260820,0068,元大美債20正2,,99,13,7841000.0,693000.0,8534000.0,5772730.0,815060.0,6587790.0,7.08,-38.86,-18.45,-52.98,-12.1,-37.27,-7.52,-49.67,-10.74,0,0,10,元大,3595840.0,5800.0,0.0,0.0,0.0,no_signal,無明確權證訊號,0,,權證金流未見明顯高於近期平均的變化
20260820,2451,創見,,134,8,5625000.0,186000.0,5811000.0,6413420.0,161020.0,6574440.0,39.83,-0.19,-37.64,-23.6,-44.62,-3.58,-43.11,-20.17,-62.98,0,0,12,元大,2096070.0,0.0,0.0,0.0,0.0,no_signal,無明確權證訊號,0,,權證金流未見明顯高於近期平均的變化
20260820,6672,騰輝電子-KY,,65,1,4994000.0,0.0,4994000.0,6428050.0,0.0,6428050.0,,-67.21,-59.75,-100.0,-100.0,-68.84,-61.9,-100.0,-100.0,0,0,9,元大,3365510.0,0.0,0.0,0.0,0.0,no_signal,無明確權證訊號,0,,權證金流未見明顯高於近期平均的變化
20260820,2472,立隆電,,133,6,11337000.0,30000.0,11367000.0,6262510.0,71600.0,6334110.0,87.47,-18.33,-32.42,118.96,6.05,-0.78,-0.66,66.67,-12.28,0,0,11,群益,1169640.0,71600.0,0.0,0.0,0.0,no_signal,無明確權證訊號,0,,權證金流未見明顯高於近期平均的變化
20260820,6213,聯茂,,120,8,1812000.0,268000.0,2080000.0,5997250.0,183320.0,6180570.0,32.71,-18.55,-30.15,-23.9,-31.25,-19.43,-37.85,5.1,-46.12,0,0,11,群益,1162430.0,99020.0,0.0,0.0,0.0,no_signal,無明確權證訊號,0,,權證金流未見明顯高於近期平均的變化
20260820,6257,矽格,,124,10,5693000.0,156000.0,5849000.0,5437090.0,391030.0,5828120.0,13.9,-10.8,-25.08,679.88,298.53,-16.13,-23.31,358.82,-50.91,0,0,12,元大,1727600.0,0.0,0.0,0.0,0.0,no_signal,無明確權證訊號,0,,權證金流未見明顯高於近期平均的變化
20260820,0066,國泰臺灣加權反1,,112,22,6294000.0,141000.0,6435000.0,5370110.0,132910.0,5503020.0,40.4,-26.57,-5.13,-79.86,-66.96,-40.1,-17.04,-77.11,-63.73,0,0,8,國票,2329680.0,0.0,0.0,0.0,0.0,no_signal,無明確權證訊號,0,,權證金流未見明顯高於近期平均的變化
20260820,6415,矽力*-KY,,83,1,4480000.0,0.0,4480000.0,5343980.0,0.0,5343980.0,,27.74,2.58,,,18.24,28.5,,,0,0,12,凱基,1642570.0,0.0,0.0,0.0,0.0,no_signal,無明確權證訊號,0,,權證金流未見明顯高於近期平均的變化
20260820,1301,台塑,,126,2,6077000.0,0.0,6077000.0,5237960.0,0.0,5237960.0,,-27.74,-64.85,-100.0,-100.0,-11.26,-49.0,-100.0,-100.0,0,0,11,元大,2628840.0,0.0,0.0,0.0,0.0,no_signal,無明確權證訊號,0,,權證金流未見明顯高於近期平均的變化
20260820,3016,嘉晶,,53,3,4400000.0,43000.0,4443000.0,5038830.0,39510.0,5078340.0,127.53,-58.18,-61.1,-58.54,-83.11,-52.77,-57.74,-75.98,-92.04,0,0,10,群益,1866260.0,39510.0,0.0,0.0,0.0,no_signal,無明確權證訊號,0,,權證金流未見明顯高於近期平均的變化
20260820,2312,金寶,,79,3,5844000.0,75000.0,5919000.0,4905090.0,92250.0,4997340.0,53.17,19.18,17.75,,776.4,-48.93,-20.33,,941.67,0,0,11,凱基,1707640.0,0.0,0.0,0.0,0.0,no_signal,無明確權證訊號,0,,權證金流未見明顯高於近期平均的變化
20260820,3035,智原,,155,3,8422000.0,0.0,8422000.0,4969010.0,0.0,4969010.0,,-4.7,-0.92,-100.0,-100.0,7.23,0.16,-100.0,-100.0,0,0,12,元大,2070680.0,0.0,0.0,0.0,0.0,no_signal,無明確權證訊號,0,,權證金流未見明顯高於近期平均的變化
20260820,6285,啟碁,,221,23,5037000.0,58000.0,5095000.0,4909670.0,38570.0,4948240.0,127.29,-1.7,-26.34,-96.04,-92.86,-3.04,-25.92,-91.3,-92.65,0,0,12,統一,1344100.0,0.0,0.0,0.0,0.0,no_signal,無明確權證訊號,0,,權證金流未見明顯高於近期平均的變化
20260820,8150,南茂,,182,3,5307000.0,105000.0,5412000.0,4766070.0,121800.0,4887870.0,39.13,-14.77,-59.78,5.09,-56.11,-25.98,-54.94,1.94,-50.56,0,0,11,群益,1170870.0,0.0,0.0,0.0,0.0,no_signal,無明確權證訊號,0,,權證金流未見明顯高於近期平均的變化
20260820,2476,鉅祥,,66,0,6903000.0,0.0,6903000.0,4885700.0,0.0,4885700.0,,-44.59,-31.43,,,-39.54,-15.11,,,0,0,10,元大,1260390.0,0.0,0.0,0.0,0.0,no_signal,無明確權證訊號,0,,權證金流未見明顯高於近期平均的變化
20260820,2356,英業達,,110,8,4294000.0,392000.0,4686000.0,4262270.0,557330.0,4819600.0,7.65,-5.09,-62.67,0.06,134.66,-1.83,-53.0,0.0,125.55,0,0,11,元大,1755680.0,0.0,0.0,0.0,0.0,no_signal,無明確權證訊號,0,,權證金流未見明顯高於近期平均的變化
20260820,2478,大毅,,33,0,3838000.0,0.0,3838000.0,4662830.0,0.0,4662830.0,,-20.34,-5.47,,,-17.53,-7.12,,,0,0,7,台新,2021130.0,0.0,0.0,0.0,0.0,no_signal,無明確權證訊號,0,,權證金流未見明顯高於近期平均的變化
20260820,3036,文曄,,103,1,5072000.0,0.0,5072000.0,4635600.0,0.0,4635600.0,,-5.13,46.68,-100.0,-100.0,-13.59,-2.39,-100.0,-100.0,0,0,12,凱基,1714560.0,0.0,0.0,0.0,0.0,no_signal,無明確權證訊號,0,,權證金流未見明顯高於近期平均的變化
20260820,2354,鴻準,,51,1,5886000.0,178000.0,6064000.0,4315650.0,274520.0,4590170.0,15.72,-24.52,-28.36,2370.93,891.12,-26.54,-4.41,2442.86,836.84,0,0,10,元大,1081120.0,0.0,0.0,0.0,0.0,no_signal,無明確權證訊號,0,,權證金流未見明顯高於近期平均的變化
20260820,3413,京鼎,,61,3,3728000.0,20000.0,3748000.0,4542530.0,35000.0,4577530.0,129.79,-10.51,25.95,,217.26,-34.59,-4.48,,212.5,0,0,11,元大,2135300.0,0.0,0.0,0.0,0.0,no_signal,無明確權證訊號,0,,權證金流未見明顯高於近期平均的變化
20260820,1560,中砂,,126,9,3489000.0,1806000.0,5295000.0,3378710.0,1076150.0,4454860.0,3.14,-1.11,-64.01,22.81,19.35,7.25,-55.26,0.28,-2.26,0,0,12,統一,1425370.0,0.0,0.0,0.0,0.0,no_signal,無明確權證訊號,0,,權證金流未見明顯高於近期平均的變化
20260820,4919,新唐,,105,4,6130000.0,35000.0,6165000.0,4378860.0,50100.0,4428960.0,87.4,-12.55,-35.35,231.13,-81.69,-16.17,-20.33,169.23,-86.58,0,0,12,統一,1337880.0,0.0,0.0,0.0,0.0,no_signal,無明確權證訊號,0,,權證金流未見明顯高於近期平均的變化
20260820,2881,富邦金,,37,0,1965000.0,0.0,1965000.0,4404060.0,0.0,4404060.0,,10.93,33.21,,,-42.34,-29.94,,,0,0,4,富邦,3909740.0,0.0,0.0,0.0,0.0,no_signal,無明確權證訊號,0,,權證金流未見明顯高於近期平均的變化
20260820,2474,可成,,68,4,5565000.0,0.0,5565000.0,4400690.0,0.0,4400690.0,,-16.7,13.37,,-100.0,-11.9,15.7,,-100.0,0,0,10,富邦,940100.0,0.0,0.0,0.0,0.0,no_signal,無明確權證訊號,0,,權證金流未見明顯高於近期平均的變化
20260820,2388,威盛,,77,3,3277000.0,2000.0,3279000.0,4380580.0,1340.0,4381920.0,3269.09,-13.53,-38.9,-99.66,-99.16,-20.6,-43.16,-99.72,-99.31,0,0,12,元大,3462710.0,0.0,0.0,0.0,0.0,no_signal,無明確權證訊號,0,,權證金流未見明顯高於近期平均的變化
20260820,2383,台光電,,69,8,591000.0,0.0,591000.0,4369090.0,0.0,4369090.0,,-68.45,-45.29,,-100.0,-59.02,-40.83,,-100.0,0,0,11,元大,2307700.0,0.0,0.0,0.0,0.0,no_signal,無明確權證訊號,0,,權證金流未見明顯高於近期平均的變化
20260820,4576,大銀微系統,,68,0,3925000.0,0.0,3925000.0,4333720.0,0.0,4333720.0,,-5.78,-29.21,,,-8.08,-29.7,,,0,0,9,元大,1466480.0,0.0,0.0,0.0,0.0,no_signal,無明確權證訊號,0,,權證金流未見明顯高於近期平均的變化
20260820,3005,神基,,46,1,5494000.0,20000.0,5514000.0,4306370.0,17000.0,4323370.0,253.32,-8.3,-49.67,-2.3,229.46,-33.22,-62.88,0.0,233.33,0,0,11,群益,1488930.0,0.0,0.0,0.0,0.0,no_signal,無明確權證訊號,0,,權證金流未見明顯高於近期平均的變化
20260820,1590,亞德客-KY,,57,0,4738000.0,0.0,4738000.0,4300710.0,0.0,4300710.0,,-33.98,-22.44,,,-45.4,-20.18,,,0,0,9,富邦,1714260.0,0.0,0.0,0.0,0.0,no_signal,無明確權證訊號,0,,權證金流未見明顯高於近期平均的變化
20260820,2467,志聖,,77,2,4526000.0,39000.0,4565000.0,4143240.0,36700.0,4179940.0,112.89,44.26,-29.37,36.38,-38.69,42.55,-20.11,44.44,-39.25,0,0,10,台新,1308000.0,0.0,0.0,0.0,0.0,no_signal,無明確權證訊號,0,,權證金流未見明顯高於近期平均的變化
20260820,6830,汎銓,,37,5,2439000.0,20000.0,2459000.0,4138720.0,34200.0,4172920.0,121.02,-21.94,-24.5,-61.71,-74.77,-19.37,-17.53,-94.85,-97.64,0,0,8,凱基,1557560.0,0.0,0.0,0.0,0.0,no_signal,無明確權證訊號,0,,權證金流未見明顯高於近期平均的變化
20260820,3450,聯鈞,,97,2,1290000.0,200000.0,1490000.0,3937940.0,6000.0,3943940.0,656.32,-71.2,-40.73,,200.0,-68.84,-41.65,,400.0,0,0,11,統一,1875710.0,0.0,0.0,0.0,0.0,no_signal,無明確權證訊號,0,,權證金流未見明顯高於近期平均的變化
20260820,2353,宏碁,,60,6,3608000.0,25000.0,3633000.0,3845190.0,40400.0,3885590.0,95.18,17.99,-58.15,,-36.33,10.07,-55.12,,-28.57,0,0,8,永豐,1254570.0,0.0,0.0,0.0,0.0,no_signal,無明確權證訊號,0,,權證金流未見明顯高於近期平均的變化
20260820,8016,矽創,,49,1,4406000.0,0.0,4406000.0,3883550.0,0.0,3883550.0,,9.93,3.68,,-100.0,9.49,22.16,,-100.0,0,0,10,元大,2476350.0,0.0,0.0,0.0,0.0,no_signal,無明確權證訊號,0,,權證金流未見明顯高於近期平均的變化
20260820,6278,台表科,,47,0,5084000.0,0.0,5084000.0,3818220.0,0.0,3818220.0,,21.61,15.03,,,22.06,28.27,,,0,0,9,元大,1622630.0,0.0,0.0,0.0,0.0,no_signal,無明確權證訊號,0,,權證金流未見明顯高於近期平均的變化
20260820,2851,中再保,,6,0,976000.0,0.0,976000.0,3726270.0,0.0,3726270.0,,-64.15,-39.88,,,-76.33,-65.95,,,0,0,5,群益,3641400.0,0.0,0.0,0.0,0.0,no_signal,無明確權證訊號,0,,權證金流未見明顯高於近期平均的變化
20260820,4916,事欣科,,38,0,4097000.0,0.0,4097000.0,3618940.0,0.0,3618940.0,,3.1,10.91,,,-7.97,8.65,,,0,0,8,元大,1586100.0,0.0,0.0,0.0,0.0,no_signal,無明確權證訊號,0,,權證金流未見明顯高於近期平均的變化
20260820,4763,材料*-KY,,54,1,5185000.0,3000.0,5188000.0,3568440.0,2850.0,3571290.0,1252.08,-57.56,-50.35,-52.02,62.12,-46.88,-36.76,-50.0,66.67,0,0,11,富邦,1863830.0,0.0,0.0,0.0,0.0,no_signal,無明確權證訊號,0,,權證金流未見明顯高於近期平均的變化
20260820,6525,捷敏-KY,,26,0,6232000.0,0.0,6232000.0,3385050.0,0.0,3385050.0,,-15.86,-16.37,,,-12.19,15.02,,,0,0,9,台新,919940.0,0.0,0.0,0.0,0.0,no_signal,無明確權證訊號,0,,權證金流未見明顯高於近期平均的變化
20260820,2493,揚博,,77,1,3935000.0,0.0,3935000.0,3146340.0,0.0,3146340.0,,-9.81,-43.28,-100.0,-100.0,-10.08,-28.66,-100.0,-100.0,0,0,9,富邦,743650.0,0.0,0.0,0.0,0.0,no_signal,無明確權證訊號,0,,權證金流未見明顯高於近期平均的變化
20260820,2441,超豐,,86,0,4372000.0,0.0,4372000.0,3136620.0,0.0,3136620.0,,43.68,-21.03,,,38.88,-5.98,,,0,0,10,元大,884690.0,0.0,0.0,0.0,0.0,no_signal,無明確權證訊號,0,,權證金流未見明顯高於近期平均的變化
20260820,6271,同欣電,,117,0,5056000.0,0.0,5056000.0,3105590.0,0.0,3105590.0,,9.54,-31.69,,,47.02,7.07,,,0,0,12,富邦,919500.0,0.0,0.0,0.0,0.0,no_signal,無明確權證訊號,0,,權證金流未見明顯高於近期平均的變化
20260820,1717,長興,,119,1,4059000.0,0.0,4059000.0,3094050.0,0.0,3094050.0,,-13.32,-77.98,,,-0.51,-75.65,,,0,0,11,元大,1524020.0,0.0,0.0,0.0,0.0,no_signal,無明確權證訊號,0,,權證金流未見明顯高於近期平均的變化
20260820,3167,大量,,24,1,384000.0,0.0,384000.0,2974460.0,0.0,2974460.0,,-55.88,40.48,,,-45.92,43.18,,,0,0,10,群益,1904000.0,0.0,0.0,0.0,0.0,no_signal,無明確權證訊號,0,,權證金流未見明顯高於近期平均的變化
20260820,3019,亞光,,93,0,3529000.0,0.0,3529000.0,2869640.0,0.0,2869640.0,,-15.59,-17.58,,,-12.37,-14.9,,,0,0,11,群益,1325610.0,0.0,0.0,0.0,0.0,no_signal,無明確權證訊號,0,,權證金流未見明顯高於近期平均的變化
20260820,3563,牧德,,136,10,3028000.0,2611000.0,5639000.0,1951490.0,658580.0,2610070.0,2.96,-17.81,-61.74,242.33,338.92,-23.92,-53.26,609.51,758.88,0,0,12,國票,11290.0,645100.0,0.0,0.0,0.0,no_signal,無明確權證訊號,0,,權證金流未見明顯高於近期平均的變化
20260820,6706,惠特,,84,3,5584000.0,12000.0,5596000.0,2571010.0,9360.0,2580370.0,274.68,-5.86,-32.6,-28.11,-41.81,1.31,-25.6,-33.33,-48.72,0,0,10,元大,1066770.0,0.0,0.0,0.0,0.0,no_signal,無明確權證訊號,0,,權證金流未見明顯高於近期平均的變化
20260820,2455,全新,,21,0,536000.0,0.0,536000.0,2433680.0,0.0,2433680.0,,-75.76,-28.17,,,-50.42,-10.13,,,0,0,8,富邦,1292000.0,0.0,0.0,0.0,0.0,no_signal,無明確權證訊號,0,,權證金流未見明顯高於近期平均的變化
20260820,6209,今國光,,70,0,2864000.0,0.0,2864000.0,2418100.0,0.0,2418100.0,,14.42,27.4,,,-0.49,21.28,,,0,0,10,富邦,661850.0,0.0,0.0,0.0,0.0,no_signal,無明確權證訊號,0,,權證金流未見明顯高於近期平均的變化
20260820,3715,定穎投控,,220,6,3761000.0,118000.0,3879000.0,2169240.0,210080.0,2379320.0,10.33,-15.03,-54.25,-11.51,22.27,-32.15,-52.94,-16.9,17.76,0,0,12,元大,613030.0,0.0,0.0,0.0,0.0,no_signal,無明確權證訊號,0,,權證金流未見明顯高於近期平均的變化
20260820,0065,復華香港正2,,54,7,1421000.0,602000.0,2023000.0,2125960.0,251800.0,2377760.0,8.44,-49.16,27.16,10.98,39.58,-70.25,-24.96,98.03,112.57,0,0,8,元大,1404270.0,37020.0,0.0,0.0,0.0,no_signal,無明確權證訊號,0,,權證金流未見明顯高於近期平均的變化
20260820,6789,采鈺,,109,1,3298000.0,5000.0,3303000.0,2360210.0,7250.0,2367460.0,325.55,-57.96,-54.84,,,-48.27,-39.23,,,0,0,11,富邦,901180.0,0.0,0.0,0.0,0.0,no_signal,無明確權證訊號,0,,權證金流未見明顯高於近期平均的變化
20260820,3022,威強電,,26,0,1687000.0,0.0,1687000.0,2358800.0,0.0,2358800.0,,6.03,-41.33,,,-10.5,-40.69,,,0,0,8,國泰,1191090.0,0.0,0.0,0.0,0.0,no_signal,無明確權證訊號,0,,權證金流未見明顯高於近期平均的變化
20260820,2375,凱美,,52,0,3204000.0,0.0,3204000.0,2326350.0,0.0,2326350.0,,-36.67,-30.49,,,-23.02,-22.94,,,0,0,8,台新,1334470.0,0.0,0.0,0.0,0.0,no_signal,無明確權證訊號,0,,權證金流未見明顯高於近期平均的變化
20260820,5434,崇越,,18,0,2369000.0,0.0,2369000.0,2273180.0,0.0,2273180.0,,-7.35,-4.28,,,30.16,10.68,,,0,0,10,凱基,1148950.0,0.0,0.0,0.0,0.0,no_signal,無明確權證訊號,0,,權證金流未見明顯高於近期平均的變化
20260820,8028,昇陽半導體,,107,1,2434000.0,14000.0,2448000.0,2230500.0,16960.0,2247460.0,131.52,44.27,-55.78,-58.82,-43.68,90.01,-41.2,-60.0,-45.31,0,0,12,元大,816760.0,0.0,0.0,0.0,0.0,no_signal,無明確權證訊號,0,,權證金流未見明顯高於近期平均的變化
20260820,2618,長榮航,,42,0,1811000.0,0.0,1811000.0,2147130.0,0.0,2147130.0,,-33.48,-67.0,,,-32.5,-72.01,,,0,0,10,群益,960540.0,0.0,0.0,0.0,0.0,no_signal,無明確權證訊號,0,,權證金流未見明顯高於近期平均的變化
20260820,6944,兆聯實業,,82,5,1565000.0,3000.0,1568000.0,2120330.0,1080.0,2121410.0,1963.27,-64.12,-47.91,,-76.39,-58.22,-38.54,,-96.0,0,0,11,凱基,1544470.0,0.0,0.0,0.0,0.0,no_signal,無明確權證訊號,0,,權證金流未見明顯高於近期平均的變化
20260820,5388,中磊,,36,1,3451000.0,40000.0,3491000.0,2027230.0,48800.0,2076030.0,41.54,-21.0,-29.07,700.0,112.28,-3.44,-31.32,700.0,106.19,0,0,9,兆豐,534890.0,0.0,0.0,0.0,0.0,no_signal,無明確權證訊號,0,,權證金流未見明顯高於近期平均的變化
20260820,3030,德律,,163,10,2235000.0,85000.0,2320000.0,1971310.0,101200.0,2072510.0,19.48,7.54,-56.04,318.18,163.35,6.94,-50.47,325.0,142.86,0,0,12,富邦,553120.0,0.0,0.0,0.0,0.0,no_signal,無明確權證訊號,0,,權證金流未見明顯高於近期平均的變化
20260820,3617,碩天,,16,0,1303000.0,0.0,1303000.0,2045390.0,0.0,2045390.0,,-1.91,-58.29,,,8.49,-56.53,,,0,0,6,國票,1338110.0,0.0,0.0,0.0,0.0,no_signal,無明確權證訊號,0,,權證金流未見明顯高於近期平均的變化
20260820,2371,大同,,46,2,3029000.0,0.0,3029000.0,2041310.0,0.0,2041310.0,,-5.27,37.43,-100.0,-100.0,11.03,15.65,-100.0,-100.0,0,0,10,國票,555090.0,0.0,0.0,0.0,0.0,no_signal,無明確權證訊號,0,,權證金流未見明顯高於近期平均的變化
20260820,0064,富邦日本正2,,92,28,1919000.0,708000.0,2627000.0,1502990.0,455460.0,1958450.0,3.3,-65.75,-44.91,-23.55,9.86,-58.04,-36.93,-57.78,-44.83,0,0,11,元大,455900.0,186510.0,0.0,0.0,0.0,no_signal,無明確權證訊號,0,,權證金流未見明顯高於近期平均的變化
20260820,6719,力智,,66,2,4400000.0,3000.0,4403000.0,1928390.0,4740.0,1933130.0,406.83,-29.31,-17.27,,,19.99,5.51,,,0,0,10,台新,740900.0,4740.0,0.0,0.0,0.0,no_signal,無明確權證訊號,0,,權證金流未見明顯高於近期平均的變化
20260820,1727,中華化,,12,0,1738000.0,0.0,1738000.0,1888570.0,0.0,1888570.0,,-68.77,-29.87,,,-59.01,-14.88,,,0,0,7,台新,785970.0,0.0,0.0,0.0,0.0,no_signal,無明確權證訊號,0,,權證金流未見明顯高於近期平均的變化
20260820,2527,宏璟,,4,0,1648000.0,0.0,1648000.0,1881770.0,0.0,1881770.0,,-14.85,-11.68,,,-16.35,-15.5,,,0,0,3,永豐,1156000.0,0.0,0.0,0.0,0.0,no_signal,無明確權證訊號,0,,權證金流未見明顯高於近期平均的變化
20260820,6214,精誠,,16,0,843000.0,0.0,843000.0,1868790.0,0.0,1868790.0,,-22.28,-10.23,,,-24.66,-12.3,,,0,0,6,凱基,450990.0,0.0,0.0,0.0,0.0,no_signal,無明確權證訊號,0,,權證金流未見明顯高於近期平均的變化
20260820,0067,期元大S&P黃金反1(原名：元大S&P黃金反1),,56,14,2689000.0,129000.0,2818000.0,1735340.0,106640.0,1841980.0,16.27,11.54,-29.26,-70.78,-42.26,51.32,-3.29,-60.79,-29.82,0,0,8,凱基,1417400.0,220.0,0.0,0.0,0.0,no_signal,無明確權證訊號,0,,權證金流未見明顯高於近期平均的變化
20260820,2103,台橡,,18,0,1201000.0,0.0,1201000.0,1775620.0,0.0,1775620.0,,-36.24,-13.26,,,-36.86,-9.1,,,0,0,6,國票,722770.0,0.0,0.0,0.0,0.0,no_signal,無明確權證訊號,0,,權證金流未見明顯高於近期平均的變化
20260820,2421,建準,,77,0,2725000.0,0.0,2725000.0,1713020.0,0.0,1713020.0,,-20.5,-50.37,,,-10.1,-50.37,,,0,0,11,富邦,461260.0,0.0,0.0,0.0,0.0,no_signal,無明確權證訊號,0,,權證金流未見明顯高於近期平均的變化
20260820,6206,飛捷,,30,0,1826000.0,0.0,1826000.0,1704730.0,0.0,1704730.0,,-41.07,-70.08,,,-60.04,-74.23,,,0,0,7,元大,1021800.0,0.0,0.0,0.0,0.0,no_signal,無明確權證訊號,0,,權證金流未見明顯高於近期平均的變化
20260820,2369,菱生,,70,1,4100000.0,0.0,4100000.0,1641620.0,0.0,1641620.0,,-9.38,38.88,,-100.0,76.65,129.51,,-100.0,0,0,10,永豐,615500.0,0.0,0.0,0.0,0.0,no_signal,無明確權證訊號,0,,權證金流未見明顯高於近期平均的變化
20260820,0071,期街口布蘭特正2,,113,23,386000.0,98000.0,484000.0,1504480.0,126750.0,1631230.0,11.87,-26.7,-43.11,310.06,-66.47,-43.57,-67.84,390.0,-39.58,0,0,11,國票,1011460.0,18440.0,0.0,0.0,0.0,no_signal,無明確權證訊號,0,,權證金流未見明顯高於近期平均的變化
20260820,1718,中纖,,9,0,2187000.0,0.0,2187000.0,1611700.0,0.0,1611700.0,,-18.0,-34.77,,,-18.61,-32.67,,,0,0,4,凱基,930940.0,0.0,0.0,0.0,0.0,no_signal,無明確權證訊號,0,,權證金流未見明顯高於近期平均的變化
20260820,0027,電子類,,17,15,222000.0,1190000.0,1412000.0,223670.0,1344580.0,1568250.0,0.17,-86.08,-79.05,-0.07,32.41,-86.65,-69.46,1.1,28.82,0,0,4,國票,202130.0,1151700.0,0.0,0.0,0.0,no_signal,無明確權證訊號,0,,權證金流未見明顯高於近期平均的變化
20260820,3305,昇貿,,91,1,4269000.0,20000.0,4289000.0,1500420.0,52000.0,1552420.0,28.85,23.62,-50.69,,455.56,54.17,-28.17,,400.0,0,0,11,富邦,780310.0,0.0,0.0,0.0,0.0,no_signal,無明確權證訊號,0,,權證金流未見明顯高於近期平均的變化
20260820,3048,益登,,30,1,2001000.0,100000.0,2101000.0,1440930.0,83000.0,1523930.0,17.36,-11.79,38.21,,29.12,-0.3,56.65,,13.64,0,0,9,台新,620860.0,0.0,0.0,0.0,0.0,no_signal,無明確權證訊號,0,,權證金流未見明顯高於近期平均的變化
20260820,1513,中興電,,79,3,2204000.0,0.0,2204000.0,1453610.0,0.0,1453610.0,,-24.52,-74.01,,,-16.17,-68.41,,,0,0,10,元大,989170.0,0.0,0.0,0.0,0.0,no_signal,無明確權證訊號,0,,權證金流未見明顯高於近期平均的變化
20260820,3702,大聯大,,47,0,3049000.0,0.0,3049000.0,1381970.0,0.0,1381970.0,,-58.99,-56.4,,,-52.81,-38.75,,,0,0,7,富邦,593810.0,0.0,0.0,0.0,0.0,no_signal,無明確權證訊號,0,,權證金流未見明顯高於近期平均的變化
20260820,1597,直得,,23,0,2348000.0,0.0,2348000.0,1331180.0,0.0,1331180.0,,34.1,-4.86,,,18.83,28.91,,,0,0,8,國票,575620.0,0.0,0.0,0.0,0.0,no_signal,無明確權證訊號,0,,權證金流未見明顯高於近期平均的變化
20260820,3189,景碩,,81,8,160000.0,305000.0,465000.0,1249750.0,31160.0,1280910.0,40.11,-27.53,-73.31,231.14,127.54,-49.37,-80.54,593.18,156.3,0,0,10,元大,528780.0,0.0,0.0,0.0,0.0,no_signal,無明確權證訊號,0,,權證金流未見明顯高於近期平均的變化
20260820,0083,國泰費城半導體,,39,11,760000.0,106000.0,866000.0,1102620.0,170850.0,1273470.0,6.45,-19.87,-46.61,-84.88,-56.3,-31.96,-35.09,-83.67,-56.59,0,0,8,元大,659250.0,118440.0,0.0,0.0,0.0,no_signal,無明確權證訊號,0,,權證金流未見明顯高於近期平均的變化
20260820,2329,華泰,,110,3,2302000.0,200000.0,2502000.0,843670.0,334500.0,1178170.0,2.52,-28.53,-42.8,-4.32,-23.75,-40.52,3.09,-9.09,-31.69,0,0,12,凱基,351100.0,0.0,0.0,0.0,0.0,no_signal,無明確權證訊號,0,,權證金流未見明顯高於近期平均的變化
20260820,6269,台郡,,60,0,1495000.0,0.0,1495000.0,1146480.0,0.0,1146480.0,,22.18,-38.71,,,27.89,-30.95,,,0,0,9,國票,670000.0,0.0,0.0,0.0,0.0,no_signal,無明確權證訊號,0,,權證金流未見明顯高於近期平均的變化
20260820,9914,美利達,,10,0,695000.0,0.0,695000.0,1139780.0,0.0,1139780.0,,-11.44,-14.71,,,-19.0,-10.28,,,0,0,5,國票,416200.0,0.0,0.0,0.0,0.0,no_signal,無明確權證訊號,0,,權證金流未見明顯高於近期平均的變化
20260820,3376,新日興,,107,4,2501000.0,4000.0,2505000.0,1075750.0,3440.0,1079190.0,312.72,-65.68,-64.77,-70.82,-94.8,-62.55,-47.61,-69.23,-94.13,0,0,10,群益,318650.0,3440.0,0.0,0.0,0.0,no_signal,無明確權證訊號,0,,權證金流未見明顯高於近期平均的變化
20260820,2392,正崴,,19,0,1860000.0,0.0,1860000.0,1078900.0,0.0,1078900.0,,-11.23,-61.36,,,-23.9,-57.55,,,0,0,8,國票,412530.0,0.0,0.0,0.0,0.0,no_signal,無明確權證訊號,0,,權證金流未見明顯高於近期平均的變化
20260820,3026,禾伸堂,,44,0,126000.0,0.0,126000.0,1054380.0,0.0,1054380.0,,-6.62,-0.32,,,12.5,-6.11,,,0,0,9,元大,704750.0,0.0,0.0,0.0,0.0,no_signal,無明確權證訊號,0,,權證金流未見明顯高於近期平均的變化
20260820,8070,長華*,,19,0,1772000.0,0.0,1772000.0,1050350.0,0.0,1050350.0,,-34.29,5.6,,,-11.22,61.83,,,0,0,8,統一,248100.0,0.0,0.0,0.0,0.0,no_signal,無明確權證訊號,0,,權證金流未見明顯高於近期平均的變化
20260820,3515,華擎,,19,2,1718000.0,0.0,1718000.0,1039070.0,0.0,1039070.0,,4.41,-62.05,,-100.0,3.68,-50.19,,-100.0,0,0,9,凱基,473500.0,0.0,0.0,0.0,0.0,no_signal,無明確權證訊號,0,,權證金流未見明顯高於近期平均的變化
20260820,2542,興富發,,6,0,704000.0,0.0,704000.0,1026220.0,0.0,1026220.0,,-53.63,-46.31,,,-54.84,-47.03,,,0,0,3,永豐,580520.0,0.0,0.0,0.0,0.0,no_signal,無明確權證訊號,0,,權證金流未見明顯高於近期平均的變化
20260820,1710,東聯,,24,0,1217000.0,0.0,1217000.0,1010150.0,0.0,1010150.0,,-22.61,30.84,,,-26.51,30.58,,,0,0,7,元大,567810.0,0.0,0.0,0.0,0.0,no_signal,無明確權證訊號,0,,權證金流未見明顯高於近期平均的變化
20260820,7769,鴻勁,,24,0,461000.0,0.0,461000.0,988000.0,0.0,988000.0,,-29.52,-68.04,,,-11.18,-60.2,,,0,0,7,國票,320600.0,0.0,0.0,0.0,0.0,no_signal,無明確權證訊號,0,,權證金流未見明顯高於近期平均的變化
20260820,2436,偉詮電,,56,0,1763000.0,0.0,1763000.0,952030.0,0.0,952030.0,,-61.28,-89.1,,,-65.16,-83.35,,,0,0,11,國票,390010.0,0.0,0.0,0.0,0.0,no_signal,無明確權證訊號,0,,權證金流未見明顯高於近期平均的變化
20260820,6166,凌華,,18,0,1029000.0,0.0,1029000.0,923590.0,0.0,923590.0,,-51.36,-34.32,,,-49.16,-34.65,,,0,0,6,凱基,302380.0,0.0,0.0,0.0,0.0,no_signal,無明確權證訊號,0,,權證金流未見明顯高於近期平均的變化
20260820,8454,富邦媒,,6,0,897000.0,0.0,897000.0,880290.0,0.0,880290.0,,26.07,135.15,,,26.16,122.36,,,0,0,2,富邦,880290.0,0.0,0.0,0.0,0.0,no_signal,無明確權證訊號,0,,權證金流未見明顯高於近期平均的變化
20260820,5292,華懋,,10,0,1748000.0,0.0,1748000.0,876090.0,0.0,876090.0,,-10.31,28.43,,,-19.19,8.17,,,0,0,6,富邦,715960.0,0.0,0.0,0.0,0.0,no_signal,無明確權證訊號,0,,權證金流未見明顯高於近期平均的變化
20260820,3055,蔚華科,,15,0,1076000.0,0.0,1076000.0,842680.0,0.0,842680.0,,-51.72,-53.18,,,-51.86,-52.85,,,0,0,6,國泰,300760.0,0.0,0.0,0.0,0.0,no_signal,無明確權證訊號,0,,權證金流未見明顯高於近期平均的變化
20260820,2031,新光鋼,,5,0,804000.0,0.0,804000.0,817820.0,0.0,817820.0,,120.66,107.38,,,117.3,119.91,,,0,0,3,永豐,739970.0,0.0,0.0,0.0,0.0,no_signal,無明確權證訊號,0,,權證金流未見明顯高於近期平均的變化
20260820,9958,世紀鋼,,35,0,1147000.0,0.0,1147000.0,801780.0,0.0,801780.0,,-0.19,-22.55,,,-30.02,-36.77,,,0,0,11,元大,323860.0,0.0,0.0,0.0,0.0,no_signal,無明確權證訊號,0,,權證金流未見明顯高於近期平均的變化
20260820,4766,南寶,,25,0,827000.0,0.0,827000.0,801380.0,0.0,801380.0,,109.53,341.59,,,196.42,247.77,,,0,0,7,台新,344940.0,0.0,0.0,0.0,0.0,no_signal,無明確權證訊號,0,,權證金流未見明顯高於近期平均的變化
20260820,2360,致茂,,31,1,362000.0,0.0,362000.0,771480.0,0.0,771480.0,,-85.55,-77.44,,,-81.45,-71.01,,,0,0,9,永豐,701650.0,0.0,0.0,0.0,0.0,no_signal,無明確權證訊號,0,,權證金流未見明顯高於近期平均的變化
20260820,2355,敬鵬,,73,0,2479000.0,0.0,2479000.0,748210.0,0.0,748210.0,,46.62,174.33,,,86.11,202.91,,,0,0,9,群益,351140.0,0.0,0.0,0.0,0.0,no_signal,無明確權證訊號,0,,權證金流未見明顯高於近期平均的變化
20260820,2105,正新,,11,0,1072000.0,0.0,1072000.0,743750.0,0.0,743750.0,,15.16,18.0,,,78.67,58.21,,,0,0,5,永豐,386710.0,0.0,0.0,0.0,0.0,no_signal,無明確權證訊號,0,,權證金流未見明顯高於近期平均的變化
20260820,6215,和椿,,23,0,1042000.0,0.0,1042000.0,738720.0,0.0,738720.0,,64.24,-33.89,,,33.08,-55.13,,,0,0,8,國票,345110.0,0.0,0.0,0.0,0.0,no_signal,無明確權證訊號,0,,權證金流未見明顯高於近期平均的變化
20260820,1711,永光,,55,1,739000.0,0.0,739000.0,737260.0,0.0,737260.0,,-2.01,-34.05,,,-24.44,-52.66,,,0,0,9,元大,347600.0,0.0,0.0,0.0,0.0,no_signal,無明確權證訊號,0,,權證金流未見明顯高於近期平均的變化
20260820,1514,亞力,,53,2,1262000.0,20000.0,1282000.0,698290.0,34400.0,732690.0,20.3,-13.38,-0.44,,377.78,6.23,-21.83,,400.0,0,0,11,元大,327780.0,0.0,0.0,0.0,0.0,no_signal,無明確權證訊號,0,,權證金流未見明顯高於近期平均的變化
20260820,3135,凌航,,13,0,981000.0,0.0,981000.0,727690.0,0.0,727690.0,,65.94,-3.59,,,69.14,16.79,,,0,0,7,永豐,286040.0,0.0,0.0,0.0,0.0,no_signal,無明確權證訊號,0,,權證金流未見明顯高於近期平均的變化
20260820,2882,國泰金,,41,4,350000.0,5000.0,355000.0,697090.0,7350.0,704440.0,94.84,-74.61,-79.3,-37.71,-92.93,-87.07,-89.54,-37.5,-93.37,0,0,5,元大,421500.0,0.0,0.0,0.0,0.0,no_signal,無明確權證訊號,0,,權證金流未見明顯高於近期平均的變化
20260820,3532,台勝科,,30,0,397000.0,0.0,397000.0,673100.0,0.0,673100.0,,-65.15,-79.4,,,-61.04,-77.0,,,0,0,8,統一,640100.0,0.0,0.0,0.0,0.0,no_signal,無明確權證訊號,0,,權證金流未見明顯高於近期平均的變化
20260820,6834,天二科技,,12,0,609000.0,0.0,609000.0,667220.0,0.0,667220.0,,-38.36,80.61,,,-34.3,101.79,,,0,0,5,元大,528680.0,0.0,0.0,0.0,0.0,no_signal,無明確權證訊號,0,,權證金流未見明顯高於近期平均的變化
20260820,4961,天鈺,,14,0,944000.0,0.0,944000.0,656520.0,0.0,656520.0,,-37.15,40.68,,,-49.27,15.6,,,0,0,5,元大,244240.0,0.0,0.0,0.0,0.0,no_signal,無明確權證訊號,0,,權證金流未見明顯高於近期平均的變化
20260820,3504,揚明光,,2,0,425000.0,0.0,425000.0,654930.0,0.0,654930.0,,37.85,3.12,,,-7.41,-9.92,,,0,0,2,國泰,586650.0,0.0,0.0,0.0,0.0,no_signal,無明確權證訊號,0,,權證金流未見明顯高於近期平均的變化
20260820,1714,和桐,,14,0,544000.0,0.0,544000.0,654720.0,0.0,654720.0,,22.59,-35.23,,,55.43,-38.68,,,0,0,5,永豐,263850.0,0.0,0.0,0.0,0.0,no_signal,無明確權證訊號,0,,權證金流未見明顯高於近期平均的變化
20260820,4551,智伸科,,34,0,1428000.0,0.0,1428000.0,644300.0,0.0,644300.0,,-45.33,-65.84,,,-22.22,-65.22,,,0,0,7,統一,259790.0,0.0,0.0,0.0,0.0,no_signal,無明確權證訊號,0,,權證金流未見明顯高於近期平均的變化
20260820,6449,鈺邦,,44,0,773000.0,0.0,773000.0,625680.0,0.0,625680.0,,-11.5,-80.59,,,-18.03,-72.84,,,0,0,8,元大,268430.0,0.0,0.0,0.0,0.0,no_signal,無明確權證訊號,0,,權證金流未見明顯高於近期平均的變化
20260820,2489,瑞軒,,17,2,767000.0,1000.0,768000.0,622160.0,1080.0,623240.0,576.07,-4.14,9.54,,-65.56,-34.16,-43.02,,-64.29,0,0,7,國票,342980.0,1080.0,0.0,0.0,0.0,no_signal,無明確權證訊號,0,,權證金流未見明顯高於近期平均的變化
20260820,6491,晶碩,,8,0,502000.0,0.0,502000.0,619770.0,0.0,619770.0,,115.18,4.9,,,104.07,7.13,,,0,0,4,凱基,350700.0,0.0,0.0,0.0,0.0,no_signal,無明確權證訊號,0,,權證金流未見明顯高於近期平均的變化
20260820,2886,兆豐金,,7,0,612000.0,0.0,612000.0,601450.0,0.0,601450.0,,-19.1,-43.99,,,-18.18,-31.16,,,0,0,5,富邦,429480.0,0.0,0.0,0.0,0.0,no_signal,無明確權證訊號,0,,權證金流未見明顯高於近期平均的變化
20260820,2302,麗正,,3,0,561000.0,0.0,561000.0,597560.0,0.0,597560.0,,-59.78,7.43,,,-48.95,37.37,,,0,0,3,台新,385010.0,0.0,0.0,0.0,0.0,no_signal,無明確權證訊號,0,,權證金流未見明顯高於近期平均的變化
20260820,2323,中環,,18,0,766000.0,0.0,766000.0,585100.0,0.0,585100.0,,45.13,-54.44,,,30.72,-64.28,,,0,0,6,群益,332580.0,0.0,0.0,0.0,0.0,no_signal,無明確權證訊號,0,,權證金流未見明顯高於近期平均的變化
20260820,8081,致新,,23,0,671000.0,0.0,671000.0,584050.0,0.0,584050.0,,-42.82,-34.0,,,-45.09,-54.76,,,0,0,8,元大,210100.0,0.0,0.0,0.0,0.0,no_signal,無明確權證訊號,0,,權證金流未見明顯高於近期平均的變化
20260820,4764,雙鍵,,22,0,400000.0,0.0,400000.0,577280.0,0.0,577280.0,,-0.15,-41.74,,,-11.7,-33.73,,,0,0,8,統一,247050.0,0.0,0.0,0.0,0.0,no_signal,無明確權證訊號,0,,權證金流未見明顯高於近期平均的變化
20260820,2610,華航,,37,0,600000.0,0.0,600000.0,569950.0,0.0,569950.0,,-2.84,-68.96,,,-22.68,-70.75,,,0,0,9,永豐,282940.0,0.0,0.0,0.0,0.0,no_signal,無明確權證訊號,0,,權證金流未見明顯高於近期平均的變化
20260820,2891,中信金,,26,0,649000.0,0.0,649000.0,567430.0,0.0,567430.0,,-29.52,-14.85,,,5.53,23.29,,,0,0,8,富邦,245170.0,0.0,0.0,0.0,0.0,no_signal,無明確權證訊號,0,,權證金流未見明顯高於近期平均的變化
20260820,2486,一詮,,19,1,367000.0,0.0,367000.0,566690.0,0.0,566690.0,,96.02,54.89,,-100.0,125.15,72.3,,-100.0,0,0,9,統一,469160.0,0.0,0.0,0.0,0.0,no_signal,無明確權證訊號,0,,權證金流未見明顯高於近期平均的變化
20260820,1312,國喬,,31,0,1212000.0,0.0,1212000.0,562400.0,0.0,562400.0,,2.48,18.39,,,31.6,-38.46,,,0,0,9,群益,290690.0,0.0,0.0,0.0,0.0,no_signal,無明確權證訊號,0,,權證金流未見明顯高於近期平均的變化
20260820,3029,零壹,,11,0,618000.0,0.0,618000.0,552010.0,0.0,552010.0,,122.83,17.41,,,76.07,-13.64,,,0,0,5,群益,177050.0,0.0,0.0,0.0,0.0,no_signal,無明確權證訊號,0,,權證金流未見明顯高於近期平均的變化
20260820,2912,統一超,,5,0,648000.0,0.0,648000.0,545800.0,0.0,545800.0,,-48.24,32.56,,,-49.69,29.24,,,0,0,4,永豐,310260.0,0.0,0.0,0.0,0.0,no_signal,無明確權證訊號,0,,權證金流未見明顯高於近期平均的變化
20260820,2233,宇隆,,38,1,1069000.0,37000.0,1106000.0,500280.0,43400.0,543680.0,11.53,113.58,4.5,,801.16,144.62,-3.69,,740.91,0,0,8,國票,381450.0,43400.0,0.0,0.0,0.0,no_signal,無明確權證訊號,0,,權證金流未見明顯高於近期平均的變化
20260820,3014,聯陽,,18,0,726000.0,0.0,726000.0,527340.0,0.0,527340.0,,-20.27,48.8,,,-24.84,18.9,,,0,0,7,元大,221250.0,0.0,0.0,0.0,0.0,no_signal,無明確權證訊號,0,,權證金流未見明顯高於近期平均的變化
20260820,2347,聯強,,7,0,650000.0,0.0,650000.0,524870.0,0.0,524870.0,,13.6,92.68,,,16.49,108.6,,,0,0,4,元大,234680.0,0.0,0.0,0.0,0.0,no_signal,無明確權證訊號,0,,權證金流未見明顯高於近期平均的變化
20260820,4906,正文,,52,0,2635000.0,0.0,2635000.0,492280.0,0.0,492280.0,,-5.3,-65.93,,,-44.5,-54.58,,,0,0,10,統一,131600.0,0.0,0.0,0.0,0.0,no_signal,無明確權證訊號,0,,權證金流未見明顯高於近期平均的變化
20260820,8110,華東,,40,5,1045000.0,23000.0,1068000.0,457020.0,17220.0,474240.0,26.54,10.52,-23.65,-44.27,25.16,19.29,-4.76,-71.25,-16.67,0,0,9,統一,204770.0,0.0,0.0,0.0,0.0,no_signal,無明確權證訊號,0,,權證金流未見明顯高於近期平均的變化
20260820,4585,達明,,19,1,911000.0,0.0,911000.0,450310.0,0.0,450310.0,,-4.1,-14.43,,,-6.56,-19.99,,,0,0,8,台新,159000.0,0.0,0.0,0.0,0.0,no_signal,無明確權證訊號,0,,權證金流未見明顯高於近期平均的變化
20260820,2201,裕隆,,3,0,413000.0,0.0,413000.0,435890.0,0.0,435890.0,,3.71,68.21,,,-33.6,16.4,,,0,0,3,永豐,267060.0,0.0,0.0,0.0,0.0,no_signal,無明確權證訊號,0,,權證金流未見明顯高於近期平均的變化
20260820,2401,凌陽,,29,0,735000.0,0.0,735000.0,431800.0,0.0,431800.0,,45.62,132.1,,,5.91,127.98,,,0,0,8,永豐,232500.0,0.0,0.0,0.0,0.0,no_signal,無明確權證訊號,0,,權證金流未見明顯高於近期平均的變化
20260820,0076,期街口道瓊銅,,33,2,446000.0,0.0,446000.0,421020.0,0.0,421020.0,,-55.59,-40.0,-100.0,-100.0,-43.54,-37.62,-100.0,-100.0,0,0,8,元大,182420.0,0.0,0.0,0.0,0.0,no_signal,無明確權證訊號,0,,權證金流未見明顯高於近期平均的變化
20260820,6831,邁科,,19,0,316000.0,0.0,316000.0,406810.0,0.0,406810.0,,117.06,-41.77,,,128.99,-31.3,,,0,0,8,統一,236370.0,0.0,0.0,0.0,0.0,no_signal,無明確權證訊號,0,,權證金流未見明顯高於近期平均的變化
20260820,2006,東和鋼鐵,,7,0,293000.0,0.0,293000.0,404110.0,0.0,404110.0,,-26.15,19.02,,,-20.38,-13.06,,,0,0,3,永豐,304420.0,0.0,0.0,0.0,0.0,no_signal,無明確權證訊號,0,,權證金流未見明顯高於近期平均的變化
20260820,1773,勝一,,13,0,689000.0,0.0,689000.0,397560.0,0.0,397560.0,,163.83,-18.54,,,77.12,-33.31,,,0,0,6,永豐,160010.0,0.0,0.0,0.0,0.0,no_signal,無明確權證訊號,0,,權證金流未見明顯高於近期平均的變化
20260820,6202,盛群,,36,0,559000.0,0.0,559000.0,389460.0,0.0,389460.0,,-25.77,-57.64,,,-10.56,-44.18,,,0,0,8,元大,264600.0,0.0,0.0,0.0,0.0,no_signal,無明確權證訊號,0,,權證金流未見明顯高於近期平均的變化
20260820,5471,松翰,,10,0,389000.0,0.0,389000.0,383580.0,0.0,383580.0,,72.53,-56.0,,,88.83,-52.61,,,0,0,7,永豐,171420.0,0.0,0.0,0.0,0.0,no_signal,無明確權證訊號,0,,權證金流未見明顯高於近期平均的變化
20260820,2374,佳能,,63,0,1270000.0,0.0,1270000.0,361070.0,0.0,361070.0,,-6.85,-38.14,,,10.05,-1.11,,,0,0,12,元大,162960.0,0.0,0.0,0.0,0.0,no_signal,無明確權證訊號,0,,權證金流未見明顯高於近期平均的變化
20260820,2885,元大金,,16,0,314000.0,0.0,314000.0,346730.0,0.0,346730.0,,-43.69,-66.44,,,-49.35,-66.41,,,0,0,1,元大,346730.0,0.0,0.0,0.0,0.0,no_signal,無明確權證訊號,0,,權證金流未見明顯高於近期平均的變化
20260820,4583,台灣精銳,,23,0,580000.0,0.0,580000.0,340890.0,0.0,340890.0,,348.19,636.84,,,-5.23,61.92,,,0,0,9,群益,209800.0,0.0,0.0,0.0,0.0,no_signal,無明確權證訊號,0,,權證金流未見明顯高於近期平均的變化
20260820,5243,乙盛-KY,,54,1,503000.0,0.0,503000.0,340040.0,0.0,340040.0,,-14.77,-50.18,,-100.0,5.67,-58.15,,-100.0,0,0,9,群益,211400.0,0.0,0.0,0.0,0.0,no_signal,無明確權證訊號,0,,權證金流未見明顯高於近期平均的變化
20260820,0088,富邦越南,,12,0,394000.0,0.0,394000.0,339460.0,0.0,339460.0,,-0.31,46.09,,,15.88,33.92,,,0,0,5,國票,263230.0,0.0,0.0,0.0,0.0,no_signal,無明確權證訊號,0,,權證金流未見明顯高於近期平均的變化
20260820,6890,來億-KY,,11,0,557000.0,0.0,557000.0,336770.0,0.0,336770.0,,25.26,222.08,,,12.07,178.22,,,0,0,6,永豐,310140.0,0.0,0.0,0.0,0.0,no_signal,無明確權證訊號,0,,權證金流未見明顯高於近期平均的變化
20260820,2034,允強,,6,0,370000.0,0.0,370000.0,325270.0,0.0,325270.0,,,2221.37,,,,1978.65,,,0,0,5,群益,193700.0,0.0,0.0,0.0,0.0,no_signal,無明確權證訊號,0,,權證金流未見明顯高於近期平均的變化
20260820,2340,台亞,,28,0,541000.0,0.0,541000.0,321270.0,0.0,321270.0,,-52.46,-40.66,,,-35.82,-33.01,,,0,0,7,永豐,220910.0,0.0,0.0,0.0,0.0,no_signal,無明確權證訊號,0,,權證金流未見明顯高於近期平均的變化
20260820,6191,精成科,,63,1,606000.0,0.0,606000.0,293720.0,0.0,293720.0,,-61.06,-40.59,,,-67.71,-42.98,,,0,0,12,元大,274010.0,0.0,0.0,0.0,0.0,no_signal,無明確權證訊號,0,,權證金流未見明顯高於近期平均的變化
20260820,8422,可寧衛*,,46,3,646000.0,3000.0,649000.0,266820.0,7050.0,273870.0,37.85,-38.14,-32.16,571.43,-61.58,3.86,-7.18,200.0,-83.33,0,0,11,凱基,117250.0,0.0,0.0,0.0,0.0,no_signal,無明確權證訊號,0,,權證金流未見明顯高於近期平均的變化
20260820,2883,凱基金,,27,0,227000.0,0.0,227000.0,270530.0,0.0,270530.0,,-59.7,-82.76,,,-51.08,-80.12,,,0,0,2,凱基,257130.0,0.0,0.0,0.0,0.0,no_signal,無明確權證訊號,0,,權證金流未見明顯高於近期平均的變化
20260820,2612,中航,,7,0,173000.0,0.0,173000.0,265810.0,0.0,265810.0,,25.49,162.03,,,-10.82,90.53,,,0,0,4,永豐,240800.0,0.0,0.0,0.0,0.0,no_signal,無明確權證訊號,0,,權證金流未見明顯高於近期平均的變化
20260820,2884,玉山金,,14,0,156000.0,0.0,156000.0,262010.0,0.0,262010.0,,-59.09,-74.44,,,-70.11,-83.72,,,0,0,5,玉山,133420.0,0.0,0.0,0.0,0.0,no_signal,無明確權證訊號,0,,權證金流未見明顯高於近期平均的變化
20260820,9945,潤泰新,,12,0,167000.0,0.0,167000.0,255360.0,0.0,255360.0,,-11.96,-88.79,,,-28.33,-90.63,,,0,0,5,永豐,150500.0,0.0,0.0,0.0,0.0,no_signal,無明確權證訊號,0,,權證金流未見明顯高於近期平均的變化
20260820,3013,晟銘電,,65,0,1290000.0,0.0,1290000.0,254510.0,0.0,254510.0,,-14.5,-59.62,,,-29.59,-34.62,,,0,0,11,凱基,105400.0,0.0,0.0,0.0,0.0,no_signal,無明確權證訊號,0,,權證金流未見明顯高於近期平均的變化
20260820,2385,群光,,14,0,301000.0,0.0,301000.0,253930.0,0.0,253930.0,,-67.82,-63.38,,,-79.02,-79.26,,,0,0,7,台新,127410.0,0.0,0.0,0.0,0.0,no_signal,無明確權證訊號,0,,權證金流未見明顯高於近期平均的變化
20260820,2328,廣宇,,41,1,433000.0,20000.0,453000.0,215730.0,35800.0,251530.0,6.03,-79.55,-33.19,-71.63,9.95,-87.39,-52.54,-71.43,11.11,0,0,10,群益,99840.0,0.0,0.0,0.0,0.0,no_signal,無明確權證訊號,0,,權證金流未見明顯高於近期平均的變化
20260820,6155,鈞寶,,7,0,1034000.0,0.0,1034000.0,244270.0,0.0,244270.0,,51.03,-31.09,,,93.63,17.05,,,0,0,4,台新,228430.0,0.0,0.0,0.0,0.0,no_signal,無明確權證訊號,0,,權證金流未見明顯高於近期平均的變化
20260820,8046,南電,,44,2,34000.0,131000.0,165000.0,224600.0,12950.0,237550.0,17.34,-93.8,-96.45,-75.37,-82.29,-82.83,-92.03,-73.96,-85.61,0,0,11,統一,224600.0,0.0,0.0,0.0,0.0,no_signal,無明確權證訊號,0,,權證金流未見明顯高於近期平均的變化
20260820,9105,泰金寶-DR,,24,0,368000.0,0.0,368000.0,237550.0,0.0,237550.0,,-89.34,-86.19,,,-95.37,-90.35,,,0,0,6,國票,140820.0,0.0,0.0,0.0,0.0,no_signal,無明確權證訊號,0,,權證金流未見明顯高於近期平均的變化
20260820,2393,億光,,8,0,222000.0,0.0,222000.0,234830.0,0.0,234830.0,,335.68,-58.52,,,516.67,-43.08,,,0,0,5,群益,92540.0,0.0,0.0,0.0,0.0,no_signal,無明確權證訊號,0,,權證金流未見明顯高於近期平均的變化
20260820,8131,福懋科,,47,1,413000.0,20000.0,433000.0,206390.0,22600.0,228990.0,9.13,94.05,-85.06,,382.91,-39.35,-74.73,,400.0,0,0,9,永豐,125680.0,0.0,0.0,0.0,0.0,no_signal,無明確權證訊號,0,,權證金流未見明顯高於近期平均的變化
20260820,2727,王品,,5,0,239000.0,0.0,239000.0,221740.0,0.0,221740.0,,769.23,170.28,,,785.19,215.3,,,0,0,4,永豐,111360.0,0.0,0.0,0.0,0.0,no_signal,無明確權證訊號,0,,權證金流未見明顯高於近期平均的變化
20260820,6438,迅得,,33,0,568000.0,0.0,568000.0,219340.0,0.0,219340.0,,-6.02,-36.62,,,-12.07,-48.63,,,0,0,9,元大,169520.0,0.0,0.0,0.0,0.0,no_signal,無明確權證訊號,0,,權證金流未見明顯高於近期平均的變化
20260820,8114,振樺電,,16,0,363000.0,0.0,363000.0,219200.0,0.0,219200.0,,-25.05,-54.65,,,-20.04,-39.24,,,0,0,7,元大,130540.0,0.0,0.0,0.0,0.0,no_signal,無明確權證訊號,0,,權證金流未見明顯高於近期平均的變化
20260820,4571,鈞興-KY,,11,1,337000.0,0.0,337000.0,218650.0,0.0,218650.0,,45.07,-72.59,,-100.0,97.08,-67.2,,-100.0,0,0,6,永豐,166000.0,0.0,0.0,0.0,0.0,no_signal,無明確權證訊號,0,,權證金流未見明顯高於近期平均的變化
20260820,2646,星宇航空,,7,0,190000.0,0.0,190000.0,214670.0,0.0,214670.0,,79.49,-37.58,,,80.95,-48.45,,,0,0,4,永豐,99830.0,0.0,0.0,0.0,0.0,no_signal,無明確權證訊號,0,,權證金流未見明顯高於近期平均的變化
20260820,6862,三集瑞-KY,,29,1,734000.0,20000.0,754000.0,203910.0,10400.0,214310.0,19.61,4.12,6.05,,420.0,16.32,17.89,,400.0,0,0,9,元大,158980.0,0.0,0.0,0.0,0.0,no_signal,無明確權證訊號,0,,權證金流未見明顯高於近期平均的變化
20260820,0075,中信中國50正2,,25,0,285000.0,0.0,285000.0,213830.0,0.0,213830.0,,-42.94,-20.32,,,63.79,-17.73,,,0,0,6,元大,113360.0,0.0,0.0,0.0,0.0,no_signal,無明確權證訊號,0,,權證金流未見明顯高於近期平均的變化
20260820,2617,台航,,4,0,464000.0,0.0,464000.0,213540.0,0.0,213540.0,,-67.05,34.89,,,-58.5,64.07,,,0,0,3,永豐,109190.0,0.0,0.0,0.0,0.0,no_signal,無明確權證訊號,0,,權證金流未見明顯高於近期平均的變化
20260820,2367,燿華,,97,3,400000.0,23000.0,423000.0,186340.0,25780.0,212120.0,7.23,-29.47,-73.15,-73.15,-30.27,-21.57,-56.67,-93.03,-75.27,0,0,11,元大,117300.0,0.0,0.0,0.0,0.0,no_signal,無明確權證訊號,0,,權證金流未見明顯高於近期平均的變化
20260820,3596,智易,,16,0,725000.0,0.0,725000.0,210240.0,0.0,210240.0,,298.79,42.23,,,421.58,68.14,,,0,0,6,統一,159360.0,0.0,0.0,0.0,0.0,no_signal,無明確權證訊號,0,,權證金流未見明顯高於近期平均的變化
20260820,1309,台達化,,5,0,659000.0,0.0,659000.0,207530.0,0.0,207530.0,,146.77,90.2,,,127.24,-16.96,,,0,0,3,國票,207530.0,0.0,0.0,0.0,0.0,no_signal,無明確權證訊號,0,,權證金流未見明顯高於近期平均的變化
20260820,1563,巧新,,4,0,204000.0,0.0,204000.0,202640.0,0.0,202640.0,,829.54,42.55,,,920.0,59.87,,,0,0,4,台新,167970.0,0.0,0.0,0.0,0.0,no_signal,無明確權證訊號,0,,權證金流未見明顯高於近期平均的變化
20260820,2348,海悅,,9,0,164000.0,0.0,164000.0,202160.0,0.0,202160.0,,366.24,-16.08,,,264.44,-41.43,,,0,0,5,永豐,128710.0,0.0,0.0,0.0,0.0,no_signal,無明確權證訊號,0,,權證金流未見明顯高於近期平均的變化
20260820,2497,怡利電,,6,0,708000.0,0.0,708000.0,193200.0,0.0,193200.0,,,160.79,,,,254.0,,,0,0,3,台新,193200.0,0.0,0.0,0.0,0.0,no_signal,無明確權證訊號,0,,權證金流未見明顯高於近期平均的變化
20260820,2402,毅嘉,,80,9,303000.0,10000.0,313000.0,182280.0,5700.0,187980.0,31.98,-5.85,-44.19,,917.86,7.83,-56.38,,400.0,0,0,11,群益,138500.0,0.0,0.0,0.0,0.0,no_signal,無明確權證訊號,0,,權證金流未見明顯高於近期平均的變化
20260820,2480,敦陽科,,5,0,203000.0,0.0,203000.0,181040.0,0.0,181040.0,,236.44,-38.31,,,244.07,-28.17,,,0,0,3,永豐,150980.0,0.0,0.0,0.0,0.0,no_signal,無明確權證訊號,0,,權證金流未見明顯高於近期平均的變化
20260820,1609,大亞,,28,2,566000.0,0.0,566000.0,179400.0,0.0,179400.0,,12.18,-75.13,,,116.03,-55.75,,,0,0,9,元大,99310.0,0.0,0.0,0.0,0.0,no_signal,無明確權證訊號,0,,權證金流未見明顯高於近期平均的變化
20260820,2338,光罩,,23,2,243000.0,20000.0,263000.0,136600.0,38000.0,174600.0,3.59,-53.61,-0.14,589.66,11.17,-46.83,-28.53,300.0,-58.51,0,0,6,元大,117250.0,0.0,0.0,0.0,0.0,no_signal,無明確權證訊號,0,,權證金流未見明顯高於近期平均的變化
20260820,1210,大成,,2,0,126000.0,0.0,126000.0,166650.0,0.0,166650.0,,64.06,448.8,,,15.6,272.78,,,0,0,2,群益,98510.0,0.0,0.0,0.0,0.0,no_signal,無明確權證訊號,0,,權證金流未見明顯高於近期平均的變化
20260820,2485,兆赫,,44,1,313000.0,0.0,313000.0,165150.0,0.0,165150.0,,25.15,-20.41,,-100.0,-46.31,-53.89,,-100.0,0,0,9,凱基,60500.0,0.0,0.0,0.0,0.0,no_signal,無明確權證訊號,0,,權證金流未見明顯高於近期平均的變化
20260820,2880,華南金,,3,0,187000.0,0.0,187000.0,162950.0,0.0,162950.0,,-26.46,-80.67,,,1.08,-68.63,,,0,0,2,華南,161050.0,0.0,0.0,0.0,0.0,no_signal,無明確權證訊號,0,,權證金流未見明顯高於近期平均的變化
20260820,6782,視陽,,3,0,384000.0,0.0,384000.0,160060.0,0.0,160060.0,,147.46,259.46,,,166.67,313.79,,,0,0,3,凱基,110860.0,0.0,0.0,0.0,0.0,no_signal,無明確權證訊號,0,,權證金流未見明顯高於近期平均的變化
20260820,3010,華立,,9,0,164000.0,0.0,164000.0,158660.0,0.0,158660.0,,-28.21,-40.36,,,-64.11,-62.74,,,0,0,5,永豐,105000.0,0.0,0.0,0.0,0.0,no_signal,無明確權證訊號,0,,權證金流未見明顯高於近期平均的變化
20260820,2515,中工,,10,0,233000.0,0.0,233000.0,157160.0,0.0,157160.0,,389.6,19.21,,,406.52,14.55,,,0,0,4,永豐,146720.0,0.0,0.0,0.0,0.0,no_signal,無明確權證訊號,0,,權證金流未見明顯高於近期平均的變化
20260820,6605,帝寶,,5,0,174000.0,0.0,174000.0,156490.0,0.0,156490.0,,-78.33,-57.43,,,-79.55,-61.35,,,0,0,4,永豐,156490.0,0.0,0.0,0.0,0.0,no_signal,無明確權證訊號,0,,權證金流未見明顯高於近期平均的變化
20260820,3059,華晶科,,35,1,336000.0,0.0,336000.0,156120.0,0.0,156120.0,,6.89,-60.91,,-100.0,-14.29,-56.7,,-100.0,0,0,9,元大,118600.0,0.0,0.0,0.0,0.0,no_signal,無明確權證訊號,0,,權證金流未見明顯高於近期平均的變化
20260820,7722,LINEPAY,,10,0,168000.0,0.0,168000.0,149110.0,0.0,149110.0,,-36.17,-25.23,,,-55.56,-36.27,,,0,0,6,台新,145600.0,0.0,0.0,0.0,0.0,no_signal,無明確權證訊號,0,,權證金流未見明顯高於近期平均的變化
20260820,5469,瀚宇博,,36,0,777000.0,0.0,777000.0,145790.0,0.0,145790.0,,-15.05,-52.84,,,128.53,49.71,,,0,0,11,國票,80250.0,0.0,0.0,0.0,0.0,no_signal,無明確權證訊號,0,,權證金流未見明顯高於近期平均的變化
20260820,1608,華榮,,12,0,151000.0,0.0,151000.0,145350.0,0.0,145350.0,,175.39,-86.75,,,52.53,-84.34,,,0,0,7,國票,86800.0,0.0,0.0,0.0,0.0,no_signal,無明確權證訊號,0,,權證金流未見明顯高於近期平均的變化
20260820,5234,達興材料,,49,1,370000.0,10000.0,380000.0,101790.0,42400.0,144190.0,2.4,313.95,-16.8,25.07,113.6,141.83,15.12,25.0,100.0,0,0,10,富邦,86940.0,0.0,0.0,0.0,0.0,no_signal,無明確權證訊號,0,,權證金流未見明顯高於近期平均的變化
20260820,1536,和大,,19,0,259000.0,0.0,259000.0,144170.0,0.0,144170.0,,146.78,-60.49,,,8.37,-48.2,,,0,0,7,台新,72570.0,0.0,0.0,0.0,0.0,no_signal,無明確權證訊號,0,,權證金流未見明顯高於近期平均的變化
20260820,2731,雄獅,,6,0,168000.0,0.0,168000.0,140700.0,0.0,140700.0,,,1469.26,,,,248.55,,,0,0,5,永豐,115920.0,0.0,0.0,0.0,0.0,no_signal,無明確權證訊號,0,,權證金流未見明顯高於近期平均的變化
20260820,6757,台灣虎航,,15,0,95000.0,0.0,95000.0,140460.0,0.0,140460.0,,-53.22,-62.54,,,-55.81,-63.8,,,0,0,6,群益,73550.0,0.0,0.0,0.0,0.0,no_signal,無明確權證訊號,0,,權證金流未見明顯高於近期平均的變化
20260820,2753,八方雲集,,2,0,198000.0,0.0,198000.0,135900.0,0.0,135900.0,,116.33,279.99,,,122.47,254.84,,,0,0,2,國票,109990.0,0.0,0.0,0.0,0.0,no_signal,無明確權證訊號,0,,權證金流未見明顯高於近期平均的變化
20260820,3209,全科,,8,0,259000.0,0.0,259000.0,135440.0,0.0,135440.0,,184.66,-76.05,,,245.33,-61.72,,,0,0,6,台新,89600.0,0.0,0.0,0.0,0.0,no_signal,無明確權證訊號,0,,權證金流未見明顯高於近期平均的變化
20260820,9941,裕融,,2,0,120000.0,0.0,120000.0,132950.0,0.0,132950.0,,-24.65,-17.57,,,-25.0,-16.32,,,0,0,2,永豐,111100.0,0.0,0.0,0.0,0.0,no_signal,無明確權證訊號,0,,權證金流未見明顯高於近期平均的變化
20260820,3416,融程電,,15,0,218000.0,0.0,218000.0,131120.0,0.0,131120.0,,-10.5,-50.31,,,-2.24,-41.49,,,0,0,7,群益,63000.0,0.0,0.0,0.0,0.0,no_signal,無明確權證訊號,0,,權證金流未見明顯高於近期平均的變化
20260820,2331,精英,,12,0,400000.0,0.0,400000.0,128510.0,0.0,128510.0,,78.78,-34.79,,,154.78,-28.98,,,0,0,6,富邦,63540.0,0.0,0.0,0.0,0.0,no_signal,無明確權證訊號,0,,權證金流未見明顯高於近期平均的變化
20260820,8473,山林水,,1,0,199000.0,0.0,199000.0,123380.0,0.0,123380.0,,2111.11,10.51,,,2111.11,15.03,,,0,0,1,國票,123380.0,0.0,0.0,0.0,0.0,no_signal,無明確權證訊號,0,,權證金流未見明顯高於近期平均的變化
20260820,3004,豐達科,,7,0,207000.0,0.0,207000.0,123210.0,0.0,123210.0,,-1.52,-30.88,,,-19.46,-36.93,,,0,0,3,台新,74800.0,0.0,0.0,0.0,0.0,no_signal,無明確權證訊號,0,,權證金流未見明顯高於近期平均的變化
20260820,2399,映泰,,4,0,168000.0,0.0,168000.0,122220.0,0.0,122220.0,,-34.65,-86.91,,,-33.07,-80.66,,,0,0,4,台新,96500.0,0.0,0.0,0.0,0.0,no_signal,無明確權證訊號,0,,權證金流未見明顯高於近期平均的變化
20260820,5876,上海商銀,,1,0,94000.0,0.0,94000.0,119240.0,0.0,119240.0,,-51.85,30.96,,,-53.69,25.67,,,0,0,1,永豐,119240.0,0.0,0.0,0.0,0.0,no_signal,無明確權證訊號,0,,權證金流未見明顯高於近期平均的變化
20260820,0099,主動復華未來50,,6,0,86000.0,0.0,86000.0,117070.0,0.0,117070.0,,-33.46,-94.35,,,-27.73,-92.1,,,0,0,3,元大,75890.0,0.0,0.0,0.0,0.0,no_signal,無明確權證訊號,0,,權證金流未見明顯高於近期平均的變化
20260820,6861,睿生光電,,7,0,126000.0,0.0,126000.0,116830.0,0.0,116830.0,,-90.04,-85.01,,,-90.22,-85.74,,,0,0,4,群益,112910.0,0.0,0.0,0.0,0.0,no_signal,無明確權證訊號,0,,權證金流未見明顯高於近期平均的變化
20260820,1905,華紙,,13,0,244000.0,0.0,244000.0,114800.0,0.0,114800.0,,90.79,-55.8,,,93.65,-36.85,,,0,0,5,國票,55050.0,0.0,0.0,0.0,0.0,no_signal,無明確權證訊號,0,,權證金流未見明顯高於近期平均的變化
20260820,2457,飛宏,,30,2,365000.0,0.0,365000.0,113430.0,0.0,113430.0,,1197.83,-23.05,,,280.21,74.81,,,0,0,9,國票,66000.0,0.0,0.0,0.0,0.0,no_signal,無明確權證訊號,0,,權證金流未見明顯高於近期平均的變化
20260820,3592,瑞鼎,,7,0,170000.0,0.0,170000.0,112180.0,0.0,112180.0,,164.39,53.98,,,150.0,42.38,,,0,0,4,國泰,79400.0,0.0,0.0,0.0,0.0,no_signal,無明確權證訊號,0,,權證金流未見明顯高於近期平均的變化
20260820,6937,天虹,,47,1,195000.0,0.0,195000.0,111780.0,0.0,111780.0,,-49.11,-91.91,,,-75.1,-87.26,,,0,0,10,富邦,42580.0,0.0,0.0,0.0,0.0,no_signal,無明確權證訊號,0,,權證金流未見明顯高於近期平均的變化
20260820,2305,全友,,2,0,82000.0,0.0,82000.0,107390.0,0.0,107390.0,,-19.91,-70.14,,,-16.33,-62.96,,,0,0,2,國票,66790.0,0.0,0.0,0.0,0.0,no_signal,無明確權證訊號,0,,權證金流未見明顯高於近期平均的變化
20260820,7749,意騰-KY,,19,1,220000.0,7000.0,227000.0,95600.0,5670.0,101270.0,16.86,3.8,46.57,,,-45.0,-29.03,,,0,0,8,群益,77600.0,0.0,0.0,0.0,0.0,no_signal,無明確權證訊號,0,,權證金流未見明顯高於近期平均的變化
20260820,0056,元大高股息,,5,0,78000.0,0.0,78000.0,99350.0,0.0,99350.0,,100.71,-42.18,,,56.0,-37.9,,,0,0,3,元大,59350.0,0.0,0.0,0.0,0.0,no_signal,無明確權證訊號,0,,權證金流未見明顯高於近期平均的變化
20260820,2892,第一金,,8,0,61000.0,0.0,61000.0,94100.0,0.0,94100.0,,-80.56,-72.93,,,-80.88,-74.2,,,0,0,5,富邦,77000.0,0.0,0.0,0.0,0.0,no_signal,無明確權證訊號,0,,權證金流未見明顯高於近期平均的變化
20260820,2231,為升,,28,0,315000.0,0.0,315000.0,92230.0,0.0,92230.0,,-4.14,-82.11,,,45.83,-64.78,,,0,0,9,國泰,30130.0,0.0,0.0,0.0,0.0,no_signal,無明確權證訊號,0,,權證金流未見明顯高於近期平均的變化
20260820,2101,南港,,4,0,115000.0,0.0,115000.0,89390.0,0.0,89390.0,,7.63,-56.05,,,22.34,-45.7,,,0,0,3,國票,84110.0,0.0,0.0,0.0,0.0,no_signal,無明確權證訊號,0,,權證金流未見明顯高於近期平均的變化
20260820,1304,台聚,,42,4,146000.0,0.0,146000.0,89300.0,0.0,89300.0,,-64.48,-63.81,,-100.0,-71.43,-61.36,,-100.0,0,0,10,元大,57960.0,0.0,0.0,0.0,0.0,no_signal,無明確權證訊號,0,,權證金流未見明顯高於近期平均的變化
20260820,9910,豐泰,,2,0,105000.0,0.0,105000.0,88010.0,0.0,88010.0,,1520.81,136.83,,,1400.0,161.19,,,0,0,2,國票,65960.0,0.0,0.0,0.0,0.0,no_signal,無明確權證訊號,0,,權證金流未見明顯高於近期平均的變化
20260820,5534,長虹,,4,0,89000.0,0.0,89000.0,84970.0,0.0,84970.0,,60.35,145.0,,,30.88,48.83,,,0,0,4,永豐,42960.0,0.0,0.0,0.0,0.0,no_signal,無明確權證訊號,0,,權證金流未見明顯高於近期平均的變化
20260820,2104,國際中橡,,4,0,137000.0,0.0,137000.0,84540.0,0.0,84540.0,,,100.89,,,,28.04,,,0,0,3,永豐,60140.0,0.0,0.0,0.0,0.0,no_signal,無明確權證訊號,0,,權證金流未見明顯高於近期平均的變化
20260820,4904,遠傳,,3,0,104000.0,0.0,104000.0,80480.0,0.0,80480.0,,301.2,-67.24,,,205.88,-73.76,,,0,0,3,台新,40800.0,0.0,0.0,0.0,0.0,no_signal,無明確權證訊號,0,,權證金流未見明顯高於近期平均的變化
20260820,6670,復盛應用,,6,0,101000.0,0.0,101000.0,74870.0,0.0,74870.0,,-69.66,11.78,,,-56.84,21.39,,,0,0,5,台新,64080.0,0.0,0.0,0.0,0.0,no_signal,無明確權證訊號,0,,權證金流未見明顯高於近期平均的變化
20260820,8926,台汽電,,5,0,276000.0,0.0,276000.0,74690.0,0.0,74690.0,,86.73,40.41,,,79.22,62.93,,,0,0,5,凱基,52240.0,0.0,0.0,0.0,0.0,no_signal,無明確權證訊號,0,,權證金流未見明顯高於近期平均的變化
20260820,4755,三福化,,5,0,227000.0,0.0,227000.0,69350.0,0.0,69350.0,,84.44,310.7,,,94.02,376.89,,,0,0,3,國票,42670.0,0.0,0.0,0.0,0.0,no_signal,無明確權證訊號,0,,權證金流未見明顯高於近期平均的變化
20260820,0039,金融類,,4,3,56000.0,7000.0,63000.0,62510.0,6350.0,68860.0,9.84,-55.72,-29.6,-18.38,-67.16,-54.47,-25.93,-22.22,-68.47,0,0,3,凱基,62510.0,0.0,0.0,0.0,0.0,no_signal,無明確權證訊號,0,,權證金流未見明顯高於近期平均的變化
20260820,1307,三芳,,10,0,98000.0,0.0,98000.0,66100.0,0.0,66100.0,,-47.64,78.59,,,-48.96,75.63,,,0,0,5,凱基,61880.0,0.0,0.0,0.0,0.0,no_signal,無明確權證訊號,0,,權證金流未見明顯高於近期平均的變化
20260820,4989,榮科,,10,1,389000.0,0.0,389000.0,65720.0,0.0,65720.0,,-71.05,-86.29,-100.0,-100.0,-73.28,-81.02,-100.0,-100.0,0,0,6,台新,34500.0,0.0,0.0,0.0,0.0,no_signal,無明確權證訊號,0,,權證金流未見明顯高於近期平均的變化
20260820,2072,世紀風電,,4,0,75000.0,0.0,75000.0,65570.0,0.0,65570.0,,-16.12,12.95,,,10.29,36.86,,,0,0,4,永豐,58120.0,0.0,0.0,0.0,0.0,no_signal,無明確權證訊號,0,,權證金流未見明顯高於近期平均的變化
20260820,1722,台肥,,2,0,86000.0,0.0,86000.0,65330.0,0.0,65330.0,,75.48,212.28,,,68.63,207.14,,,0,0,2,永豐,39780.0,0.0,0.0,0.0,0.0,no_signal,無明確權證訊號,0,,權證金流未見明顯高於近期平均的變化
20260820,8033,雷虎,,3,0,21000.0,0.0,21000.0,57620.0,0.0,57620.0,,2195.62,-75.51,,,2000.0,-73.68,,,0,0,1,統一,57620.0,0.0,0.0,0.0,0.0,no_signal,無明確權證訊號,0,,權證金流未見明顯高於近期平均的變化
20260820,3015,全漢,,10,1,175000.0,0.0,175000.0,57550.0,0.0,57550.0,,5.79,-56.24,,,9.38,-35.42,,,0,0,8,元大,48000.0,0.0,0.0,0.0,0.0,no_signal,無明確權證訊號,0,,權證金流未見明顯高於近期平均的變化
20260820,4536,拓凱,,2,0,113000.0,0.0,113000.0,57330.0,0.0,57330.0,,420.71,388.75,,,145.65,151.11,,,0,0,2,永豐,55120.0,0.0,0.0,0.0,0.0,no_signal,無明確權證訊號,0,,權證金流未見明顯高於近期平均的變化
20260820,5285,界霖,,3,0,60000.0,0.0,60000.0,54900.0,0.0,54900.0,,-80.29,-59.54,,,-80.83,-60.84,,,0,0,2,國票,54900.0,0.0,0.0,0.0,0.0,no_signal,無明確權證訊號,0,,權證金流未見明顯高於近期平均的變化
20260820,2890,永豐金,,20,0,49000.0,0.0,49000.0,52020.0,0.0,52020.0,,-91.25,-96.21,,,-93.04,-94.84,,,0,0,5,元大,19170.0,0.0,0.0,0.0,0.0,no_signal,無明確權證訊號,0,,權證金流未見明顯高於近期平均的變化
20260820,2342,茂矽,,1,0,59000.0,0.0,59000.0,50690.0,0.0,50690.0,,-32.6,-24.45,,,-28.05,-13.49,,,0,0,1,國票,50690.0,0.0,0.0,0.0,0.0,no_signal,無明確權證訊號,0,,權證金流未見明顯高於近期平均的變化
20260820,6412,群電,,36,1,40000.0,20000.0,60000.0,30150.0,19600.0,49750.0,1.54,-52.5,-94.15,,122.73,-72.41,-94.53,,127.27,0,0,8,國票,0.0,19600.0,0.0,0.0,0.0,no_signal,無明確權證訊號,0,,權證金流未見明顯高於近期平均的變化
20260820,4739,康普,,44,0,121000.0,0.0,121000.0,48630.0,0.0,48630.0,,-90.8,-94.61,,,-89.39,-90.38,,,0,0,9,國票,15470.0,0.0,0.0,0.0,0.0,no_signal,無明確權證訊號,0,,權證金流未見明顯高於近期平均的變化
20260820,6873,泓德能源,,24,0,161000.0,0.0,161000.0,48280.0,0.0,48280.0,,1170.53,-23.62,,,347.22,-44.79,,,0,0,7,群益,32880.0,0.0,0.0,0.0,0.0,no_signal,無明確權證訊號,0,,權證金流未見明顯高於近期平均的變化
20260820,6533,晶心科,,3,0,112000.0,0.0,112000.0,46690.0,0.0,46690.0,,-38.29,-37.1,,,-32.53,-31.29,,,0,0,2,統一,43390.0,0.0,0.0,0.0,0.0,no_signal,無明確權證訊號,0,,權證金流未見明顯高於近期平均的變化
20260820,3708,上緯投控,,17,0,112000.0,0.0,112000.0,44250.0,0.0,44250.0,,-83.45,-80.89,,,-69.15,-72.35,,,0,0,7,國票,18520.0,0.0,0.0,0.0,0.0,no_signal,無明確權證訊號,0,,權證金流未見明顯高於近期平均的變化
20260820,2495,普安,,32,0,52000.0,0.0,52000.0,43460.0,0.0,43460.0,,-95.45,-93.18,,,-97.56,-95.27,,,0,0,8,凱基,17160.0,0.0,0.0,0.0,0.0,no_signal,無明確權證訊號,0,,權證金流未見明顯高於近期平均的變化
20260820,4915,致伸,,3,0,125000.0,0.0,125000.0,43450.0,0.0,43450.0,,1257.81,220.9,,,1150.0,251.12,,,0,0,3,國票,34650.0,0.0,0.0,0.0,0.0,no_signal,無明確權證訊號,0,,權證金流未見明顯高於近期平均的變化
20260820,4770,上品,,19,0,158000.0,0.0,158000.0,43310.0,0.0,43310.0,,-73.58,-76.56,,,-61.27,-58.9,,,0,0,8,群益,18500.0,0.0,0.0,0.0,0.0,no_signal,無明確權證訊號,0,,權證金流未見明顯高於近期平均的變化
20260820,5222,全訊,,6,0,255000.0,0.0,255000.0,43100.0,0.0,43100.0,,-84.72,-78.5,,,-58.94,-59.21,,,0,0,4,統一,43100.0,0.0,0.0,0.0,0.0,no_signal,無明確權證訊號,0,,權證金流未見明顯高於近期平均的變化
20260820,6962,奕力-KY,,10,0,101000.0,0.0,101000.0,42750.0,0.0,42750.0,,-47.39,-38.2,,,-85.23,-70.78,,,0,0,5,國票,34200.0,0.0,0.0,0.0,0.0,no_signal,無明確權證訊號,0,,權證金流未見明顯高於近期平均的變化
20260820,2228,劍麟,,2,0,31000.0,0.0,31000.0,42250.0,0.0,42250.0,,2961.59,215.49,,,3000.0,162.71,,,0,0,2,永豐,42250.0,0.0,0.0,0.0,0.0,no_signal,無明確權證訊號,0,,權證金流未見明顯高於近期平均的變化
20260820,3694,海華,,6,0,30000.0,0.0,30000.0,41700.0,0.0,41700.0,,22.11,-62.39,,,-45.45,-81.37,,,0,0,3,永豐,41700.0,0.0,0.0,0.0,0.0,no_signal,無明確權證訊號,0,,權證金流未見明顯高於近期平均的變化
20260820,3380,明泰,,17,0,133000.0,0.0,133000.0,33570.0,0.0,33570.0,,25.78,-70.67,,,-51.99,-82.37,,,0,0,8,統一,21270.0,0.0,0.0,0.0,0.0,no_signal,無明確權證訊號,0,,權證金流未見明顯高於近期平均的變化
20260820,4771,望隼,,5,0,29000.0,0.0,29000.0,33320.0,0.0,33320.0,,-18.99,-55.54,,,-64.63,-76.42,,,0,0,4,永豐,31460.0,0.0,0.0,0.0,0.0,no_signal,無明確權證訊號,0,,權證金流未見明顯高於近期平均的變化
20260820,2543,皇昌,,20,0,79000.0,0.0,79000.0,32600.0,0.0,32600.0,,352.78,-71.6,,,558.33,-75.71,,,0,0,8,永豐,15840.0,0.0,0.0,0.0,0.0,no_signal,無明確權證訊號,0,,權證金流未見明顯高於近期平均的變化
20260820,6869,雲豹能源,,16,0,139000.0,0.0,139000.0,32170.0,0.0,32170.0,,-69.04,-80.81,,,-82.49,-88.28,,,0,0,5,台新,18400.0,0.0,0.0,0.0,0.0,no_signal,無明確權證訊號,0,,權證金流未見明顯高於近期平均的變化
20260820,1582,信錦,,45,1,350000.0,0.0,350000.0,30570.0,0.0,30570.0,,48.61,-1.5,,,733.33,160.42,,,0,0,7,台新,16550.0,0.0,0.0,0.0,0.0,no_signal,無明確權證訊號,0,,權證金流未見明顯高於近期平均的變化
20260820,7780,大研生醫*,,6,0,682000.0,0.0,682000.0,26420.0,0.0,26420.0,,1964.06,606.04,,,1320.83,333.84,,,0,0,3,國票,21320.0,0.0,0.0,0.0,0.0,no_signal,無明確權證訊號,0,,權證金流未見明顯高於近期平均的變化
20260820,2419,仲琦,,26,0,63000.0,0.0,63000.0,25720.0,0.0,25720.0,,,195.56,,,,101.92,,,0,0,8,永豐,25620.0,0.0,0.0,0.0,0.0,no_signal,無明確權證訊號,0,,權證金流未見明顯高於近期平均的變化
20260820,6585,鼎基,,1,0,60000.0,0.0,60000.0,23300.0,0.0,23300.0,,-77.87,-85.65,,,-77.78,-84.29,,,0,0,1,國票,23300.0,0.0,0.0,0.0,0.0,no_signal,無明確權證訊號,0,,權證金流未見明顯高於近期平均的變化
20260820,1305,華夏,,13,0,79000.0,0.0,79000.0,21980.0,0.0,21980.0,,-81.99,-87.18,,,-69.26,-87.23,,,0,0,7,台新,13440.0,0.0,0.0,0.0,0.0,no_signal,無明確權證訊號,0,,權證金流未見明顯高於近期平均的變化
20260820,8341,日友,,1,0,36000.0,0.0,36000.0,21960.0,0.0,21960.0,,,,,,,,,,0,0,1,國票,21960.0,0.0,0.0,0.0,0.0,no_signal,無明確權證訊號,0,,首日缺少歷史比較，權證成交金額未達觀察門檻
20260820,9103,美德醫療-DR,,3,0,35000.0,0.0,35000.0,21800.0,0.0,21800.0,,17.84,-48.74,,,16.67,-53.21,,,0,0,1,國票,21800.0,0.0,0.0,0.0,0.0,no_signal,無明確權證訊號,0,,權證金流未見明顯高於近期平均的變化
20260820,3704,合勤控,,7,0,16000.0,0.0,16000.0,20380.0,0.0,20380.0,,-77.71,-89.59,,,-82.22,-90.05,,,0,0,6,凱基,10880.0,0.0,0.0,0.0,0.0,no_signal,無明確權證訊號,0,,權證金流未見明顯高於近期平均的變化
20260820,3312,弘憶股,,14,0,19000.0,0.0,19000.0,18900.0,0.0,18900.0,,-5.69,-95.9,,,-58.7,-96.75,,,0,0,7,台新,17650.0,0.0,0.0,0.0,0.0,no_signal,無明確權證訊號,0,,權證金流未見明顯高於近期平均的變化
20260820,3003,健和興,,7,0,23000.0,0.0,23000.0,17800.0,0.0,17800.0,,-84.89,-95.44,,,-81.75,-94.52,,,0,0,4,群益,10000.0,0.0,0.0,0.0,0.0,no_signal,無明確權證訊號,0,,權證金流未見明顯高於近期平均的變化
20260820,4968,立積,,23,2,111000.0,0.0,111000.0,16610.0,0.0,16610.0,,95.41,-64.67,,-100.0,404.55,-70.02,,-100.0,0,0,8,統一,9000.0,0.0,0.0,0.0,0.0,no_signal,無明確權證訊號,0,,權證金流未見明顯高於近期平均的變化
20260820,2406,國碩,,22,0,20000.0,0.0,20000.0,16600.0,0.0,16600.0,,-59.0,-96.81,,,-86.39,-97.84,,,0,0,8,群益,16600.0,0.0,0.0,0.0,0.0,no_signal,無明確權證訊號,0,,權證金流未見明顯高於近期平均的變化
20260820,0089,中信關鍵半導體,,4,0,14000.0,0.0,14000.0,16230.0,0.0,16230.0,,501.11,-84.1,,,600.0,-10.26,,,0,0,2,凱基,13350.0,0.0,0.0,0.0,0.0,no_signal,無明確權證訊號,0,,權證金流未見明顯高於近期平均的變化
20260820,3028,增你強,,19,0,23000.0,0.0,23000.0,15910.0,0.0,15910.0,,-93.73,-86.57,,,-81.3,-80.61,,,0,0,7,統一,14560.0,0.0,0.0,0.0,0.0,no_signal,無明確權證訊號,0,,權證金流未見明顯高於近期平均的變化
20260820,1723,中碳,,11,0,30000.0,0.0,30000.0,15700.0,0.0,15700.0,,-84.88,-91.73,,,-86.55,-91.56,,,0,0,7,元大,9000.0,0.0,0.0,0.0,0.0,no_signal,無明確權證訊號,0,,權證金流未見明顯高於近期平均的變化
20260820,4526,東台,,12,0,70000.0,0.0,70000.0,14300.0,0.0,14300.0,,21.7,-42.29,,,180.0,10.06,,,0,0,6,群益,12200.0,0.0,0.0,0.0,0.0,no_signal,無明確權證訊號,0,,權證金流未見明顯高於近期平均的變化
20260820,6515,穎崴,,2,0,3000.0,0.0,3000.0,13710.0,0.0,13710.0,,-47.27,-83.57,,,-40.0,-75.81,,,0,0,2,統一,13710.0,0.0,0.0,0.0,0.0,no_signal,無明確權證訊號,0,,權證金流未見明顯高於近期平均的變化
20260820,2633,台灣高鐵,,3,0,8000.0,0.0,8000.0,13120.0,0.0,13120.0,,-49.07,-80.29,,,-50.0,-80.2,,,0,0,3,永豐,13120.0,0.0,0.0,0.0,0.0,no_signal,無明確權證訊號,0,,權證金流未見明顯高於近期平均的變化
20260820,8499,鼎炫-KY,,6,0,42000.0,0.0,42000.0,12920.0,0.0,12920.0,,594.62,42.54,,,2000.0,8.25,,,0,0,5,統一,10400.0,0.0,0.0,0.0,0.0,no_signal,無明確權證訊號,0,,權證金流未見明顯高於近期平均的變化
20260820,2108,南帝,,4,0,8000.0,0.0,8000.0,12480.0,0.0,12480.0,,61.66,-83.39,,,14.29,-82.46,,,0,0,3,凱基,7760.0,0.0,0.0,0.0,0.0,no_signal,無明確權證訊號,0,,權證金流未見明顯高於近期平均的變化
20260820,8374,羅昇,,7,0,58000.0,0.0,58000.0,8590.0,0.0,8590.0,,-28.77,-68.19,,,-10.77,-52.92,,,0,0,3,統一,7660.0,0.0,0.0,0.0,0.0,no_signal,無明確權證訊號,0,,權證金流未見明顯高於近期平均的變化
20260820,2412,中華電,,2,0,8000.0,0.0,8000.0,8430.0,0.0,8430.0,,8.91,-17.92,,,0.0,-66.39,,,0,0,2,國泰,8430.0,0.0,0.0,0.0,0.0,no_signal,無明確權證訊號,0,,權證金流未見明顯高於近期平均的變化
20260820,2834,臺企銀,,4,0,10000.0,0.0,10000.0,8340.0,0.0,8340.0,,-28.29,-68.55,,,-16.67,-64.54,,,0,0,2,凱基,7290.0,0.0,0.0,0.0,0.0,no_signal,無明確權證訊號,0,,權證金流未見明顯高於近期平均的變化
20260820,2236,百達-KY,,3,0,16000.0,0.0,16000.0,6450.0,0.0,6450.0,,357.45,-98.66,,,433.33,-98.53,,,0,0,2,國票,3520.0,0.0,0.0,0.0,0.0,no_signal,無明確權證訊號,0,,權證金流未見明顯高於近期平均的變化
20260820,1522,堤維西,,3,0,12000.0,0.0,12000.0,6240.0,0.0,6240.0,,,-57.23,,,,-90.12,,,0,0,3,國票,4100.0,0.0,0.0,0.0,0.0,no_signal,無明確權證訊號,0,,權證金流未見明顯高於近期平均的變化
20260820,3705,永信,,2,0,20000.0,0.0,20000.0,5500.0,0.0,5500.0,,,,,,,,,,0,0,1,統一,5500.0,0.0,0.0,0.0,0.0,no_signal,無明確權證訊號,0,,首日缺少歷史比較，權證成交金額未達觀察門檻
20260820,0092,國泰台灣領袖 50,,4,0,2000.0,0.0,2000.0,4990.0,0.0,4990.0,,79.5,-98.04,,,100.0,-98.8,,,0,0,2,凱基,4990.0,0.0,0.0,0.0,0.0,no_signal,無明確權證訊號,0,,權證金流未見明顯高於近期平均的變化
20260820,2501,國建,,2,0,5000.0,0.0,5000.0,4950.0,0.0,4950.0,,,-81.87,,,,-83.33,,,0,0,2,永豐,4950.0,0.0,0.0,0.0,0.0,no_signal,無明確權證訊號,0,,權證金流未見明顯高於近期平均的變化
20260820,6235,華孚,,9,0,9000.0,0.0,9000.0,4530.0,0.0,4530.0,,-77.6,-68.19,,,-76.32,-72.89,,,0,0,4,國票,4400.0,0.0,0.0,0.0,0.0,no_signal,無明確權證訊號,0,,權證金流未見明顯高於近期平均的變化
20260820,2420,新巨,,2,0,6000.0,0.0,6000.0,4200.0,0.0,4200.0,,92.66,18.38,,,100.0,7.14,,,0,0,2,台新,4200.0,0.0,0.0,0.0,0.0,no_signal,無明確權證訊號,0,,權證金流未見明顯高於近期平均的變化
20260820,0062,富邦台50,,2,1,1000.0,2000.0,3000.0,2040.0,2120.0,4160.0,0.96,-49.25,-74.68,,-30.26,-66.67,-79.17,,-33.33,0,0,2,元大,2040.0,2120.0,0.0,0.0,0.0,no_signal,無明確權證訊號,0,,權證金流未見明顯高於近期平均的變化
20260820,4142,國光生,,1,0,20000.0,0.0,20000.0,3800.0,0.0,3800.0,,,-60.69,,,,-64.91,,,0,0,1,國票,3800.0,0.0,0.0,0.0,0.0,no_signal,無明確權證訊號,0,,權證金流未見明顯高於近期平均的變化
20260820,3645,達邁,,29,0,13000.0,0.0,13000.0,3720.0,0.0,3720.0,,-94.61,-98.03,,,-95.34,-97.39,,,0,0,8,永豐,2370.0,0.0,0.0,0.0,0.0,no_signal,無明確權證訊號,0,,權證金流未見明顯高於近期平均的變化
20260820,1313,聯成,,9,0,8000.0,0.0,8000.0,3520.0,0.0,3520.0,,-19.08,-95.44,,,60.0,-94.74,,,0,0,5,國票,3520.0,0.0,0.0,0.0,0.0,no_signal,無明確權證訊號,0,,權證金流未見明顯高於近期平均的變化
20260820,8215,明基材,,5,0,10000.0,0.0,10000.0,3400.0,0.0,3400.0,,-87.64,-91.74,,,-88.24,-90.27,,,0,0,3,國票,3400.0,0.0,0.0,0.0,0.0,no_signal,無明確權證訊號,0,,權證金流未見明顯高於近期平均的變化
20260820,2211,長榮鋼,,3,0,20000.0,0.0,20000.0,3200.0,0.0,3200.0,,-38.46,-41.52,,,-50.0,-44.44,,,0,0,3,凱基,3200.0,0.0,0.0,0.0,0.0,no_signal,無明確權證訊號,0,,權證金流未見明顯高於近期平均的變化
20260820,1809,中釉,,5,0,10000.0,0.0,10000.0,2850.0,0.0,2850.0,,-88.55,-87.07,,,-88.51,-83.97,,,0,0,4,台新,2850.0,0.0,0.0,0.0,0.0,no_signal,無明確權證訊號,0,,權證金流未見明顯高於近期平均的變化
20260820,0087,國泰永續高股息,,2,0,1000.0,0.0,1000.0,2780.0,0.0,2780.0,,,,,,,,,,0,0,2,永豐,2780.0,0.0,0.0,0.0,0.0,no_signal,無明確權證訊號,0,,首日缺少歷史比較，權證成交金額未達觀察門檻
20260820,3535,晶彩科,,1,0,2000.0,0.0,2000.0,2220.0,0.0,2220.0,,-98.48,-99.65,,,-98.46,-99.59,,,0,0,1,國票,2220.0,0.0,0.0,0.0,0.0,no_signal,無明確權證訊號,0,,權證金流未見明顯高於近期平均的變化
20260820,6189,豐藝,,5,0,5000.0,0.0,5000.0,2000.0,0.0,2000.0,,,-84.97,,,,-78.07,,,0,0,4,國票,2000.0,0.0,0.0,0.0,0.0,no_signal,無明確權證訊號,0,,權證金流未見明顯高於近期平均的變化
20260820,1618,合機,,4,0,3000.0,0.0,3000.0,1950.0,0.0,1950.0,,,-97.35,,,,-95.51,,,0,0,3,國票,1950.0,0.0,0.0,0.0,0.0,no_signal,無明確權證訊號,0,,權證金流未見明顯高於近期平均的變化
20260820,3138,耀登,,6,0,10000.0,0.0,10000.0,1800.0,0.0,1800.0,,-94.7,-98.57,,,-90.1,-97.42,,,0,0,3,國泰,1800.0,0.0,0.0,0.0,0.0,no_signal,無明確權證訊號,0,,權證金流未見明顯高於近期平均的變化
20260820,2365,昆盈,,6,0,2000.0,0.0,2000.0,1560.0,0.0,1560.0,,,1491.84,,,,-16.67,,,0,0,4,國票,1560.0,0.0,0.0,0.0,0.0,no_signal,無明確權證訊號,0,,權證金流未見明顯高於近期平均的變化
20260820,1308,亞聚,,18,1,15000.0,0.0,15000.0,1500.0,0.0,1500.0,,-91.87,-87.52,,,-92.06,-86.75,,,0,0,5,永豐,1100.0,0.0,0.0,0.0,0.0,no_signal,無明確權證訊號,0,,權證金流未見明顯高於近期平均的變化
20260820,3545,敦泰,,12,0,50000.0,0.0,50000.0,1500.0,0.0,1500.0,,,-95.99,,,,5.93,,,0,0,6,群益,1500.0,0.0,0.0,0.0,0.0,no_signal,無明確權證訊號,0,,權證金流未見明顯高於近期平均的變化
20260820,1623,大東電,,4,0,2000.0,0.0,2000.0,1440.0,0.0,1440.0,,-34.25,-74.94,,,-33.33,-72.97,,,0,0,3,台新,1440.0,0.0,0.0,0.0,0.0,no_signal,無明確權證訊號,0,,權證金流未見明顯高於近期平均的變化
20260820,9938,百和,,4,0,7000.0,0.0,7000.0,1190.0,0.0,1190.0,,-11.19,-99.35,,,250.0,-97.53,,,0,0,4,國票,940.0,0.0,0.0,0.0,0.0,no_signal,無明確權證訊號,0,,權證金流未見明顯高於近期平均的變化
20260820,3056,富華新,,3,0,4000.0,0.0,4000.0,1100.0,0.0,1100.0,,233.33,124.49,,,300.0,185.71,,,0,0,3,國票,1070.0,0.0,0.0,0.0,0.0,no_signal,無明確權證訊號,0,,權證金流未見明顯高於近期平均的變化
20260820,4746,台耀,,2,0,7000.0,0.0,7000.0,910.0,0.0,910.0,,9000.0,-90.8,,,600.0,-93.85,,,0,0,2,永豐,910.0,0.0,0.0,0.0,0.0,no_signal,無明確權證訊號,0,,權證金流未見明顯高於近期平均的變化
20260820,6658,聯策,,1,0,1000.0,0.0,1000.0,890.0,0.0,890.0,,-97.75,-98.41,,,-97.83,-98.3,,,0,0,1,國票,890.0,0.0,0.0,0.0,0.0,no_signal,無明確權證訊號,0,,權證金流未見明顯高於近期平均的變化
20260820,1612,宏泰,,6,0,1000.0,0.0,1000.0,830.0,0.0,830.0,,43.1,-97.85,,,-50.0,-98.31,,,0,0,4,國票,830.0,0.0,0.0,0.0,0.0,no_signal,無明確權證訊號,0,,權證金流未見明顯高於近期平均的變化
20260820,6768,志強-KY,,4,0,4000.0,0.0,4000.0,700.0,0.0,700.0,,288.89,-58.73,,,300.0,-64.29,,,0,0,3,統一,700.0,0.0,0.0,0.0,0.0,no_signal,無明確權證訊號,0,,權證金流未見明顯高於近期平均的變化
20260820,1786,科妍,,3,0,5000.0,0.0,5000.0,690.0,0.0,690.0,,,267.02,,,,525.0,,,0,0,2,元富,690.0,0.0,0.0,0.0,0.0,no_signal,無明確權證訊號,0,,權證金流未見明顯高於近期平均的變化
20260820,2597,潤弘,,1,0,1000.0,0.0,1000.0,620.0,0.0,620.0,,,-87.17,,,,-87.18,,,0,0,1,國票,620.0,0.0,0.0,0.0,0.0,no_signal,無明確權證訊號,0,,權證金流未見明顯高於近期平均的變化
20260820,4960,誠美材,,8,0,3000.0,0.0,3000.0,610.0,0.0,610.0,,-99.39,-99.79,,,-98.76,-99.69,,,0,0,4,永豐,290.0,0.0,0.0,0.0,0.0,no_signal,無明確權證訊號,0,,權證金流未見明顯高於近期平均的變化
20260820,5225,東科-KY,,1,0,20000.0,0.0,20000.0,600.0,0.0,600.0,,,-93.03,,,,-91.21,,,0,0,1,國票,600.0,0.0,0.0,0.0,0.0,no_signal,無明確權證訊號,0,,權證金流未見明顯高於近期平均的變化
20260820,6994,富威電力,,1,0,5000.0,0.0,5000.0,600.0,0.0,600.0,,,42.86,,,,0.0,,,0,0,1,國票,600.0,0.0,0.0,0.0,0.0,no_signal,無明確權證訊號,0,,權證金流未見明顯高於近期平均的變化
20260820,3062,建漢,,21,0,2000.0,0.0,2000.0,540.0,0.0,540.0,,-82.35,-97.92,,,-83.33,-96.08,,,0,0,7,永豐,540.0,0.0,0.0,0.0,0.0,no_signal,無明確權證訊號,0,,權證金流未見明顯高於近期平均的變化
20260820,3701,大眾控,,2,0,1000.0,0.0,1000.0,100.0,0.0,100.0,,-94.41,-99.06,,,-95.24,-98.8,,,0,0,2,國票,100.0,0.0,0.0,0.0,0.0,no_signal,無明確權證訊號,0,,權證金流未見明顯高於近期平均的變化
20260820,8478,東哥遊艇,,4,0,1000.0,0.0,1000.0,10.0,0.0,10.0,,,-99.67,,,,-98.24,,,0,0,1,統一,10.0,0.0,0.0,0.0,0.0,no_signal,無明確權證訊號,0,,權證金流未見明顯高於近期平均的變化
20260820,0085,國泰美國道瓊正2,,5,5,0.0,0.0,0.0,0.0,0.0,0.0,,,-100.0,-100.0,-100.0,,-100.0,-100.0,-100.0,0,0,4,中信,0.0,0.0,0.0,0.0,0.0,no_signal,無明確權證訊號,0,,今日無可用權證成交金額
20260820,0091,群益台灣精選高息,,3,3,0.0,0.0,0.0,0.0,0.0,0.0,,,-100.0,,,,-100.0,,,0,0,3,中信,0.0,0.0,0.0,0.0,0.0,no_signal,無明確權證訊號,0,,今日無可用權證成交金額
20260820,1215,卜蜂,,3,0,0.0,0.0,0.0,0.0,0.0,0.0,,,-100.0,,,,-100.0,,,0,0,2,國票,0.0,0.0,0.0,0.0,0.0,no_signal,無明確權證訊號,0,,今日無可用權證成交金額
20260820,1342,八貫,,1,0,0.0,0.0,0.0,0.0,0.0,0.0,,,-100.0,,,,-100.0,,,0,0,1,國票,0.0,0.0,0.0,0.0,0.0,no_signal,無明確權證訊號,0,,今日無可用權證成交金額
20260820,1903,士紙,,1,0,0.0,0.0,0.0,0.0,0.0,0.0,,,,,,,,,,0,0,1,統一,0.0,0.0,0.0,0.0,0.0,no_signal,無明確權證訊號,0,,今日無可用權證成交金額
20260820,3032,偉訓,,4,0,0.0,0.0,0.0,0.0,0.0,0.0,,-100.0,-100.0,,,-100.0,-100.0,,,0,0,3,凱基,0.0,0.0,0.0,0.0,0.0,no_signal,無明確權證訊號,0,,今日無可用權證成交金額
20260820,3045,台灣大,,1,0,0.0,0.0,0.0,0.0,0.0,0.0,,,-100.0,,,,-100.0,,,0,0,1,群益,0.0,0.0,0.0,0.0,0.0,no_signal,無明確權證訊號,0,,今日無可用權證成交金額
20260820,3622,洋華,,2,0,0.0,0.0,0.0,0.0,0.0,0.0,,-100.0,-100.0,,,-100.0,-100.0,,,0,0,2,國票,0.0,0.0,0.0,0.0,0.0,no_signal,無明確權證訊號,0,,今日無可用權證成交金額
20260820,4532,瑞智,,1,0,0.0,0.0,0.0,0.0,0.0,0.0,,,-100.0,,,,-100.0,,,0,0,1,統一,0.0,0.0,0.0,0.0,0.0,no_signal,無明確權證訊號,0,,今日無可用權證成交金額
20260820,5288,豐祥-KY,,3,0,0.0,0.0,0.0,0.0,0.0,0.0,,-100.0,-100.0,,,-100.0,-100.0,,,0,0,2,國票,0.0,0.0,0.0,0.0,0.0,no_signal,無明確權證訊號,0,,今日無可用權證成交金額
20260820,5515,建國,,3,0,0.0,0.0,0.0,0.0,0.0,0.0,,-100.0,-100.0,,,-100.0,-100.0,,,0,0,2,國票,0.0,0.0,0.0,0.0,0.0,no_signal,無明確權證訊號,0,,今日無可用權證成交金額
20260820,6112,邁達特,,5,0,0.0,0.0,0.0,0.0,0.0,0.0,,,-100.0,,,,-100.0,,,0,0,3,國票,0.0,0.0,0.0,0.0,0.0,no_signal,無明確權證訊號,0,,今日無可用權證成交金額
20260820,6117,迎廣,,4,0,0.0,0.0,0.0,0.0,0.0,0.0,,,-100.0,,,,-100.0,,,0,0,2,統一,0.0,0.0,0.0,0.0,0.0,no_signal,無明確權證訊號,0,,今日無可用權證成交金額
20260820,6120,達運,,4,0,0.0,0.0,0.0,0.0,0.0,0.0,,,-100.0,,,,-100.0,,,0,0,3,元大,0.0,0.0,0.0,0.0,0.0,no_signal,無明確權證訊號,0,,今日無可用權證成交金額
20260820,6177,達麗,,5,0,0.0,0.0,0.0,0.0,0.0,0.0,,,-100.0,,,,-100.0,,,0,0,4,凱基,0.0,0.0,0.0,0.0,0.0,no_signal,無明確權證訊號,0,,今日無可用權證成交金額
20260820,6192,巨路,,1,0,0.0,0.0,0.0,0.0,0.0,0.0,,,-100.0,,,,-100.0,,,0,0,1,國票,0.0,0.0,0.0,0.0,0.0,no_signal,無明確權證訊號,0,,今日無可用權證成交金額
20260820,6230,尼得科超眾,,1,0,0.0,0.0,0.0,0.0,0.0,0.0,,,,,,,,,,0,0,1,元富,0.0,0.0,0.0,0.0,0.0,no_signal,無明確權證訊號,0,,今日無可用權證成交金額
20260820,6923,中台,,3,0,0.0,0.0,0.0,0.0,0.0,0.0,,,-100.0,,,,-100.0,,,0,0,2,永豐,0.0,0.0,0.0,0.0,0.0,no_signal,無明確權證訊號,0,,今日無可用權證成交金額
20260820,6933,AMAX-KY,,1,0,0.0,0.0,0.0,0.0,0.0,0.0,,,-100.0,,,,-100.0,,,0,0,1,國票,0.0,0.0,0.0,0.0,0.0,no_signal,無明確權證訊號,0,,今日無可用權證成交金額
20260820,8045,達運光電,,1,0,0.0,0.0,0.0,0.0,0.0,0.0,,-100.0,-100.0,,,-100.0,-100.0,,,0,0,1,國票,0.0,0.0,0.0,0.0,0.0,no_signal,無明確權證訊號,0,,今日無可用權證成交金額
20260820,8163,達方,,4,0,0.0,0.0,0.0,0.0,0.0,0.0,,-100.0,-100.0,,,-100.0,-100.0,,,0,0,3,國票,0.0,0.0,0.0,0.0,0.0,no_signal,無明確權證訊號,0,,今日無可用權證成交金額
20260820,8213,志超,,3,0,0.0,0.0,0.0,0.0,0.0,0.0,,-100.0,-100.0,,,-100.0,-100.0,,,0,0,2,台新,0.0,0.0,0.0,0.0,0.0,no_signal,無明確權證訊號,0,,今日無可用權證成交金額
20260820,8464,億豐,,6,0,0.0,0.0,0.0,0.0,0.0,0.0,,-100.0,-100.0,,,-100.0,-100.0,,,0,0,5,凱基,0.0,0.0,0.0,0.0,0.0,no_signal,無明確權證訊號,0,,今日無可用權證成交金額
20260820,9136,巨騰-DR,,1,0,0.0,0.0,0.0,0.0,0.0,0.0,,,,,,,,,,0,0,1,國票,0.0,0.0,0.0,0.0,0.0,no_signal,無明確權證訊號,0,,今日無可用權證成交金額
20260820,3481,群創,,186,22,13411000.0,3358000.0,16769000.0,51932440.0,1715310.0,53647750.0,30.28,-24.12,18.62,14.47,90.09,-55.19,-40.3,12.12,105.76,0,0,12,永豐,28788970.0,0.0,0.0,0.0,0.0,put_inflow,認售流入,-1,認售權證資金升溫，偏空或避險訊號,認售成交金額增加
20260820,3711,日月光投控,,288,24,24803000.0,1817000.0,26620000.0,27006320.0,2838990.0,29845310.0,9.51,2.15,45.6,59.74,85.06,4.23,68.76,-9.38,19.89,0,0,12,元大,9467560.0,0.0,0.0,0.0,0.0,put_inflow,認售流入,-1,認售權證資金升溫，偏空或避險訊號,認售成交金額增加
20260820,2464,盟立,,125,5,17240000.0,1233000.0,18473000.0,18787370.0,1046130.0,19833500.0,17.96,-22.14,-14.88,4.5,76.06,-7.85,7.16,-51.38,14.12,0,0,11,元大,8523010.0,0.0,0.0,0.0,0.0,put_inflow,認售流入,-1,認售權證資金升溫，偏空或避險訊號,認售成交金額增加
20260820,2359,所羅門,,94,1,15407000.0,942000.0,16349000.0,17439320.0,1285770.0,18725090.0,13.56,-10.78,-10.86,4.32,399.83,7.73,2.93,-0.74,374.8,0,0,10,凱基,5955260.0,0.0,0.0,0.0,0.0,put_inflow,認售流入,-1,認售權證資金升溫，偏空或避險訊號,認售成交金額增加
20260820,6196,帆宣,,103,4,5658000.0,2191000.0,7849000.0,6478120.0,2759730.0,9237850.0,2.35,-76.91,-58.2,143.81,478.48,-74.73,-52.65,159.91,521.38,0,0,9,凱基,1746810.0,2733860.0,0.0,0.0,0.0,put_inflow,認售流入,-1,認售權證資金升溫，偏空或避險訊號,認售成交金額增加
