model_id,pdf_view,pdf_section,pdf_section_zh,row_type,operation_asof_date,operation_source_date_status,display_order,stock_id,stock_name,stock_display,operation_status,operation_status_zh,quality_status_zh,matched_trigger_ids,selected_trigger_id,selected_confirmation_date,selected_trigger_priority,trigger_zh,entry_basis_zh,entry_price_status_zh,stop_basis_zh,exit_rule_zh,operation_score,tdcc_score,pattern_score,risk_penalty,final_rank_score,rank_reason_zh,entry_rule_id,entry_price_basis,entry_date,entry_price,stop_loss_rule_id,stop_loss_price,stop_loss_label_zh,exit_rule_id,planned_holding_days,operation_age_days,signal_date,confirmation_date,pending_age_zh,pending_group_zh,pending_confirmation_zh,same_stock_pending_count,tdcc_status_zh,sample_size,win_rate_zh,avg_return_zh,median_return_zh,confidence_zh,evidence_match_status,evidence_tdcc_list_type,evidence_rank_bucket,evidence_confluence_scope,evidence_confluence_id,evidence_key,evidence_out_of_sample_pass,research_score,pdf_note_zh,daily_signal_date,daily_volume_model_signal_count,adapter_source,adapter_source_status,approval_source,approved_for_daily,operation_module_approved_for_daily,approval_status,operation_module_id,approval_version,operation_directive_level,row_action_status,buy_rank_eligible,buy_filter_id,approval_note_zh,adapter_note_zh,generated_at
volume_range_breakout,highlight,confirmed_operation,已確認操作,empty_state,20260701,ready,0,,,目前無資料,confirmed_operation,已確認操作,目前無資料,,,,,,,,,,,,,,,,,,,,,,,,,,,,,,,,,,,,,,,,,,,,,,,20260701,21,daily_candidate_model_signal_log+daily_published_model_snapshots+stock_price_history,ready,approved_operation_patterns_latest.csv,True,True,approved_for_daily_v1,volume_breakout_confirmed_operation_v1,volume_breakout_operation_v1_20260615,approved_daily_operation_guidance,empty_state,False,positive_evidence_oos_rank_v1,以目前 repo 可用歷史資料批准放量攻擊 v1 操作建議。後續固定 research/backtest 可用新版 approval_version 調整參數與條件。,目前沒有符合研究證據門檻的已確認操作列。,2026-07-01 21:38:58 Asia/Taipei
volume_range_breakout,highlight,active_operation,操作中,data,20260701,ready,2,6226,光鼎,6226 光鼎,active_operation,操作中,已進場追蹤,next_day_break_signal_high_confirmed|next_day_continuation_confirmed,next_day_break_signal_high_confirmed,20260629,2,隔日突破訊號高點,確認日收盤後列入，下一個交易日開盤價進場。,已進場追蹤；進場日 6/30 開盤價 22,跌破 6/26 最低價 16.45,先跌破停損基準出場，否則最多持有至第 10 個交易日收盤。,4.0,0.0,5.0,0.0,93.0,突破品質 +5.0 | 收近高點 +4,confirmation_next_open,next_open_after_confirmation,20260630,22,signal_low_stop,16.45,6/26最低點,signal_low_stop_or_fixed_10d_close,10,3,20260626,20260629,,,,1,weekly_increase rank 14,31,58.06%,14.69%,8.39%,medium,positive_row_evidence,weekly_increase,top_20,operation_price_position,high_position,weekly_increase|top_20|next_day_break_signal_high_confirmed|operation_price_position|high_position,True,93.0,連續過熱,20260701,21,daily_candidate_model_signal_log+daily_published_model_snapshots+stock_price_history,ready,approved_operation_patterns_latest.csv,True,True,approved_for_daily_v1,volume_breakout_confirmed_operation_v1,volume_breakout_operation_v1_20260615,approved_daily_operation_guidance,active_operation,False,positive_evidence_oos_rank_v1,以目前 repo 可用歷史資料批准放量攻擊 v1 操作建議。後續固定 research/backtest 可用新版 approval_version 調整參數與條件。,由已發布模型快照與價格資料重建 D0-D10 操作狀態。,2026-07-01 21:38:58 Asia/Taipei
volume_range_breakout,highlight,active_operation,操作中,data,20260701,ready,4,2483,百容,2483 百容,active_operation,操作中,已進場追蹤,next_day_break_signal_high_confirmed|pullback_5ma_confirmed,next_day_break_signal_high_confirmed,20260629,2,隔日突破訊號高點,確認日收盤後列入，下一個交易日開盤價進場。,已進場追蹤；進場日 6/30 開盤價 54,跌破 6/26 最低價 48.8,先跌破停損基準出場，否則最多持有至第 10 個交易日收盤。,4.0,0.0,5.0,0.0,80.7,突破品質 +5.0 | 收近高點 +4,confirmation_next_open,next_open_after_confirmation,20260630,54,signal_low_stop,48.8,6/26最低點,signal_low_stop_or_fixed_10d_close,10,3,20260626,20260629,,,,1,weekly_increase rank 46,45,51.11%,9.68%,0.76%,medium,positive_row_evidence,weekly_increase,top_50,operation_attack_position,locked_limit_up__high_position,weekly_increase|top_50|next_day_break_signal_high_confirmed|operation_attack_position|locked_limit_up__high_position,True,80.7,連續過熱,20260701,21,daily_candidate_model_signal_log+daily_published_model_snapshots+stock_price_history,ready,approved_operation_patterns_latest.csv,True,True,approved_for_daily_v1,volume_breakout_confirmed_operation_v1,volume_breakout_operation_v1_20260615,approved_daily_operation_guidance,active_operation,False,positive_evidence_oos_rank_v1,以目前 repo 可用歷史資料批准放量攻擊 v1 操作建議。後續固定 research/backtest 可用新版 approval_version 調整參數與條件。,由已發布模型快照與價格資料重建 D0-D10 操作狀態。,2026-07-01 21:38:58 Asia/Taipei
volume_range_breakout,highlight,active_operation,操作中,data,20260701,ready,4,6742,澤米,6742 澤米,active_operation,操作中,已進場追蹤,next_day_break_signal_high_confirmed|next_day_continuation_confirmed|pullback_5ma_confirmed|pullback_10ma_confirmed,next_day_break_signal_high_confirmed,20260618,2,隔日突破訊號高點,確認日收盤後列入，下一個交易日開盤價進場。,已進場追蹤；進場日 6/22 開盤價 69.5,跌破 6/17 最低價 61,先跌破停損基準出場，否則最多持有至第 10 個交易日收盤。,4.0,0.0,3.2,0.0,73.3,突破品質 +3.2 | 收近高點 +4,confirmation_next_open,next_open_after_confirmation,20260622,69.5,signal_low_stop,61,6/17最低點,signal_low_stop_or_fixed_10d_close,10,9,20260617,20260618,,,,1,weekly_increase rank 23,45,51.11%,9.68%,0.76%,medium,positive_row_evidence,weekly_increase,top_50,operation_attack_position,locked_limit_up__high_position,weekly_increase|top_50|next_day_break_signal_high_confirmed|operation_attack_position|locked_limit_up__high_position,True,73.3,依模型風險欄位管理,20260701,21,daily_candidate_model_signal_log+daily_published_model_snapshots+stock_price_history,ready,approved_operation_patterns_latest.csv,True,True,approved_for_daily_v1,volume_breakout_confirmed_operation_v1,volume_breakout_operation_v1_20260615,approved_daily_operation_guidance,active_operation,False,positive_evidence_oos_rank_v1,以目前 repo 可用歷史資料批准放量攻擊 v1 操作建議。後續固定 research/backtest 可用新版 approval_version 調整參數與條件。,由已發布模型快照與價格資料重建 D0-D10 操作狀態。,2026-07-01 21:38:58 Asia/Taipei
volume_range_breakout,full,confirmed_operation,已確認操作,empty_state,20260701,ready,0,,,目前無資料,confirmed_operation,已確認操作,目前無資料,,,,,,,,,,,,,,,,,,,,,,,,,,,,,,,,,,,,,,,,,,,,,,,20260701,21,daily_candidate_model_signal_log+daily_published_model_snapshots+stock_price_history,ready,approved_operation_patterns_latest.csv,True,True,approved_for_daily_v1,volume_breakout_confirmed_operation_v1,volume_breakout_operation_v1_20260615,approved_daily_operation_guidance,empty_state,False,positive_evidence_oos_rank_v1,以目前 repo 可用歷史資料批准放量攻擊 v1 操作建議。後續固定 research/backtest 可用新版 approval_version 調整參數與條件。,目前沒有符合研究證據門檻的已確認操作列。,2026-07-01 21:38:58 Asia/Taipei
volume_range_breakout,full,confirmed_unranked_operation,已確認但未通過買入排名門檻,data,20260701,ready,1,2630,亞航,2630 亞航,confirmed_unranked_operation,已確認但未通過買入排名門檻,未通過買入排名門檻,next_day_break_signal_high_confirmed|next_day_continuation_confirmed,next_day_break_signal_high_confirmed,20260701,2,隔日突破訊號高點,已確認但未通過買入排名門檻，不列進場價。,未通過買入排名門檻，不列進場價。,未列買入排名，不列停損價。,未列買入排名，不列出場規則。,4.0,0.0,5.0,0.0,91.5,已確認，但該股所屬 TDCC/型態/確認方式的正式歷史證據未通過買入排名門檻。,,,,,,,,,,1,20260630,20260701,,,,1,no_tdcc,82,32.93%,-1.27%,-2.13%,medium,row_level_evidence_not_buy_ranked,no_tdcc,all,operation_attack_position,locked_limit_up__middle_position,no_tdcc|all|next_day_break_signal_high_confirmed|operation_attack_position|locked_limit_up__middle_position,False,91.5,連續過熱,20260701,21,daily_candidate_model_signal_log+daily_published_model_snapshots+stock_price_history,ready,approved_operation_patterns_latest.csv,True,True,approved_for_daily_v1,volume_breakout_confirmed_operation_v1,volume_breakout_operation_v1_20260615,approved_daily_operation_guidance,confirmed_not_buy_ranked,False,positive_evidence_oos_rank_v1,以目前 repo 可用歷史資料批准放量攻擊 v1 操作建議。後續固定 research/backtest 可用新版 approval_version 調整參數與條件。,由已發布模型快照與價格資料重建 D0-D10 操作狀態。,2026-07-01 21:38:58 Asia/Taipei
volume_range_breakout,full,confirmed_unranked_operation,已確認但未通過買入排名門檻,data,20260701,ready,1,8033,雷虎,8033 雷虎,confirmed_unranked_operation,已確認但未通過買入排名門檻,未通過買入排名門檻,next_day_break_signal_high_confirmed|next_day_continuation_confirmed,next_day_break_signal_high_confirmed,20260701,2,隔日突破訊號高點,已確認但未通過買入排名門檻，不列進場價。,未通過買入排名門檻，不列進場價。,未列買入排名，不列停損價。,未列買入排名，不列出場規則。,4.0,0.0,5.0,0.0,99.0,已確認，但該股所屬 TDCC/型態/確認方式的正式歷史證據未通過買入排名門檻。,,,,,,,,,,1,20260630,20260701,,,,1,no_tdcc,1568,37.88%,0.80%,-3.73%,medium,row_level_evidence_not_buy_ranked,no_tdcc,all,operation_price_position,high_position,no_tdcc|all|next_day_break_signal_high_confirmed|operation_price_position|high_position,False,99.0,連續過熱,20260701,21,daily_candidate_model_signal_log+daily_published_model_snapshots+stock_price_history,ready,approved_operation_patterns_latest.csv,True,True,approved_for_daily_v1,volume_breakout_confirmed_operation_v1,volume_breakout_operation_v1_20260615,approved_daily_operation_guidance,confirmed_not_buy_ranked,False,positive_evidence_oos_rank_v1,以目前 repo 可用歷史資料批准放量攻擊 v1 操作建議。後續固定 research/backtest 可用新版 approval_version 調整參數與條件。,由已發布模型快照與價格資料重建 D0-D10 操作狀態。,2026-07-01 21:38:58 Asia/Taipei
volume_range_breakout,full,confirmed_unranked_operation,已確認但未通過買入排名門檻,data,20260701,ready,2,1444,力麗,1444 力麗,confirmed_unranked_operation,已確認但未通過買入排名門檻,未通過買入排名門檻,next_day_break_signal_high_confirmed|next_day_continuation_confirmed,next_day_break_signal_high_confirmed,20260701,2,隔日突破訊號高點,已確認但未通過買入排名門檻，不列進場價。,未通過買入排名門檻，不列進場價。,未列買入排名，不列停損價。,未列買入排名，不列出場規則。,4.0,0.0,5.0,0.0,88.5,已確認，但該股所屬 TDCC/型態/確認方式的正式歷史證據未通過買入排名門檻。,,,,,,,,,,1,20260630,20260701,,,,1,no_tdcc,1568,37.88%,0.80%,-3.73%,medium,row_level_evidence_not_buy_ranked,no_tdcc,all,operation_price_position,high_position,no_tdcc|all|next_day_break_signal_high_confirmed|operation_price_position|high_position,False,88.5,連續過熱,20260701,21,daily_candidate_model_signal_log+daily_published_model_snapshots+stock_price_history,ready,approved_operation_patterns_latest.csv,True,True,approved_for_daily_v1,volume_breakout_confirmed_operation_v1,volume_breakout_operation_v1_20260615,approved_daily_operation_guidance,confirmed_not_buy_ranked,False,positive_evidence_oos_rank_v1,以目前 repo 可用歷史資料批准放量攻擊 v1 操作建議。後續固定 research/backtest 可用新版 approval_version 調整參數與條件。,由已發布模型快照與價格資料重建 D0-D10 操作狀態。,2026-07-01 21:38:58 Asia/Taipei
volume_range_breakout,full,confirmed_unranked_operation,已確認但未通過買入排名門檻,data,20260701,ready,2,6615,慧智,6615 慧智,confirmed_unranked_operation,已確認但未通過買入排名門檻,未通過買入排名門檻,pullback_10ma_confirmed,pullback_10ma_confirmed,20260701,4,回測 10 日線後站回,已確認但未通過買入排名門檻，不列進場價。,未通過買入排名門檻，不列進場價。,未列買入排名，不列停損價。,未列買入排名，不列出場規則。,4.0,0.0,2.3,0.0,80.5,已確認，但該股所屬 TDCC/型態/確認方式的正式歷史證據未通過買入排名門檻。,,,,,,,,,,6,20260623,20260701,,,,1,no_tdcc,29,44.83%,4.45%,-1.12%,low,row_level_evidence_not_buy_ranked,no_tdcc,all,operation_attack_position,locked_limit_up__high_position,no_tdcc|all|pullback_10ma_confirmed|operation_attack_position|locked_limit_up__high_position,True,80.5,依模型風險欄位管理,20260701,21,daily_candidate_model_signal_log+daily_published_model_snapshots+stock_price_history,ready,approved_operation_patterns_latest.csv,True,True,approved_for_daily_v1,volume_breakout_confirmed_operation_v1,volume_breakout_operation_v1_20260615,approved_daily_operation_guidance,confirmed_not_buy_ranked,False,positive_evidence_oos_rank_v1,以目前 repo 可用歷史資料批准放量攻擊 v1 操作建議。後續固定 research/backtest 可用新版 approval_version 調整參數與條件。,由已發布模型快照與價格資料重建 D0-D10 操作狀態。,2026-07-01 21:38:58 Asia/Taipei
volume_range_breakout,full,confirmed_unranked_operation,已確認但未通過買入排名門檻,data,20260701,ready,3,1435,中福,1435 中福,confirmed_unranked_operation,已確認但未通過買入排名門檻,未通過買入排名門檻,next_day_break_signal_high_confirmed|next_day_continuation_confirmed,next_day_break_signal_high_confirmed,20260701,2,隔日突破訊號高點,已確認但未通過買入排名門檻，不列進場價。,未通過買入排名門檻，不列進場價。,未列買入排名，不列停損價。,未列買入排名，不列出場規則。,4.0,0.0,5.0,0.0,84.7,已確認，但該股所屬 TDCC/型態/確認方式的正式歷史證據未通過買入排名門檻。,,,,,,,,,,1,20260630,20260701,,,,1,no_tdcc,1568,37.88%,0.80%,-3.73%,medium,row_level_evidence_not_buy_ranked,no_tdcc,all,operation_price_position,high_position,no_tdcc|all|next_day_break_signal_high_confirmed|operation_price_position|high_position,False,84.7,依模型風險欄位管理,20260701,21,daily_candidate_model_signal_log+daily_published_model_snapshots+stock_price_history,ready,approved_operation_patterns_latest.csv,True,True,approved_for_daily_v1,volume_breakout_confirmed_operation_v1,volume_breakout_operation_v1_20260615,approved_daily_operation_guidance,confirmed_not_buy_ranked,False,positive_evidence_oos_rank_v1,以目前 repo 可用歷史資料批准放量攻擊 v1 操作建議。後續固定 research/backtest 可用新版 approval_version 調整參數與條件。,由已發布模型快照與價格資料重建 D0-D10 操作狀態。,2026-07-01 21:38:58 Asia/Taipei
volume_range_breakout,full,confirmed_unranked_operation,已確認但未通過買入排名門檻,data,20260701,ready,3,4532,瑞智,4532 瑞智,confirmed_unranked_operation,已確認但未通過買入排名門檻,未通過買入排名門檻,next_day_break_signal_high_confirmed|next_day_continuation_confirmed,next_day_break_signal_high_confirmed,20260701,2,隔日突破訊號高點,已確認但未通過買入排名門檻，不列進場價。,未通過買入排名門檻，不列進場價。,未列買入排名，不列停損價。,未列買入排名，不列出場規則。,0.0,0.0,4.5,0.0,96.8,已確認，但該股所屬 TDCC/型態/確認方式的正式歷史證據未通過買入排名門檻。,,,,,,,,,,1,20260630,20260701,,,,1,no_tdcc,481,38.67%,0.94%,-3.14%,medium,row_level_evidence_not_buy_ranked,no_tdcc,all,operation_classification,high_position_breakout,no_tdcc|all|next_day_break_signal_high_confirmed|operation_classification|high_position_breakout,False,96.8,連續過熱,20260701,21,daily_candidate_model_signal_log+daily_published_model_snapshots+stock_price_history,ready,approved_operation_patterns_latest.csv,True,True,approved_for_daily_v1,volume_breakout_confirmed_operation_v1,volume_breakout_operation_v1_20260615,approved_daily_operation_guidance,confirmed_not_buy_ranked,False,positive_evidence_oos_rank_v1,以目前 repo 可用歷史資料批准放量攻擊 v1 操作建議。後續固定 research/backtest 可用新版 approval_version 調整參數與條件。,由已發布模型快照與價格資料重建 D0-D10 操作狀態。,2026-07-01 21:38:58 Asia/Taipei
volume_range_breakout,full,confirmed_unranked_operation,已確認但未通過買入排名門檻,data,20260701,ready,3,6661,威健生技,6661 威健生技,confirmed_unranked_operation,已確認但未通過買入排名門檻,未通過買入排名門檻,pullback_5ma_confirmed|pullback_10ma_confirmed,pullback_5ma_confirmed,20260701,1,回測 5 日線後站回,已確認但未通過買入排名門檻，不列進場價。,未通過買入排名門檻，不列進場價。,未列買入排名，不列停損價。,未列買入排名，不列出場規則。,0.0,0.0,2.0,0.0,68.2,已確認，但該股所屬 TDCC/型態/確認方式的正式歷史證據未通過買入排名門檻。,,,,,,,,,,5,20260624,20260701,,,,1,no_tdcc,12,41.67%,3.97%,-1.74%,low,row_level_evidence_not_buy_ranked,no_tdcc,all,operation_attack_position,general_breakout__middle_position,no_tdcc|all|pullback_5ma_confirmed|operation_attack_position|general_breakout__middle_position,False,68.2,依模型風險欄位管理,20260701,21,daily_candidate_model_signal_log+daily_published_model_snapshots+stock_price_history,ready,approved_operation_patterns_latest.csv,True,True,approved_for_daily_v1,volume_breakout_confirmed_operation_v1,volume_breakout_operation_v1_20260615,approved_daily_operation_guidance,confirmed_not_buy_ranked,False,positive_evidence_oos_rank_v1,以目前 repo 可用歷史資料批准放量攻擊 v1 操作建議。後續固定 research/backtest 可用新版 approval_version 調整參數與條件。,由已發布模型快照與價格資料重建 D0-D10 操作狀態。,2026-07-01 21:38:58 Asia/Taipei
volume_range_breakout,full,confirmed_unranked_operation,已確認但未通過買入排名門檻,data,20260701,ready,4,3717,聯嘉投控,3717 聯嘉投控,confirmed_unranked_operation,已確認但未通過買入排名門檻,未通過買入排名門檻,next_day_break_signal_high_confirmed|next_day_continuation_confirmed,next_day_break_signal_high_confirmed,20260701,2,隔日突破訊號高點,已確認但未通過買入排名門檻，不列進場價。,未通過買入排名門檻，不列進場價。,未列買入排名，不列停損價。,未列買入排名，不列出場規則。,4.0,0.0,3.0,0.0,82.5,已確認，但該股所屬 TDCC/型態/確認方式的正式歷史證據未通過買入排名門檻。,,,,,,,,,,1,20260630,20260701,,,,1,no_tdcc,481,38.67%,0.94%,-3.14%,medium,row_level_evidence_not_buy_ranked,no_tdcc,all,operation_classification,high_position_breakout,no_tdcc|all|next_day_break_signal_high_confirmed|operation_classification|high_position_breakout,False,82.5,連續過熱,20260701,21,daily_candidate_model_signal_log+daily_published_model_snapshots+stock_price_history,ready,approved_operation_patterns_latest.csv,True,True,approved_for_daily_v1,volume_breakout_confirmed_operation_v1,volume_breakout_operation_v1_20260615,approved_daily_operation_guidance,confirmed_not_buy_ranked,False,positive_evidence_oos_rank_v1,以目前 repo 可用歷史資料批准放量攻擊 v1 操作建議。後續固定 research/backtest 可用新版 approval_version 調整參數與條件。,由已發布模型快照與價格資料重建 D0-D10 操作狀態。,2026-07-01 21:38:58 Asia/Taipei
volume_range_breakout,full,confirmed_unranked_operation,已確認但未通過買入排名門檻,data,20260701,ready,4,5371,中光電,5371 中光電,confirmed_unranked_operation,已確認但未通過買入排名門檻,未通過買入排名門檻,next_day_break_signal_high_confirmed|next_day_continuation_confirmed,next_day_break_signal_high_confirmed,20260701,2,隔日突破訊號高點,已確認但未通過買入排名門檻，不列進場價。,未通過買入排名門檻，不列進場價。,未列買入排名，不列停損價。,未列買入排名，不列出場規則。,4.0,0.0,4.9,0.0,94.9,已確認，但該股所屬 TDCC/型態/確認方式的正式歷史證據未通過買入排名門檻。,,,,,,,,,,1,20260630,20260701,,,,1,no_tdcc,1568,37.88%,0.80%,-3.73%,medium,row_level_evidence_not_buy_ranked,no_tdcc,all,operation_price_position,high_position,no_tdcc|all|next_day_break_signal_high_confirmed|operation_price_position|high_position,False,94.9,依模型風險欄位管理,20260701,21,daily_candidate_model_signal_log+daily_published_model_snapshots+stock_price_history,ready,approved_operation_patterns_latest.csv,True,True,approved_for_daily_v1,volume_breakout_confirmed_operation_v1,volume_breakout_operation_v1_20260615,approved_daily_operation_guidance,confirmed_not_buy_ranked,False,positive_evidence_oos_rank_v1,以目前 repo 可用歷史資料批准放量攻擊 v1 操作建議。後續固定 research/backtest 可用新版 approval_version 調整參數與條件。,由已發布模型快照與價格資料重建 D0-D10 操作狀態。,2026-07-01 21:38:58 Asia/Taipei
volume_range_breakout,full,confirmed_unranked_operation,已確認但未通過買入排名門檻,data,20260701,ready,5,1447,力鵬,1447 力鵬,confirmed_unranked_operation,已確認但未通過買入排名門檻,未通過買入排名門檻,next_day_break_signal_high_confirmed|next_day_continuation_confirmed,next_day_break_signal_high_confirmed,20260701,2,隔日突破訊號高點,已確認但未通過買入排名門檻，不列進場價。,未通過買入排名門檻，不列進場價。,未列買入排名，不列停損價。,未列買入排名，不列出場規則。,10.0,0.0,11.3,0.0,81.4,已確認，但該股所屬 TDCC/型態/確認方式的正式歷史證據未通過買入排名門檻。,,,,,,,,,,1,20260630,20260701,,,,1,no_tdcc,1568,37.88%,0.80%,-3.73%,medium,row_level_evidence_not_buy_ranked,no_tdcc,all,operation_price_position,high_position,no_tdcc|all|next_day_break_signal_high_confirmed|operation_price_position|high_position,False,81.4,依模型風險欄位管理,20260701,21,daily_candidate_model_signal_log+daily_published_model_snapshots+stock_price_history,ready,approved_operation_patterns_latest.csv,True,True,approved_for_daily_v1,volume_breakout_confirmed_operation_v1,volume_breakout_operation_v1_20260615,approved_daily_operation_guidance,confirmed_not_buy_ranked,False,positive_evidence_oos_rank_v1,以目前 repo 可用歷史資料批准放量攻擊 v1 操作建議。後續固定 research/backtest 可用新版 approval_version 調整參數與條件。,由已發布模型快照與價格資料重建 D0-D10 操作狀態。,2026-07-01 21:38:58 Asia/Taipei
volume_range_breakout,full,confirmed_unranked_operation,已確認但未通過買入排名門檻,data,20260701,ready,5,1617,榮星,1617 榮星,confirmed_unranked_operation,已確認但未通過買入排名門檻,未通過買入排名門檻,next_day_break_signal_high_confirmed|next_day_continuation_confirmed,next_day_break_signal_high_confirmed,20260701,2,隔日突破訊號高點,已確認但未通過買入排名門檻，不列進場價。,未通過買入排名門檻，不列進場價。,未列買入排名，不列停損價。,未列買入排名，不列出場規則。,10.0,0.0,15.0,0.0,92.4,已確認，但該股所屬 TDCC/型態/確認方式的正式歷史證據未通過買入排名門檻。,,,,,,,,,,1,20260630,20260701,,,,1,no_tdcc,1568,37.88%,0.80%,-3.73%,medium,row_level_evidence_not_buy_ranked,no_tdcc,all,operation_price_position,high_position,no_tdcc|all|next_day_break_signal_high_confirmed|operation_price_position|high_position,False,92.4,依模型風險欄位管理,20260701,21,daily_candidate_model_signal_log+daily_published_model_snapshots+stock_price_history,ready,approved_operation_patterns_latest.csv,True,True,approved_for_daily_v1,volume_breakout_confirmed_operation_v1,volume_breakout_operation_v1_20260615,approved_daily_operation_guidance,confirmed_not_buy_ranked,False,positive_evidence_oos_rank_v1,以目前 repo 可用歷史資料批准放量攻擊 v1 操作建議。後續固定 research/backtest 可用新版 approval_version 調整參數與條件。,由已發布模型快照與價格資料重建 D0-D10 操作狀態。,2026-07-01 21:38:58 Asia/Taipei
volume_range_breakout,full,confirmed_unranked_operation,已確認但未通過買入排名門檻,data,20260701,ready,6,2645,長榮航太,2645 長榮航太,confirmed_unranked_operation,已確認但未通過買入排名門檻,未通過買入排名門檻,next_day_break_signal_high_confirmed|next_day_continuation_confirmed,next_day_break_signal_high_confirmed,20260701,2,隔日突破訊號高點,已確認但未通過買入排名門檻，不列進場價。,未通過買入排名門檻，不列進場價。,未列買入排名，不列停損價。,未列買入排名，不列出場規則。,4.0,0.0,0.8,0.0,80.8,已確認，但該股所屬 TDCC/型態/確認方式的正式歷史證據未通過買入排名門檻。,,,,,,,,,,1,20260630,20260701,,,,1,no_tdcc,481,38.67%,0.94%,-3.14%,medium,row_level_evidence_not_buy_ranked,no_tdcc,all,operation_classification,high_position_breakout,no_tdcc|all|next_day_break_signal_high_confirmed|operation_classification|high_position_breakout,False,80.8,依模型風險欄位管理,20260701,21,daily_candidate_model_signal_log+daily_published_model_snapshots+stock_price_history,ready,approved_operation_patterns_latest.csv,True,True,approved_for_daily_v1,volume_breakout_confirmed_operation_v1,volume_breakout_operation_v1_20260615,approved_daily_operation_guidance,confirmed_not_buy_ranked,False,positive_evidence_oos_rank_v1,以目前 repo 可用歷史資料批准放量攻擊 v1 操作建議。後續固定 research/backtest 可用新版 approval_version 調整參數與條件。,由已發布模型快照與價格資料重建 D0-D10 操作狀態。,2026-07-01 21:38:58 Asia/Taipei
volume_range_breakout,full,confirmed_unranked_operation,已確認但未通過買入排名門檻,data,20260701,ready,6,4542,科嶠,4542 科嶠,confirmed_unranked_operation,已確認但未通過買入排名門檻,未通過買入排名門檻,next_day_break_signal_high_confirmed|next_day_continuation_confirmed,next_day_break_signal_high_confirmed,20260701,2,隔日突破訊號高點,已確認但未通過買入排名門檻，不列進場價。,未通過買入排名門檻，不列進場價。,未列買入排名，不列停損價。,未列買入排名，不列出場規則。,10.0,0.0,15.0,0.0,90.0,已確認，但該股所屬 TDCC/型態/確認方式的正式歷史證據未通過買入排名門檻。,,,,,,,,,,1,20260630,20260701,,,,1,no_tdcc,1568,37.88%,0.80%,-3.73%,medium,row_level_evidence_not_buy_ranked,no_tdcc,all,operation_price_position,high_position,no_tdcc|all|next_day_break_signal_high_confirmed|operation_price_position|high_position,False,90.0,依模型風險欄位管理,20260701,21,daily_candidate_model_signal_log+daily_published_model_snapshots+stock_price_history,ready,approved_operation_patterns_latest.csv,True,True,approved_for_daily_v1,volume_breakout_confirmed_operation_v1,volume_breakout_operation_v1_20260615,approved_daily_operation_guidance,confirmed_not_buy_ranked,False,positive_evidence_oos_rank_v1,以目前 repo 可用歷史資料批准放量攻擊 v1 操作建議。後續固定 research/backtest 可用新版 approval_version 調整參數與條件。,由已發布模型快照與價格資料重建 D0-D10 操作狀態。,2026-07-01 21:38:58 Asia/Taipei
volume_range_breakout,full,confirmed_unranked_operation,已確認但未通過買入排名門檻,data,20260701,ready,7,6753,龍德造船,6753 龍德造船,confirmed_unranked_operation,已確認但未通過買入排名門檻,未通過買入排名門檻,next_day_break_signal_high_confirmed|next_day_continuation_confirmed,next_day_break_signal_high_confirmed,20260701,2,隔日突破訊號高點,已確認但未通過買入排名門檻，不列進場價。,未通過買入排名門檻，不列進場價。,未列買入排名，不列停損價。,未列買入排名，不列出場規則。,0.0,0.0,1.1,0.0,78.1,已確認，但該股所屬 TDCC/型態/確認方式的正式歷史證據未通過買入排名門檻。,,,,,,,,,,1,20260630,20260701,,,,1,no_tdcc,476,35.29%,0.45%,-3.50%,medium,row_level_evidence_not_buy_ranked,no_tdcc,all,operation_attack_method,volume_attack,no_tdcc|all|next_day_break_signal_high_confirmed|operation_attack_method|volume_attack,False,78.1,欄位尚未完成 / 暫用現有資料,20260701,21,daily_candidate_model_signal_log+daily_published_model_snapshots+stock_price_history,ready,approved_operation_patterns_latest.csv,True,True,approved_for_daily_v1,volume_breakout_confirmed_operation_v1,volume_breakout_operation_v1_20260615,approved_daily_operation_guidance,confirmed_not_buy_ranked,False,positive_evidence_oos_rank_v1,以目前 repo 可用歷史資料批准放量攻擊 v1 操作建議。後續固定 research/backtest 可用新版 approval_version 調整參數與條件。,由已發布模型快照與價格資料重建 D0-D10 操作狀態。,2026-07-01 21:38:58 Asia/Taipei
volume_range_breakout,full,confirmed_unranked_operation,已確認但未通過買入排名門檻,data,20260701,ready,8,3230,錦明,3230 錦明,confirmed_unranked_operation,已確認但未通過買入排名門檻,未通過買入排名門檻,next_day_break_signal_high_confirmed|next_day_continuation_confirmed,next_day_break_signal_high_confirmed,20260701,2,隔日突破訊號高點,已確認但未通過買入排名門檻，不列進場價。,未通過買入排名門檻，不列進場價。,未列買入排名，不列停損價。,未列買入排名，不列出場規則。,4.0,0.0,3.2,0.0,82.6,已確認，但該股所屬 TDCC/型態/確認方式的正式歷史證據未通過買入排名門檻。,,,,,,,,,,1,20260630,20260701,,,,1,no_tdcc,481,38.67%,0.94%,-3.14%,medium,row_level_evidence_not_buy_ranked,no_tdcc,all,operation_classification,high_position_breakout,no_tdcc|all|next_day_break_signal_high_confirmed|operation_classification|high_position_breakout,False,82.6,連續過熱,20260701,21,daily_candidate_model_signal_log+daily_published_model_snapshots+stock_price_history,ready,approved_operation_patterns_latest.csv,True,True,approved_for_daily_v1,volume_breakout_confirmed_operation_v1,volume_breakout_operation_v1_20260615,approved_daily_operation_guidance,confirmed_not_buy_ranked,False,positive_evidence_oos_rank_v1,以目前 repo 可用歷史資料批准放量攻擊 v1 操作建議。後續固定 research/backtest 可用新版 approval_version 調整參數與條件。,由已發布模型快照與價格資料重建 D0-D10 操作狀態。,2026-07-01 21:38:58 Asia/Taipei
volume_range_breakout,full,confirmed_unranked_operation,已確認但未通過買入排名門檻,data,20260701,ready,11,7795,長廣,7795 長廣,confirmed_unranked_operation,已確認但未通過買入排名門檻,未通過買入排名門檻,next_day_break_signal_high_confirmed|next_day_continuation_confirmed,next_day_break_signal_high_confirmed,20260701,2,隔日突破訊號高點,已確認但未通過買入排名門檻，不列進場價。,未通過買入排名門檻，不列進場價。,未列買入排名，不列停損價。,未列買入排名，不列出場規則。,4.0,0.0,5.0,0.0,74.7,已確認，但該股所屬 TDCC/型態/確認方式的正式歷史證據未通過買入排名門檻。,,,,,,,,,,1,20260630,20260701,,,,1,no_tdcc,1568,37.88%,0.80%,-3.73%,medium,row_level_evidence_not_buy_ranked,no_tdcc,all,operation_price_position,high_position,no_tdcc|all|next_day_break_signal_high_confirmed|operation_price_position|high_position,False,74.7,依模型風險欄位管理,20260701,21,daily_candidate_model_signal_log+daily_published_model_snapshots+stock_price_history,ready,approved_operation_patterns_latest.csv,True,True,approved_for_daily_v1,volume_breakout_confirmed_operation_v1,volume_breakout_operation_v1_20260615,approved_daily_operation_guidance,confirmed_not_buy_ranked,False,positive_evidence_oos_rank_v1,以目前 repo 可用歷史資料批准放量攻擊 v1 操作建議。後續固定 research/backtest 可用新版 approval_version 調整參數與條件。,由已發布模型快照與價格資料重建 D0-D10 操作狀態。,2026-07-01 21:38:58 Asia/Taipei
volume_range_breakout,full,confirmed_unranked_operation,已確認但未通過買入排名門檻,data,20260701,ready,14,3055,蔚華科,3055 蔚華科,confirmed_unranked_operation,已確認但未通過買入排名門檻,未通過買入排名門檻,next_day_break_signal_high_confirmed|next_day_continuation_confirmed,next_day_break_signal_high_confirmed,20260701,2,隔日突破訊號高點,已確認但未通過買入排名門檻，不列進場價。,未通過買入排名門檻，不列進場價。,未列買入排名，不列停損價。,未列買入排名，不列出場規則。,10.0,0.0,10.2,0.0,73.6,已確認，但該股所屬 TDCC/型態/確認方式的正式歷史證據未通過買入排名門檻。,,,,,,,,,,1,20260630,20260701,,,,1,no_tdcc,1568,37.88%,0.80%,-3.73%,medium,row_level_evidence_not_buy_ranked,no_tdcc,all,operation_price_position,high_position,no_tdcc|all|next_day_break_signal_high_confirmed|operation_price_position|high_position,False,73.6,依模型風險欄位管理,20260701,21,daily_candidate_model_signal_log+daily_published_model_snapshots+stock_price_history,ready,approved_operation_patterns_latest.csv,True,True,approved_for_daily_v1,volume_breakout_confirmed_operation_v1,volume_breakout_operation_v1_20260615,approved_daily_operation_guidance,confirmed_not_buy_ranked,False,positive_evidence_oos_rank_v1,以目前 repo 可用歷史資料批准放量攻擊 v1 操作建議。後續固定 research/backtest 可用新版 approval_version 調整參數與條件。,由已發布模型快照與價格資料重建 D0-D10 操作狀態。,2026-07-01 21:38:58 Asia/Taipei
volume_range_breakout,full,confirmed_unranked_operation,已確認但未通過買入排名門檻,data,20260701,ready,15,6658,聯策,6658 聯策,confirmed_unranked_operation,已確認但未通過買入排名門檻,未通過買入排名門檻,next_day_break_signal_high_confirmed|next_day_continuation_confirmed,next_day_break_signal_high_confirmed,20260701,2,隔日突破訊號高點,已確認但未通過買入排名門檻，不列進場價。,未通過買入排名門檻，不列進場價。,未列買入排名，不列停損價。,未列買入排名，不列出場規則。,4.0,0.0,2.7,0.0,71.5,已確認，但該股所屬 TDCC/型態/確認方式的正式歷史證據未通過買入排名門檻。,,,,,,,,,,1,20260630,20260701,,,,1,no_tdcc,1568,37.88%,0.80%,-3.73%,medium,row_level_evidence_not_buy_ranked,no_tdcc,all,operation_price_position,high_position,no_tdcc|all|next_day_break_signal_high_confirmed|operation_price_position|high_position,False,71.5,依模型風險欄位管理,20260701,21,daily_candidate_model_signal_log+daily_published_model_snapshots+stock_price_history,ready,approved_operation_patterns_latest.csv,True,True,approved_for_daily_v1,volume_breakout_confirmed_operation_v1,volume_breakout_operation_v1_20260615,approved_daily_operation_guidance,confirmed_not_buy_ranked,False,positive_evidence_oos_rank_v1,以目前 repo 可用歷史資料批准放量攻擊 v1 操作建議。後續固定 research/backtest 可用新版 approval_version 調整參數與條件。,由已發布模型快照與價格資料重建 D0-D10 操作狀態。,2026-07-01 21:38:58 Asia/Taipei
volume_range_breakout,full,confirmed_unranked_operation,已確認但未通過買入排名門檻,data,20260701,ready,16,3611,鼎翰,3611 鼎翰,confirmed_unranked_operation,已確認但未通過買入排名門檻,未通過買入排名門檻,next_day_break_signal_high_confirmed,next_day_break_signal_high_confirmed,20260701,2,隔日突破訊號高點,已確認但未通過買入排名門檻，不列進場價。,未通過買入排名門檻，不列進場價。,未列買入排名，不列停損價。,未列買入排名，不列出場規則。,4.0,0.0,0.2,0.0,69.9,已確認，但該股所屬 TDCC/型態/確認方式的正式歷史證據未通過買入排名門檻。,,,,,,,,,,1,20260630,20260701,,,,1,no_tdcc,287,42.51%,1.14%,-2.28%,medium,row_level_evidence_not_buy_ranked,no_tdcc,all,operation_attack_method,general_breakout,no_tdcc|all|next_day_break_signal_high_confirmed|operation_attack_method|general_breakout,False,69.9,依模型風險欄位管理,20260701,21,daily_candidate_model_signal_log+daily_published_model_snapshots+stock_price_history,ready,approved_operation_patterns_latest.csv,True,True,approved_for_daily_v1,volume_breakout_confirmed_operation_v1,volume_breakout_operation_v1_20260615,approved_daily_operation_guidance,confirmed_not_buy_ranked,False,positive_evidence_oos_rank_v1,以目前 repo 可用歷史資料批准放量攻擊 v1 操作建議。後續固定 research/backtest 可用新版 approval_version 調整參數與條件。,由已發布模型快照與價格資料重建 D0-D10 操作狀態。,2026-07-01 21:38:58 Asia/Taipei
volume_range_breakout,full,pending_confirmation,待確認,data,20260701,ready,1,4541,晟田,4541 晟田,pending_confirmation,待確認,模型已命中，尚未確認,,,,,,尚未確認，不列進場價,尚未確認，不列進場價,尚未確認，不列停損價,待確認後才顯示操作規則,4.0,0.0,4.5,0.0,96.3,突破品質 +4.5 | 收近高點 +4,pending_confirmation,,,,signal_low_stop_after_confirmation,,,signal_low_stop_or_fixed_10d_close,10,0,20260701,,今日訊號,新進榜,模型已命中但尚未確認，不能列買入排名；若確認前跌破訊號日最低價或超過 10 個交易日，則不列操作。,1,欄位尚未完成 / 暫用現有資料,3059,44.34,1.91,,ok_first_pass,,,,,,,,96.3,連續過熱,20260701,21,daily_candidate_model_signal_log+daily_published_model_snapshots+stock_price_history,ready,approved_operation_patterns_latest.csv,True,True,approved_for_daily_v1,volume_breakout_confirmed_operation_v1,volume_breakout_operation_v1_20260615,approved_daily_operation_guidance,pending_confirmation,False,positive_evidence_oos_rank_v1,以目前 repo 可用歷史資料批准放量攻擊 v1 操作建議。後續固定 research/backtest 可用新版 approval_version 調整參數與條件。,由已發布模型快照與價格資料重建 D0-D10 操作狀態。,2026-07-01 21:38:58 Asia/Taipei
volume_range_breakout,full,pending_confirmation,待確認,data,20260701,ready,2,1466,聚隆,1466 聚隆,pending_confirmation,待確認,模型已命中，尚未確認,,,,,,尚未確認，不列進場價,尚未確認，不列進場價,尚未確認，不列停損價,待確認後才顯示操作規則,10.0,0.0,13.9,0.0,95.8,鎖量漲停突破 +16 | 鎖量且量比低於2.0 +4 | 突破品質 +3.9,pending_confirmation,,,,signal_low_stop_after_confirmation,,,signal_low_stop_or_fixed_10d_close,10,0,20260701,,今日訊號,新進榜,模型已命中但尚未確認，不能列買入排名；若確認前跌破訊號日最低價或超過 10 個交易日，則不列操作。,1,欄位尚未完成 / 暫用現有資料,3059,44.34,1.91,,ok_first_pass,,,,,,,,95.8,依模型風險欄位管理,20260701,21,daily_candidate_model_signal_log+daily_published_model_snapshots+stock_price_history,ready,approved_operation_patterns_latest.csv,True,True,approved_for_daily_v1,volume_breakout_confirmed_operation_v1,volume_breakout_operation_v1_20260615,approved_daily_operation_guidance,pending_confirmation,False,positive_evidence_oos_rank_v1,以目前 repo 可用歷史資料批准放量攻擊 v1 操作建議。後續固定 research/backtest 可用新版 approval_version 調整參數與條件。,由已發布模型快照與價格資料重建 D0-D10 操作狀態。,2026-07-01 21:38:58 Asia/Taipei
volume_range_breakout,full,pending_confirmation,待確認,data,20260701,ready,2,2466,冠西電,2466 冠西電,pending_confirmation,待確認,模型已命中，尚未確認,,,,,,尚未確認，不列進場價,尚未確認，不列進場價,尚未確認，不列停損價,待確認後才顯示操作規則,4.0,0.0,5.0,0.0,93.0,突破品質 +5.0 | 收近高點 +4,pending_confirmation,,,,signal_low_stop_after_confirmation,,,signal_low_stop_or_fixed_10d_close,10,0,20260701,,今日訊號,新進榜,模型已命中但尚未確認，不能列買入排名；若確認前跌破訊號日最低價或超過 10 個交易日，則不列操作。,1,欄位尚未完成 / 暫用現有資料,3059,44.34,1.91,,ok_first_pass,,,,,,,,93.0,連續過熱,20260701,21,daily_candidate_model_signal_log+daily_published_model_snapshots+stock_price_history,ready,approved_operation_patterns_latest.csv,True,True,approved_for_daily_v1,volume_breakout_confirmed_operation_v1,volume_breakout_operation_v1_20260615,approved_daily_operation_guidance,pending_confirmation,False,positive_evidence_oos_rank_v1,以目前 repo 可用歷史資料批准放量攻擊 v1 操作建議。後續固定 research/backtest 可用新版 approval_version 調整參數與條件。,由已發布模型快照與價格資料重建 D0-D10 操作狀態。,2026-07-01 21:38:58 Asia/Taipei
volume_range_breakout,full,pending_confirmation,待確認,data,20260701,ready,2,4707,磐亞,4707 磐亞,pending_confirmation,待確認,模型已命中，尚未確認,,,,,,尚未確認，不列進場價,尚未確認，不列進場價,尚未確認，不列停損價,待確認後才顯示操作規則,4.0,0.0,5.0,0.0,88.7,突破品質 +5.0 | 收近高點 +4,pending_confirmation,,,,signal_low_stop_after_confirmation,,,signal_low_stop_or_fixed_10d_close,10,2,20260629,,D+2 待確認,重複進榜,模型已命中但尚未確認，不能列買入排名；若確認前跌破訊號日最低價或超過 10 個交易日，則不列操作。,1,欄位尚未完成 / 暫用現有資料,3050,44.31,1.9,,ok_first_pass,,,,,,,,88.7,連續過熱,20260701,21,daily_candidate_model_signal_log+daily_published_model_snapshots+stock_price_history,ready,approved_operation_patterns_latest.csv,True,True,approved_for_daily_v1,volume_breakout_confirmed_operation_v1,volume_breakout_operation_v1_20260615,approved_daily_operation_guidance,pending_confirmation,False,positive_evidence_oos_rank_v1,以目前 repo 可用歷史資料批准放量攻擊 v1 操作建議。後續固定 research/backtest 可用新版 approval_version 調整參數與條件。,由已發布模型快照與價格資料重建 D0-D10 操作狀態。,2026-07-01 21:38:58 Asia/Taipei
volume_range_breakout,full,pending_confirmation,待確認,data,20260701,ready,5,9960,邁達康,9960 邁達康,pending_confirmation,待確認,模型已命中，尚未確認,,,,,,尚未確認，不列進場價,尚未確認，不列進場價,尚未確認，不列停損價,待確認後才顯示操作規則,0.0,0.0,1.8,1.3,73.0,突破品質 +1.8 | 上影線風險 -1.3,pending_confirmation,,,,signal_low_stop_after_confirmation,,,signal_low_stop_or_fixed_10d_close,10,2,20260629,,D+2 待確認,新進榜,模型已命中但尚未確認，不能列買入排名；若確認前跌破訊號日最低價或超過 10 個交易日，則不列操作。,1,欄位尚未完成 / 暫用現有資料,3050,44.31,1.9,,ok_first_pass,,,,,,,,73.0,長上影攻擊品質扣分:1.3 / 長上影攻擊品質扣分,20260701,21,daily_candidate_model_signal_log+daily_published_model_snapshots+stock_price_history,ready,approved_operation_patterns_latest.csv,True,True,approved_for_daily_v1,volume_breakout_confirmed_operation_v1,volume_breakout_operation_v1_20260615,approved_daily_operation_guidance,pending_confirmation,False,positive_evidence_oos_rank_v1,以目前 repo 可用歷史資料批准放量攻擊 v1 操作建議。後續固定 research/backtest 可用新版 approval_version 調整參數與條件。,由已發布模型快照與價格資料重建 D0-D10 操作狀態。,2026-07-01 21:38:58 Asia/Taipei
volume_range_breakout,full,pending_confirmation,待確認,data,20260701,ready,7,2634,漢翔,2634 漢翔,pending_confirmation,待確認,模型已命中，尚未確認,,,,,,尚未確認，不列進場價,尚未確認，不列進場價,尚未確認，不列停損價,待確認後才顯示操作規則,0.0,0.0,3.7,0.0,89.9,突破品質 +3.7,pending_confirmation,,,,signal_low_stop_after_confirmation,,,signal_low_stop_or_fixed_10d_close,10,1,20260630,,D+1 待確認,新進榜,模型已命中但尚未確認，不能列買入排名；若確認前跌破訊號日最低價或超過 10 個交易日，則不列操作。,1,欄位尚未完成 / 暫用現有資料,3059,44.34,1.91,,ok_first_pass,,,,,,,,89.9,依模型風險欄位管理,20260701,21,daily_candidate_model_signal_log+daily_published_model_snapshots+stock_price_history,ready,approved_operation_patterns_latest.csv,True,True,approved_for_daily_v1,volume_breakout_confirmed_operation_v1,volume_breakout_operation_v1_20260615,approved_daily_operation_guidance,pending_confirmation,False,positive_evidence_oos_rank_v1,以目前 repo 可用歷史資料批准放量攻擊 v1 操作建議。後續固定 research/backtest 可用新版 approval_version 調整參數與條件。,由已發布模型快照與價格資料重建 D0-D10 操作狀態。,2026-07-01 21:38:58 Asia/Taipei
volume_range_breakout,full,pending_confirmation,待確認,data,20260701,ready,7,3605,宏致,3605 宏致,pending_confirmation,待確認,模型已命中，尚未確認,,,,,,尚未確認，不列進場價,尚未確認，不列進場價,尚未確認，不列停損價,待確認後才顯示操作規則,4.0,0.0,0.4,0.0,73.2,突破品質 +0.4 | 收近高點 +4,pending_confirmation,,,,signal_low_stop_after_confirmation,,,signal_low_stop_or_fixed_10d_close,10,0,20260701,,今日訊號,新進榜,模型已命中但尚未確認，不能列買入排名；若確認前跌破訊號日最低價或超過 10 個交易日，則不列操作。,1,欄位尚未完成 / 暫用現有資料,3059,44.34,1.91,,ok_first_pass,,,,,,,,73.2,欄位尚未完成 / 暫用現有資料,20260701,21,daily_candidate_model_signal_log+daily_published_model_snapshots+stock_price_history,ready,approved_operation_patterns_latest.csv,True,True,approved_for_daily_v1,volume_breakout_confirmed_operation_v1,volume_breakout_operation_v1_20260615,approved_daily_operation_guidance,pending_confirmation,False,positive_evidence_oos_rank_v1,以目前 repo 可用歷史資料批准放量攻擊 v1 操作建議。後續固定 research/backtest 可用新版 approval_version 調整參數與條件。,由已發布模型快照與價格資料重建 D0-D10 操作狀態。,2026-07-01 21:38:58 Asia/Taipei
volume_range_breakout,full,pending_confirmation,待確認,data,20260701,ready,7,4183,福永生技,4183 福永生技,pending_confirmation,待確認,模型已命中，尚未確認,,,,,,尚未確認，不列進場價,尚未確認，不列進場價,尚未確認，不列停損價,待確認後才顯示操作規則,6.0,0.0,10.4,0.0,77.8,鎖量漲停突破 +16 | 突破品質 +0.4,pending_confirmation,,,,signal_low_stop_after_confirmation,,,signal_low_stop_or_fixed_10d_close,10,0,20260701,,今日訊號,新進榜,模型已命中但尚未確認，不能列買入排名；若確認前跌破訊號日最低價或超過 10 個交易日，則不列操作。,1,欄位尚未完成 / 暫用現有資料,3059,44.34,1.91,,ok_first_pass,,,,,,,,77.8,依模型風險欄位管理,20260701,21,daily_candidate_model_signal_log+daily_published_model_snapshots+stock_price_history,ready,approved_operation_patterns_latest.csv,True,True,approved_for_daily_v1,volume_breakout_confirmed_operation_v1,volume_breakout_operation_v1_20260615,approved_daily_operation_guidance,pending_confirmation,False,positive_evidence_oos_rank_v1,以目前 repo 可用歷史資料批准放量攻擊 v1 操作建議。後續固定 research/backtest 可用新版 approval_version 調整參數與條件。,由已發布模型快照與價格資料重建 D0-D10 操作狀態。,2026-07-01 21:38:58 Asia/Taipei
volume_range_breakout,full,pending_confirmation,待確認,data,20260701,ready,8,1515,力山,1515 力山,pending_confirmation,待確認,模型已命中，尚未確認,,,,,,尚未確認，不列進場價,尚未確認，不列進場價,尚未確認，不列停損價,待確認後才顯示操作規則,4.0,0.0,2.9,0.0,70.4,突破品質 +2.9 | 收近高點 +4,pending_confirmation,,,,signal_low_stop_after_confirmation,,,signal_low_stop_or_fixed_10d_close,10,0,20260701,,今日訊號,新進榜,模型已命中但尚未確認，不能列買入排名；若確認前跌破訊號日最低價或超過 10 個交易日，則不列操作。,1,欄位尚未完成 / 暫用現有資料,3059,44.34,1.91,,ok_first_pass,,,,,,,,70.4,連續過熱,20260701,21,daily_candidate_model_signal_log+daily_published_model_snapshots+stock_price_history,ready,approved_operation_patterns_latest.csv,True,True,approved_for_daily_v1,volume_breakout_confirmed_operation_v1,volume_breakout_operation_v1_20260615,approved_daily_operation_guidance,pending_confirmation,False,positive_evidence_oos_rank_v1,以目前 repo 可用歷史資料批准放量攻擊 v1 操作建議。後續固定 research/backtest 可用新版 approval_version 調整參數與條件。,由已發布模型快照與價格資料重建 D0-D10 操作狀態。,2026-07-01 21:38:58 Asia/Taipei
volume_range_breakout,full,pending_confirmation,待確認,data,20260701,ready,8,8466,美吉吉-KY,8466 美吉吉-KY,pending_confirmation,待確認,模型已命中，尚未確認,,,,,,尚未確認，不列進場價,尚未確認，不列進場價,尚未確認，不列停損價,待確認後才顯示操作規則,0.0,0.0,1.0,2.4,67.8,突破品質 +1.0 | 上影線風險 -2.4,pending_confirmation,,,,signal_low_stop_after_confirmation,,,signal_low_stop_or_fixed_10d_close,10,0,20260701,,今日訊號,新進榜,模型已命中但尚未確認，不能列買入排名；若確認前跌破訊號日最低價或超過 10 個交易日，則不列操作。,1,欄位尚未完成 / 暫用現有資料,3059,44.34,1.91,,ok_first_pass,,,,,,,,67.8,長上影攻擊品質扣分:2.4 / 長上影攻擊品質扣分,20260701,21,daily_candidate_model_signal_log+daily_published_model_snapshots+stock_price_history,ready,approved_operation_patterns_latest.csv,True,True,approved_for_daily_v1,volume_breakout_confirmed_operation_v1,volume_breakout_operation_v1_20260615,approved_daily_operation_guidance,pending_confirmation,False,positive_evidence_oos_rank_v1,以目前 repo 可用歷史資料批准放量攻擊 v1 操作建議。後續固定 research/backtest 可用新版 approval_version 調整參數與條件。,由已發布模型快照與價格資料重建 D0-D10 操作狀態。,2026-07-01 21:38:58 Asia/Taipei
volume_range_breakout,full,pending_confirmation,待確認,data,20260701,ready,9,1709,和益,1709 和益,pending_confirmation,待確認,模型已命中，尚未確認,,,,,,尚未確認，不列進場價,尚未確認，不列進場價,尚未確認，不列停損價,待確認後才顯示操作規則,0.0,0.0,2.2,0.0,67.2,突破品質 +2.2 | 上影線風險 -0.0,pending_confirmation,,,,signal_low_stop_after_confirmation,,,signal_low_stop_or_fixed_10d_close,10,0,20260701,,今日訊號,新進榜,模型已命中但尚未確認，不能列買入排名；若確認前跌破訊號日最低價或超過 10 個交易日，則不列操作。,1,欄位尚未完成 / 暫用現有資料,3059,44.34,1.91,,ok_first_pass,,,,,,,,67.2,長上影攻擊品質扣分:0.0 / 長上影攻擊品質扣分,20260701,21,daily_candidate_model_signal_log+daily_published_model_snapshots+stock_price_history,ready,approved_operation_patterns_latest.csv,True,True,approved_for_daily_v1,volume_breakout_confirmed_operation_v1,volume_breakout_operation_v1_20260615,approved_daily_operation_guidance,pending_confirmation,False,positive_evidence_oos_rank_v1,以目前 repo 可用歷史資料批准放量攻擊 v1 操作建議。後續固定 research/backtest 可用新版 approval_version 調整參數與條件。,由已發布模型快照與價格資料重建 D0-D10 操作狀態。,2026-07-01 21:38:58 Asia/Taipei
volume_range_breakout,full,pending_confirmation,待確認,data,20260701,ready,9,2208,台船,2208 台船,pending_confirmation,待確認,模型已命中，尚未確認,,,,,,尚未確認，不列進場價,尚未確認，不列進場價,尚未確認，不列停損價,待確認後才顯示操作規則,4.0,0.0,1.6,0.0,77.2,突破品質 +1.6 | 收近高點 +4,pending_confirmation,,,,signal_low_stop_after_confirmation,,,signal_low_stop_or_fixed_10d_close,10,1,20260630,,D+1 待確認,新進榜,模型已命中但尚未確認，不能列買入排名；若確認前跌破訊號日最低價或超過 10 個交易日，則不列操作。,1,欄位尚未完成 / 暫用現有資料,3059,44.34,1.91,,ok_first_pass,,,,,,,,77.2,欄位尚未完成 / 暫用現有資料,20260701,21,daily_candidate_model_signal_log+daily_published_model_snapshots+stock_price_history,ready,approved_operation_patterns_latest.csv,True,True,approved_for_daily_v1,volume_breakout_confirmed_operation_v1,volume_breakout_operation_v1_20260615,approved_daily_operation_guidance,pending_confirmation,False,positive_evidence_oos_rank_v1,以目前 repo 可用歷史資料批准放量攻擊 v1 操作建議。後續固定 research/backtest 可用新版 approval_version 調整參數與條件。,由已發布模型快照與價格資料重建 D0-D10 操作狀態。,2026-07-01 21:38:58 Asia/Taipei
volume_range_breakout,full,pending_confirmation,待確認,data,20260701,ready,9,3360,尚立,3360 尚立,pending_confirmation,待確認,模型已命中，尚未確認,,,,,,尚未確認，不列進場價,尚未確認，不列進場價,尚未確認，不列停損價,待確認後才顯示操作規則,4.0,0.0,2.3,0.0,79.4,突破品質 +2.3 | 收近高點 +4,pending_confirmation,,,,signal_low_stop_after_confirmation,,,signal_low_stop_or_fixed_10d_close,10,1,20260630,,D+1 待確認,新進榜,模型已命中但尚未確認，不能列買入排名；若確認前跌破訊號日最低價或超過 10 個交易日，則不列操作。,1,欄位尚未完成 / 暫用現有資料,3059,44.34,1.91,,ok_first_pass,,,,,,,,79.4,連續過熱,20260701,21,daily_candidate_model_signal_log+daily_published_model_snapshots+stock_price_history,ready,approved_operation_patterns_latest.csv,True,True,approved_for_daily_v1,volume_breakout_confirmed_operation_v1,volume_breakout_operation_v1_20260615,approved_daily_operation_guidance,pending_confirmation,False,positive_evidence_oos_rank_v1,以目前 repo 可用歷史資料批准放量攻擊 v1 操作建議。後續固定 research/backtest 可用新版 approval_version 調整參數與條件。,由已發布模型快照與價格資料重建 D0-D10 操作狀態。,2026-07-01 21:38:58 Asia/Taipei
volume_range_breakout,full,pending_confirmation,待確認,data,20260701,ready,9,5483,中美晶,5483 中美晶,pending_confirmation,待確認,模型已命中，尚未確認,,,,,,尚未確認，不列進場價,尚未確認，不列進場價,尚未確認，不列停損價,待確認後才顯示操作規則,4.0,0.0,0.9,0.0,66.4,突破品質 +0.9 | 收近高點 +4,pending_confirmation,,,,signal_low_stop_after_confirmation,,,signal_low_stop_or_fixed_10d_close,10,0,20260701,,今日訊號,新進榜,模型已命中但尚未確認，不能列買入排名；若確認前跌破訊號日最低價或超過 10 個交易日，則不列操作。,1,欄位尚未完成 / 暫用現有資料,3059,44.34,1.91,,ok_first_pass,,,,,,,,66.4,依模型風險欄位管理,20260701,21,daily_candidate_model_signal_log+daily_published_model_snapshots+stock_price_history,ready,approved_operation_patterns_latest.csv,True,True,approved_for_daily_v1,volume_breakout_confirmed_operation_v1,volume_breakout_operation_v1_20260615,approved_daily_operation_guidance,pending_confirmation,False,positive_evidence_oos_rank_v1,以目前 repo 可用歷史資料批准放量攻擊 v1 操作建議。後續固定 research/backtest 可用新版 approval_version 調整參數與條件。,由已發布模型快照與價格資料重建 D0-D10 操作狀態。,2026-07-01 21:38:58 Asia/Taipei
volume_range_breakout,full,pending_confirmation,待確認,data,20260701,ready,10,2472,立隆電,2472 立隆電,pending_confirmation,待確認,模型已命中，尚未確認,,,,,,尚未確認，不列進場價,尚未確認，不列進場價,尚未確認，不列停損價,待確認後才顯示操作規則,4.0,0.0,2.3,0.0,77.0,突破品質 +2.3 | 收近高點 +4,pending_confirmation,,,,signal_low_stop_after_confirmation,,,signal_low_stop_or_fixed_10d_close,10,1,20260630,,D+1 待確認,新進榜,模型已命中但尚未確認，不能列買入排名；若確認前跌破訊號日最低價或超過 10 個交易日，則不列操作。,1,欄位尚未完成 / 暫用現有資料,3059,44.34,1.91,,ok_first_pass,,,,,,,,77.0,連續過熱,20260701,21,daily_candidate_model_signal_log+daily_published_model_snapshots+stock_price_history,ready,approved_operation_patterns_latest.csv,True,True,approved_for_daily_v1,volume_breakout_confirmed_operation_v1,volume_breakout_operation_v1_20260615,approved_daily_operation_guidance,pending_confirmation,False,positive_evidence_oos_rank_v1,以目前 repo 可用歷史資料批准放量攻擊 v1 操作建議。後續固定 research/backtest 可用新版 approval_version 調整參數與條件。,由已發布模型快照與價格資料重建 D0-D10 操作狀態。,2026-07-01 21:38:58 Asia/Taipei
volume_range_breakout,full,pending_confirmation,待確認,data,20260701,ready,10,6271,同欣電,6271 同欣電,pending_confirmation,待確認,模型已命中，尚未確認,,,,,,尚未確認，不列進場價,尚未確認，不列進場價,尚未確認，不列停損價,待確認後才顯示操作規則,0.0,0.0,0.5,0.0,60.4,突破品質 +0.5,pending_confirmation,,,,signal_low_stop_after_confirmation,,,signal_low_stop_or_fixed_10d_close,10,0,20260701,,今日訊號,新進榜,模型已命中但尚未確認，不能列買入排名；若確認前跌破訊號日最低價或超過 10 個交易日，則不列操作。,1,欄位尚未完成 / 暫用現有資料,3059,44.34,1.91,,ok_first_pass,,,,,,,,60.4,連續過熱,20260701,21,daily_candidate_model_signal_log+daily_published_model_snapshots+stock_price_history,ready,approved_operation_patterns_latest.csv,True,True,approved_for_daily_v1,volume_breakout_confirmed_operation_v1,volume_breakout_operation_v1_20260615,approved_daily_operation_guidance,pending_confirmation,False,positive_evidence_oos_rank_v1,以目前 repo 可用歷史資料批准放量攻擊 v1 操作建議。後續固定 research/backtest 可用新版 approval_version 調整參數與條件。,由已發布模型快照與價格資料重建 D0-D10 操作狀態。,2026-07-01 21:38:58 Asia/Taipei
volume_range_breakout,full,pending_confirmation,待確認,data,20260701,ready,11,3031,佰鴻,3031 佰鴻,pending_confirmation,待確認,模型已命中，尚未確認,,,,,,尚未確認，不列進場價,尚未確認，不列進場價,尚未確認，不列停損價,待確認後才顯示操作規則,0.0,0.0,0.3,5.7,57.6,突破品質 +0.3 | 上影線風險 -5.7,pending_confirmation,,,,signal_low_stop_after_confirmation,,,signal_low_stop_or_fixed_10d_close,10,0,20260701,,今日訊號,新進榜,模型已命中但尚未確認，不能列買入排名；若確認前跌破訊號日最低價或超過 10 個交易日，則不列操作。,1,欄位尚未完成 / 暫用現有資料,3059,44.34,1.91,,ok_first_pass,,,,,,,,57.6,長上影攻擊品質扣分:5.7 / 長上影攻擊品質扣分,20260701,21,daily_candidate_model_signal_log+daily_published_model_snapshots+stock_price_history,ready,approved_operation_patterns_latest.csv,True,True,approved_for_daily_v1,volume_breakout_confirmed_operation_v1,volume_breakout_operation_v1_20260615,approved_daily_operation_guidance,pending_confirmation,False,positive_evidence_oos_rank_v1,以目前 repo 可用歷史資料批准放量攻擊 v1 操作建議。後續固定 research/backtest 可用新版 approval_version 調整參數與條件。,由已發布模型快照與價格資料重建 D0-D10 操作狀態。,2026-07-01 21:38:58 Asia/Taipei
volume_range_breakout,full,pending_confirmation,待確認,data,20260701,ready,12,2425,承啟,2425 承啟,pending_confirmation,待確認,模型已命中，尚未確認,,,,,,尚未確認，不列進場價,尚未確認，不列進場價,尚未確認，不列停損價,待確認後才顯示操作規則,4.0,0.0,1.6,0.0,74.6,突破品質 +1.6 | 收近高點 +4,pending_confirmation,,,,signal_low_stop_after_confirmation,,,signal_low_stop_or_fixed_10d_close,10,1,20260630,,D+1 待確認,新進榜,模型已命中但尚未確認，不能列買入排名；若確認前跌破訊號日最低價或超過 10 個交易日，則不列操作。,1,欄位尚未完成 / 暫用現有資料,3059,44.34,1.91,,ok_first_pass,,,,,,,,74.6,依模型風險欄位管理,20260701,21,daily_candidate_model_signal_log+daily_published_model_snapshots+stock_price_history,ready,approved_operation_patterns_latest.csv,True,True,approved_for_daily_v1,volume_breakout_confirmed_operation_v1,volume_breakout_operation_v1_20260615,approved_daily_operation_guidance,pending_confirmation,False,positive_evidence_oos_rank_v1,以目前 repo 可用歷史資料批准放量攻擊 v1 操作建議。後續固定 research/backtest 可用新版 approval_version 調整參數與條件。,由已發布模型快照與價格資料重建 D0-D10 操作狀態。,2026-07-01 21:38:58 Asia/Taipei
volume_range_breakout,full,active_operation,操作中,data,20260701,ready,2,6226,光鼎,6226 光鼎,active_operation,操作中,已進場追蹤,next_day_break_signal_high_confirmed|next_day_continuation_confirmed,next_day_break_signal_high_confirmed,20260629,2,隔日突破訊號高點,確認日收盤後列入，下一個交易日開盤價進場。,已進場追蹤；進場日 6/30 開盤價 22,跌破 6/26 最低價 16.45,先跌破停損基準出場，否則最多持有至第 10 個交易日收盤。,4.0,0.0,5.0,0.0,93.0,突破品質 +5.0 | 收近高點 +4,confirmation_next_open,next_open_after_confirmation,20260630,22,signal_low_stop,16.45,6/26最低點,signal_low_stop_or_fixed_10d_close,10,3,20260626,20260629,,,,1,weekly_increase rank 14,31,58.06%,14.69%,8.39%,medium,positive_row_evidence,weekly_increase,top_20,operation_price_position,high_position,weekly_increase|top_20|next_day_break_signal_high_confirmed|operation_price_position|high_position,True,93.0,連續過熱,20260701,21,daily_candidate_model_signal_log+daily_published_model_snapshots+stock_price_history,ready,approved_operation_patterns_latest.csv,True,True,approved_for_daily_v1,volume_breakout_confirmed_operation_v1,volume_breakout_operation_v1_20260615,approved_daily_operation_guidance,active_operation,False,positive_evidence_oos_rank_v1,以目前 repo 可用歷史資料批准放量攻擊 v1 操作建議。後續固定 research/backtest 可用新版 approval_version 調整參數與條件。,由已發布模型快照與價格資料重建 D0-D10 操作狀態。,2026-07-01 21:38:58 Asia/Taipei
volume_range_breakout,full,active_operation,操作中,data,20260701,ready,4,2483,百容,2483 百容,active_operation,操作中,已進場追蹤,next_day_break_signal_high_confirmed|pullback_5ma_confirmed,next_day_break_signal_high_confirmed,20260629,2,隔日突破訊號高點,確認日收盤後列入，下一個交易日開盤價進場。,已進場追蹤；進場日 6/30 開盤價 54,跌破 6/26 最低價 48.8,先跌破停損基準出場，否則最多持有至第 10 個交易日收盤。,4.0,0.0,5.0,0.0,80.7,突破品質 +5.0 | 收近高點 +4,confirmation_next_open,next_open_after_confirmation,20260630,54,signal_low_stop,48.8,6/26最低點,signal_low_stop_or_fixed_10d_close,10,3,20260626,20260629,,,,1,weekly_increase rank 46,45,51.11%,9.68%,0.76%,medium,positive_row_evidence,weekly_increase,top_50,operation_attack_position,locked_limit_up__high_position,weekly_increase|top_50|next_day_break_signal_high_confirmed|operation_attack_position|locked_limit_up__high_position,True,80.7,連續過熱,20260701,21,daily_candidate_model_signal_log+daily_published_model_snapshots+stock_price_history,ready,approved_operation_patterns_latest.csv,True,True,approved_for_daily_v1,volume_breakout_confirmed_operation_v1,volume_breakout_operation_v1_20260615,approved_daily_operation_guidance,active_operation,False,positive_evidence_oos_rank_v1,以目前 repo 可用歷史資料批准放量攻擊 v1 操作建議。後續固定 research/backtest 可用新版 approval_version 調整參數與條件。,由已發布模型快照與價格資料重建 D0-D10 操作狀態。,2026-07-01 21:38:58 Asia/Taipei
volume_range_breakout,full,active_operation,操作中,data,20260701,ready,4,6742,澤米,6742 澤米,active_operation,操作中,已進場追蹤,next_day_break_signal_high_confirmed|next_day_continuation_confirmed|pullback_5ma_confirmed|pullback_10ma_confirmed,next_day_break_signal_high_confirmed,20260618,2,隔日突破訊號高點,確認日收盤後列入，下一個交易日開盤價進場。,已進場追蹤；進場日 6/22 開盤價 69.5,跌破 6/17 最低價 61,先跌破停損基準出場，否則最多持有至第 10 個交易日收盤。,4.0,0.0,3.2,0.0,73.3,突破品質 +3.2 | 收近高點 +4,confirmation_next_open,next_open_after_confirmation,20260622,69.5,signal_low_stop,61,6/17最低點,signal_low_stop_or_fixed_10d_close,10,9,20260617,20260618,,,,1,weekly_increase rank 23,45,51.11%,9.68%,0.76%,medium,positive_row_evidence,weekly_increase,top_50,operation_attack_position,locked_limit_up__high_position,weekly_increase|top_50|next_day_break_signal_high_confirmed|operation_attack_position|locked_limit_up__high_position,True,73.3,依模型風險欄位管理,20260701,21,daily_candidate_model_signal_log+daily_published_model_snapshots+stock_price_history,ready,approved_operation_patterns_latest.csv,True,True,approved_for_daily_v1,volume_breakout_confirmed_operation_v1,volume_breakout_operation_v1_20260615,approved_daily_operation_guidance,active_operation,False,positive_evidence_oos_rank_v1,以目前 repo 可用歷史資料批准放量攻擊 v1 操作建議。後續固定 research/backtest 可用新版 approval_version 調整參數與條件。,由已發布模型快照與價格資料重建 D0-D10 操作狀態。,2026-07-01 21:38:58 Asia/Taipei
