signal_date,report_line,model_id,model_name_zh,model_registry_order,model_group_zh,model_description_zh,new_signal_stock_display,new_stock_display,new_stock_id,new_stock_name,new_signal_model_score,new_model_score,new_signal_rank_label_zh,new_rank_label,display_rank_new_signal,model_rank_new_signal,new_model_rank_new_signal,repeated_signal_stock_display,repeated_stock_display,repeated_stock_id,repeated_stock_name,repeated_signal_model_score,repeated_model_score,repeated_signal_rank_label_zh,repeated_rank_label,display_rank_repeated_signal,model_rank_repeated_signal,repeated_model_rank_repeated_signal,operation_reminder_zh
20260827,mainstream,volume_range_breakout_v2_low_position_volume_attack,低位放量攻擊,1,突破,訊號日收盤突破前60日高點，且120日位階<=40；盤整、非盤整、寬幅震盪三種形態皆可進入候選。,4927 泰鼎-KY,4927 泰鼎-KY,4927,泰鼎-KY,100,100,新進榜 #1,新進榜 #1,1,1,1,今日無候選,今日無候選,,,-,-,-,-,-,-,-,等待隔日續攻 close-only 確認；確認後下一交易日開盤買入，MA20/EMA23 4日收盤停損，否則D+15收盤出場。
20260827,mainstream,volume_range_breakout_v2_mid_position_momentum_attack,中位動能放量攻擊,2,突破,訊號日收盤突破前60日高點，且120日位階>40且<=75；形態只收非盤整或寬幅震盪。,2313 華通,2313 華通,2313,華通,100,100,新進榜 #1,新進榜 #1,1,1,1,6278 台表科,6278 台表科,6278,台表科,79.3,79.3,連續榜 #1,連續榜 #1,1,1,1,等待隔日續攻 close-only 確認；確認後下一交易日開盤買入，MA20/EMA23 4日收盤停損，否則D+15收盤出場。
20260827,mainstream,volume_range_breakout_v2_high_position_volume_attack,高位階放量攻擊,3,突破,訊號日收盤突破前60日高點，120日位階為高位 high_pos_gt75，型態僅收 non_consolidation 或 wide_range，且訊號日 MA60 > MA120。,6933 AMAX-KY,6933 AMAX-KY,6933,AMAX-KY,96,96,新進榜 #1,新進榜 #1,1,1,1,6141 柏承,6141 柏承,6141,柏承,78,78,連續榜 #1,連續榜 #1,1,1,1,等待隔日續攻 close-only 確認；確認後下一交易日開盤買入，收盤連續4天低於 MA20/EMA23 較低者 4% 隔日開盤停損，否則 D+15 收盤出場。
20260827,mainstream,price_pullback_23ema,23EMA回檔模型,4,回檔,買入：本表股票為23EMA回檔模型通過候選，隔日開盤買入。賣出：收盤突破訊號日前20日高點後，隔日開盤賣出。停損：收盤連續4天低於MA20/EMA23較低者的4%，隔日開盤停損。基礎模型績效：勝率66.03% / 和局5.60% / 敗率28.36% / 平均報酬+2.90%。技術強勢組合績效：勝率75.54% / 和局3.52% / 敗率20.95% / 平均報酬+2.96%。勝：D+20內先觸發收盤突破訊號日前20日高點，且停損未先觸發。和：D+20內沒有賣出或停損，且D+20收盤報酬大於等於0%。敗：停損先觸發，或D+20內沒有賣出/停損但D+20收盤報酬小於0%。,1514 亞力,1514 亞力,1514,亞力,70,70,新進榜 #1,新進榜 #1,1,1,1,2353 宏碁,2353 宏碁,2353,宏碁,70,70,連續榜 #1,連續榜 #1,1,1,1,回檔模型不要求先突破；若跌破23EMA或支撐且無法快速收回，需降低風險。
20260827,mainstream,hot_theme_pullback,熱門族群回檔模型,5,回檔,必須有熱門族群標籤，且股價回到23EMA或合理支撐區附近；不以營收作為必要條件。,4958 臻鼎-KY,4958 臻鼎-KY,4958,臻鼎-KY,94,94,新進榜 #1,新進榜 #1,1,1,1,3706 神達,3706 神達,3706,神達,84,84,連續榜 #1,連續榜 #1,1,1,1,熱門族群回檔以族群標籤與23EMA附近支撐為主；若族群退潮或跌破支撐需降風險。
20260827,mainstream,revenue_unreacted_range,營收爆發但股價尚未反應模型,6,基本面,營收YoY或累計YoY強，且股價仍位於23日盤整區間內；區間用近期最高/最低價加緩衝判斷。,1618 合機,1618 合機,1618,合機,78.7,78.7,新進榜 #1,新進榜 #1,1,1,1,2356 英業達,2356 英業達,2356,英業達,84,84,連續榜 #1,連續榜 #1,1,1,1,用於找月營收已改善但市場尚未完全反應的股票；後續只觀察平台突破、量價與核准非財務事件，季／年財報維持獨立。
20260827,mainstream,w_bottom_right_side,W底右側模型,7,型態,W底右側初步成立，右側低點墊高，兩側低點高度不能差距過大；左低右高且已創高者不應歸入此模型。,今日無候選,今日無候選,,,-,-,-,-,-,-,-,今日無候選,今日無候選,,,-,-,-,-,-,-,-,-
20260827,mainstream,neckline_volume_breakout_confirmation,W底頸線帶量突破確認模型,8,突破,W底頸線帶量突破確認：股價收盤站上偵測到的W底頸線，並通過量能確認或漲停確認；第二段圓弧均量必須高於第一段基準。,今日無候選,今日無候選,,,-,-,-,-,-,-,-,今日無候選,今日無候選,,,-,-,-,-,-,-,-,-
20260827,mainstream,pullback_short_reclaim,回檔後短線轉強模型,9,短線,前面有漲勢，回檔未破結構，且重新站回23EMA。,6227 茂綸,6227 茂綸,6227,茂綸,68.6,68.6,新進榜 #1,新進榜 #1,1,1,1,2354 鴻準,2354 鴻準,2354,鴻準,69.5,69.5,連續榜 #1,連續榜 #1,1,1,1,後續看23EMA是否守住與再攻量價是否延續；若跌回23EMA下方且站不回，應降低風險。
20260827,mainstream,tdcc_stealth_accumulation,TDCC潛伏吸籌模型,10,籌碼,TDCC連續增加，股價尚未大漲，且位於近期盤整區間或尚未完全反應；以tdcc_leading_price為主要狀態。,今日無候選,今日無候選,,,-,-,-,-,-,-,-,今日無候選,今日無候選,,,-,-,-,-,-,-,-,-
20260827,mainstream,tdcc_short_term_continuation_d5_d10,TDCC短線延續模型 D+5/D+10,11,籌碼,all_thresholds_overheated或phase_overheated_after_tdcc，搭配MACD/KD/Bollinger與1W/2W漲幅條件。,今日無候選,今日無候選,,,-,-,-,-,-,-,-,3234 光環,3234 光環,3234,光環,81.7,81.7,連續榜 #1,連續榜 #1,1,1,1,以訊號日隔天開盤為進場假設，後續依D+5 / D+10統計結果與價格轉弱條件管理。
20260827,non_mainstream,volume_range_breakout_v2_low_position_volume_attack,低位放量攻擊,1,突破,訊號日收盤突破前60日高點，且120日位階<=40；盤整、非盤整、寬幅震盪三種形態皆可進入候選。,今日無候選,今日無候選,,,-,-,-,-,-,-,-,3629 地心引力,3629 地心引力,3629,地心引力,100,100,連續榜 #1,連續榜 #1,1,1,1,等待隔日續攻 close-only 確認；確認後下一交易日開盤買入，MA20/EMA23 4日收盤停損，否則D+15收盤出場。
20260827,non_mainstream,volume_range_breakout_v2_mid_position_momentum_attack,中位動能放量攻擊,2,突破,訊號日收盤突破前60日高點，且120日位階>40且<=75；形態只收非盤整或寬幅震盪。,今日無候選,今日無候選,,,-,-,-,-,-,-,-,今日無候選,今日無候選,,,-,-,-,-,-,-,-,-
20260827,non_mainstream,volume_range_breakout_v2_high_position_volume_attack,高位階放量攻擊,3,突破,訊號日收盤突破前60日高點，120日位階為高位 high_pos_gt75，型態僅收 non_consolidation 或 wide_range，且訊號日 MA60 > MA120。,今日無候選,今日無候選,,,-,-,-,-,-,-,-,今日無候選,今日無候選,,,-,-,-,-,-,-,-,-
20260827,non_mainstream,price_pullback_23ema,23EMA回檔模型,4,回檔,買入：本表股票為23EMA回檔模型通過候選，隔日開盤買入。賣出：收盤突破訊號日前20日高點後，隔日開盤賣出。停損：收盤連續4天低於MA20/EMA23較低者的4%，隔日開盤停損。基礎模型績效：勝率66.03% / 和局5.60% / 敗率28.36% / 平均報酬+2.90%。技術強勢組合績效：勝率75.54% / 和局3.52% / 敗率20.95% / 平均報酬+2.96%。勝：D+20內先觸發收盤突破訊號日前20日高點，且停損未先觸發。和：D+20內沒有賣出或停損，且D+20收盤報酬大於等於0%。敗：停損先觸發，或D+20內沒有賣出/停損但D+20收盤報酬小於0%。,1216 統一,1216 統一,1216,統一,70,70,新進榜 #1,新進榜 #1,1,1,1,8422 可寧衛*,8422 可寧衛*,8422,可寧衛*,70,70,連續榜 #1,連續榜 #1,1,1,1,回檔模型不要求先突破；若跌破23EMA或支撐且無法快速收回，需降低風險。
20260827,non_mainstream,hot_theme_pullback,熱門族群回檔模型,5,回檔,必須有熱門族群標籤，且股價回到23EMA或合理支撐區附近；不以營收作為必要條件。,3305 昇貿,3305 昇貿,3305,昇貿,94.2,94.2,新進榜 #1,新進榜 #1,1,1,1,3048 益登,3048 益登,3048,益登,84,84,連續榜 #1,連續榜 #1,1,1,1,熱門族群回檔以族群標籤與23EMA附近支撐為主；若族群退潮或跌破支撐需降風險。
20260827,non_mainstream,revenue_unreacted_range,營收爆發但股價尚未反應模型,6,基本面,營收YoY或累計YoY強，且股價仍位於23日盤整區間內；區間用近期最高/最低價加緩衝判斷。,2442 新美齊,2442 新美齊,2442,新美齊,84,84,新進榜 #1,新進榜 #1,1,1,1,2646 星宇航空,2646 星宇航空,2646,星宇航空,78,78,連續榜 #1,連續榜 #1,1,1,1,用於找月營收已改善但市場尚未完全反應的股票；後續只觀察平台突破、量價與核准非財務事件，季／年財報維持獨立。
20260827,non_mainstream,w_bottom_right_side,W底右側模型,7,型態,W底右側初步成立，右側低點墊高，兩側低點高度不能差距過大；左低右高且已創高者不應歸入此模型。,2101 南港,2101 南港,2101,南港,64,64,新進榜 #1,新進榜 #1,1,1,1,今日無候選,今日無候選,,,-,-,-,-,-,-,-,後續看頸線突破與右側量價品質；跌回右側低點或頸線攻擊失敗則降級。
20260827,non_mainstream,neckline_volume_breakout_confirmation,W底頸線帶量突破確認模型,8,突破,W底頸線帶量突破確認：股價收盤站上偵測到的W底頸線，並通過量能確認或漲停確認；第二段圓弧均量必須高於第一段基準。,今日無候選,今日無候選,,,-,-,-,-,-,-,-,今日無候選,今日無候選,,,-,-,-,-,-,-,-,-
20260827,non_mainstream,pullback_short_reclaim,回檔後短線轉強模型,9,短線,前面有漲勢，回檔未破結構，且重新站回23EMA。,8937 合騏*,8937 合騏*,8937,合騏*,71,71,新進榜 #1,新進榜 #1,1,1,1,1409 新纖,1409 新纖,1409,新纖,63.5,63.5,連續榜 #1,連續榜 #1,1,1,1,後續看23EMA是否守住與再攻量價是否延續；若跌回23EMA下方且站不回，應降低風險。
20260827,non_mainstream,tdcc_stealth_accumulation,TDCC潛伏吸籌模型,10,籌碼,TDCC連續增加，股價尚未大漲，且位於近期盤整區間或尚未完全反應；以tdcc_leading_price為主要狀態。,今日無候選,今日無候選,,,-,-,-,-,-,-,-,今日無候選,今日無候選,,,-,-,-,-,-,-,-,-
20260827,non_mainstream,tdcc_short_term_continuation_d5_d10,TDCC短線延續模型 D+5/D+10,11,籌碼,all_thresholds_overheated或phase_overheated_after_tdcc，搭配MACD/KD/Bollinger與1W/2W漲幅條件。,今日無候選,今日無候選,,,-,-,-,-,-,-,-,2611 志信,2611 志信,2611,志信,80.7,80.7,連續榜 #1,連續榜 #1,1,1,1,以訊號日隔天開盤為進場假設，後續依D+5 / D+10統計結果與價格轉弱條件管理。
